ingredient_id,inci_name
ing00000,+/- [ci 77891 / titanium dioxide
ing00001,1
ing00002,1-2-hexanediol
ing00003,1-methylhydantoin-2-imide
ing00004,10 –decanediol
ing00005,10-decanediol
ing00006,10-hydroxydecanoic acid
ing00007,100% dead sea salt
ing00008,100% pure squalane oil
ing00009,2
ing00010,2 hexanediol
ing00011,2 hexanediol & sodium hyaluronate & aqua
ing00012,2- hexanediol
ing00013,2-bromo-2-nitropropane-1
ing00014,2-dimethylhydrocinnamal
ing00015,2-hexanediol
ing00016,2-hexanediol. caprylic/capric glycerides. caprylyl glycol. carbomer. disodium edta. fragrance . phenyl trimethicone. ribes rubrum  fruit extract . rubus idaeus  fruit extract . sodium benzoate. tocopheryl glucoside. tropolone. vaccinium myrtillus fruit extract
ing00017,2-hexanediol. dimethicone. isocetyl stearoyl stearate. triethylhexanoin. caprylic/capric triglyceride. betaine. methyl gluceth-20. polyglyceryl-10 myristate. acrylates/c10-30 alkyl acrylate crosspolymer. bht. bis-peg-18 methyl ether dimethyl silane. c12-20 alkyl glucoside. c14-22 alcohols. carbomer. citric acid. cucurbita pepo  seed oil . fragrance . phytosterols. potassium hydroxide. sodium citrate. sodium dextran sulfate. sodium hyaluronate. squalane. tocopheryl glucoside. water 
ing00018,2-oleamido-1
ing00019,3-diol
ing00020,3-o-ethyl ascorbic acid
ing00021,3-octadecanediol
ing00022,4-dicarboxylate
ing00023,4-t-butylcyclohexanol
ing00024,6-dimethyl-7-octen-2-ol
ing00025,6-naphthalate
ing00026,7-dehydrocholesterol
ing00027,[+/- iron oxides
ing00028,abies alba leaf oil
ing00029,abies balsamea extract
ing00030,abies sibirica oil
ing00031,acacia concinna fruit extract
ing00032,acacia decurrens  flower cera
ing00033,acacia decurrens  flower wax
ing00034,acacia decurrens absolute
ing00035,acacia decurrens flower cera
ing00036,acacia decurrens flower extract
ing00037,acacia decurrens flower wax
ing00038,acacia senegal gum
ing00039,acacia senegal gum extract
ing00040,acacia seyal gum extract
ing00041,acai fruit oil
ing00042,acer saccharinum  extract & citrus aurantium dulcis  fruit extract & citrus medica limonum  fruit extract & saccharum officinarum  extract & vaccinium myrtillus  leaf extract & aqua
ing00043,acer saccharum
ing00044,acer saccharum  extract
ing00045,acer saccharum  sap extract
ing00046,acer saccharinum  extract
ing00047,acetate
ing00048,acetone
ing00049,acetum
ing00050,acetyl carnitine hcl
ing00051,acetyl carnitine hel
ing00052,acetyl dipeptide-1 cetyl
ing00053,acetyl dipeptide-1 cetyl ester
ing00054,acetyl farnesylcysteine
ing00055,acetyl glucosamine
ing00056,acetyl glutamine
ing00057,acetyl hexapeptide-1
ing00058,acetyl hexapeptide-37
ing00059,acetyl hexapeptide-49
ing00060,acetyl hexapeptide-8
ing00061,acetyl hexapeptide-8 palmitoyl oligopeptide
ing00062,acetyl hydroxyproline
ing00063,acetyl octapeptide-3
ing00064,acetyl pentapeptide
ing00065,acetyl tetrapeptide-15
ing00066,acetyl tetrapeptide-2
ing00067,acetyl tetrapeptide-3
ing00068,acetyl tetrapeptide-40
ing00069,acetyl tetrapeptide-5
ing00070,acetyl tetrapeptide-9
ing00071,acetyl tributyl citrate
ing00072,acetyl trifluoromethylphenyl valylglycine
ing00073,acetyl tripeptide-30
ing00074,acetyl tyrosine
ing00075,acetylarginyltryptophyl diphenylglycine
ing00076,acetylated glycol stearate
ing00077,acetyl heptapeptide-4
ing00078,achillea millefolium  flower extract
ing00079,achillea millefolium  leaf oil
ing00080,achillea millefolium extract
ing00081,achillea millefolium  leaf oil
ing00082,acorus calamus  root extract
ing00083,acrylamide / sodium acryloyldimethyltaurate copolymer
ing00084,acrylamide/sodium
ing00085,acrylamide/sodium acryloyldimethyl taurate copolymer
ing00086,acrylamide/sodium acryloyldimethyltaurate copolymer
ing00087,acrylate crosspolymer
ing00088,acrylate/acrylic acid copolymer
ing00089,acrylates /c10-30 alkyl acrylate crosspolymer
ing00090,acrylates copolymer
ing00091,acrylates crosspolymer-4
ing00092,acrylates/ c10-30 alkyl acrylate crosspolymer
ing00093,acrylates/ammonium methacrylate copolymer
ing00094,acrylates/beheneth-25 methacrylate copolymer
ing00095,acrylates/c1-3 alkyl acrylate crosspolymer
ing00096,acrylates/c10-20 alkyl acrylate crosspolymer
ing00097,acrylates/c10-30 alkyl
ing00098,acrylates/c10-30 alkyl acrylate
ing00099,acrylates/c10-30 alkyl acrylate crosspolymer
ing00100,acrylates/c10-30 alkyl acrylate crosspolymerm
ing00101,acrylates/c10-30 alkyl acrylate crosspolymer
ing00102,acrylates/c10-30 alkylacrylate crosspolymer
ing00103,acrylates/c10-30 alkyl acrylate crosspolymer
ing00104,acrylates/c10-30 alyl acrylate crosspolymer
ing00105,acrylates/c12-22 alkyl methacrylate copolymer
ing00106,acrylates/octylacrylamide copolymer
ing00107,acrylates/polytrimethylsiloxymethacrylate copolymer
ing00108,acrylates/steareth-20 methacrylate crosspolymer
ing00109,acrylates/vinyl isodecanoate crosspolymer
ing00110,acrylates/ palmeth-25 acrylate copolymer
ing00111,acrylic acid/vp crosspolymer
ing00112,acryloyldimethyl taurate copolymer
ing00113,actinidia chinensis  fruit extract
ing00114,actinidia chinensis seed / kiwi seed
ing00115,activated charcoal extract
ing00116,adansonia digitata  fruit extract
ing00117,adansonia digitata  seed oil
ing00118,adansonia digitata fruit extract
ing00119,adansonia digitata seed oil
ing00120,adansonia digitata fruit extract
ing00121,adenosine
ing00122,adenosine phosphate
ing00123,adesmia boronoides flower / leaf / stem oil
ing00124,adipic acid/neopentyl glycol/trimellitic anhydride copolymer
ing00125,aesculus hippocastanum  extract
ing00126,aesculus hippocastanum  seed extract
ing00127,agar
ing00128,agastache mexicana flower/leaf/stem extract
ing00129,aglae extract
ing00130,ahnfeltia concinna extract
ing00131,al- pha-isomethyl ionone
ing00132,alanine
ing00133,alanine & creatine & glycerin & glycine & magnesium aspartate & saccharide hydrolysate & urea
ing00134,alaria esculenta  extract
ing00135,alaria esculenta extract
ing00136,albatrellus ovinus extract
ing00137,albizia julibrissin  bark extract
ing00138,albizia julibrissin bark extract
ing00139,alcaligenes polysaccharides
ing00140,alchemilla vulgaris  extract
ing00141,alchemilla vulgaris  leaf extract
ing00142,alchemilla vulgaris extract
ing00143,alcloxa
ing00144,alcohol
ing00145,alcohol cetylicus
ing00146,alcohol denat
ing00147,alcohol denat. rosa damascena flower water
ing00148,alcohol denatured
ing00149,alcohol stearylicus
ing00150,aleurites molucana seed oil
ing00151,aleurites moluccana  seed oil
ing00152,aleurites moluccanus seed oil
ing00153,aleuritic acid
ing00154,algae
ing00155,algae extract
ing00156,algin
ing00157,alkyl benzoate
ing00158,alkyl octanoate
ing00159,allantoin
ing00160,almond oil peg-8 esters
ing00161,almond/borage/linseed/olive acids/glycerides
ing00162,alochol denat
ing00163,aloe
ing00164,aloe arborescens leaf extract
ing00165,aloe babedensis lead juice
ing00166,aloe barbadenis extract
ing00167,aloe barbadensis  leaf extract
ing00168,aloe barbadensis  leaf gel
ing00169,aloe barbadensis  leaf juice
ing00170,aloe barbadensis  leaf juice powder
ing00171,aloe barbadensis extract
ing00172,aloe barbadensis leaf
ing00173,aloe barbadensis leaf  juice
ing00174,aloe barbadensis leaf  juice powder
ing00175,aloe barbadensis leaf extract
ing00176,aloe barbadensis leaf juice
ing00177,aloe barbadensis leaf juice powder
ing00178,aloe barbadensis leaf juice+
ing00179,aloe barbadensis leaf juice/maltodextrin
ing00180,aloe barbadensis leaf juices
ing00181,aloe barbadensis leaf juice powder
ing00182,aloe barbadensis leaf water
ing00183,aloe barbadensis leaf juice powder
ing00184,aloe barbadensis. 1
ing00185,aloe barbadensis  leaf juice
ing00186,aloe barbadensis leaf extract
ing00187,aloe vera
ing00188,aloe vera leaf juice
ing00189,aloe barbadensis leaf extract & propylene glycol
ing00190,alpha-arbutin
ing00191,alpha-cedrene
ing00192,alpha-glucan oligosaccharide
ing00193,alpha-glucan oligosaccharide bisabolol
ing00194,alpha-isomethyl ionane
ing00195,alpha-isomethyl ionone
ing00196,alphaisomethyl ionone
ing00197,alphasomethyl ionone
ing00198,alpinia galanga leaf extract
ing00199,alteromanas ferment extract
ing00200,alteromon ferment filtrate
ing00201,alteromonas ferment extract
ing00202,alteromonas ferment filtrate
ing00203,althaea officinalis  extract
ing00204,althaea officinalis root extract
ing00205,althaea rosea root extract
ing00206,althea officinalis  root extract
ing00207,alumina
ing00208,aluminium hydroxide
ing00209,aluminium starch
ing00210,aluminium starch octenylsuccinate
ing00211,aluminium stearate
ing00212,aluminum chlorohydrate
ing00213,aluminum hydroxide
ing00214,aluminum oxide
ing00215,aluminum starch octenylsuccinate
ing00216,aluminum stearate
ing00217,amaranthus caudatus  seed extract
ing00218,amaranthus caudatus seed extract
ing00219,amber powder
ing00220,amelanchier alnifolia  fruit extract
ing00221,amethyst
ing00222,amethyst extract
ing00223,amino esters-1
ing00224,aminobutyric acid
ing00225,aminoethanesulfinic acid
ing00226,aminomethyl propanediol
ing00227,aminomethyl propanol
ing00228,aminopropanediol esters
ing00229,aminopropyl ascorbyl phosphate
ing00230,aminopropyl dimethicone
ing00231,ammonium
ing00232,ammonium acryloyldimethyl taurate/vp copolymer
ing00233,ammonium acryloyldimethyltaurate / vp copolymer
ing00234,ammonium acryloyldimethyltaurate/ vp copolymer
ing00235,ammonium acryloyldimethyltaurate/beheneth-25 methacrylate crosspolymer
ing00236,ammonium acryloyldimethyltaurate/vp
ing00237,ammonium acryloyldimethyltaurate/vp copolymer
ing00238,ammonium cryloyldimethyltaurate/vp copolymer
ing00239,ammonium glycyrrhizate
ing00240,ammonium glycyrrhizinate
ing00241,ammonium hydroxide
ing00242,ammonium lactate
ing00243,ammonium lauryl sulfate
ing00244,ammonium polyacrydimethyltauramide
ing00245,ammonium polyacrykdimethyltauramide/ammonium polyacryloyldimethyl taurate
ing00246,ammonium polyacryldimethyltauramide
ing00247,ammonium polyacryldimethyltauramide / ammonium polyacryloyldimethyl taurate
ing00248,ammonium polyacryldimethyltauramide / ammonium polyacryloyldimethyltaurate
ing00249,ammonium polyacryldimethyltauramide /ammonium polyacryloyldimethyl taurate
ing00250,ammonium polyacryldimethyltauramide/ammonium polyacryldimiethyl taurate
ing00251,ammonium polyacryldimethyltauramide/ammonium polyacryloyldimethyl taurate
ing00252,ammonium polyacryldimethyltauramide/ammonium polyacryloyldmethyl taurate
ing00253,ammonium polyacryloyldimethyl taurate
ing00254,amodimethicone
ing00255,amorphophallus konjac root extract
ing00256,amorphophallus konjac root powder
ing00257,amyl cinnamal
ing00258,amylopectin
ing00259,amyris balsamifera bark oil
ing00260,amyris balsamifera bark oil
ing00261,ananas sativas fruit extract
ing00262,ananas sativus  fruit extract
ing00263,ananas sativus fruit extract / pineapple fruit extract
ing00264,ananas sativus fruit extract / pineapple fruit extract
ing00265,ananas sativus  extract
ing00266,and annatto 
ing00267,and helianthus annuus  seed oil
ing00268,and retinyl palmitate
ing00269,andrographis paniculata leaf extract
ing00270,andropogon zizanioides  oil
ing00271,angelica archangelica root oil
ing00272,angelica gigas root extract
ing00273,angustifolium flower oil
ing00274,anhydroxylitol
ing00275,aniba rosaeodora  wood extract
ing00276,aniba rosaeodora  wood oil
ing00277,aniba rosaeodorata  wood oil
ing00278,anise alcohol
ing00279,annuus seed oil / sunflower seed oil
ing00280,anogeissus leiocarpus bark extract
ing00281,anogeissus leocarpus bark extract
ing00282,anthemis nobilis
ing00283,anthemis nobilis  extract
ing00284,anthemis nobilis  flower extract
ing00285,anthemis nobilis  flower oil
ing00286,anthemis nobilis  flower water
ing00287,anthemis nobilis  oil
ing00288,anthemis nobilis flower  extract
ing00289,anthemis nobilis flower extract
ing00290,anthemis nobilis flower oil
ing00291,anthemis nobilis flower water
ing00292,anthemis nobilis  flower oil
ing00293,anthemis nobilis flower oil
ing00294,anthemis nobilis flower oil
ing00295,anthyllis vulneraria extract
ing00296,apium graveolens  seed extract
ing00297,apple
ing00298,apricot kernel oil polyglyceryl-10 esters
ing00299,apricot kernel oil polyglyceryl-6 esters
ing00300,aqua / water
ing00301,aqua / water / eau
ing00302,aqua ; alcohol; althaea officinalis  root extract; rosa gallica  flower extract; peg-7 glyceryl cocoate; fragrance ; sodium hydroxymethylglycinate; lactic acid; polysorbate-20; citrus grandis  seed extract; aloe barbadensis leaf extract; geraniol; linalool; citronellol; eugenol; benzyl benzoate
ing00303,aqua ; glycerin; polyglyceryl-10 laurate; calendula officinalis flower extract; echinacea purpurea extract; chamomilla recutita  flower extract; prunella vulgaris leaf extract; spilanthes acmella flower extract; althaea officinalis root extract; hydrolyzed linseed extract; aloe barbadensis leaf extract; camellia sinensis leaf extract; crithmum maritimum extract; caprylic/capric triglyceride; anthemis nobilis flower extract; cucumis sativus  fruit extract; citrus grandis  seed extract; phenoxyethanol; ethylhexylglycerin; sodium dehydroacetate; sodium benzoate
ing00304,aqua. paraffinum liquidum. stearic acid. glyceryl stearate. triethanolamine. cera alba. cetyl palmitate. butyrospermum parkii. steareth-10. polyacrylamide c13-14 isoparaffin
ing00305,aqua/ water/ eau
ing00306,aqua/water/eau
ing00307,aqua; helianthus annuus seed oil; glycerin; caprylic/capric triglyceride; bakuchiol; butylene glycol; dimethyl sulfone; boerhavia diffusa root extract; lupinus albus seed extract; chondrus crispus extract; crithmum maritimum callus culture filtrate; crithmum maritimum extract; malus domestica fruit cell culture extract; sodium hyaluronate; opuntia ficus-indica stem dry matter; retinyl palmitate; rosa damascena flower oil; disodium edta; glucose; glyceryl linoleate; glyceryl linolenate; inulin lauryl carbamate; lecithin; sodium ascorbyl phosphate; sodium lactate; sodium pca; sorbitol; tocopherol; tocopheryl acetate; xanthan gum; caprylyl glycol; ethylhexylglycerin; phenethyl alcohol; phenoxyethanol; citronellol; geraniol; linalool
ing00308,arabidopsis thaliana extract
ing00309,arachidyl alcohol
ing00310,arachidyl glucoside
ing00311,arachidyl propionate
ing00312,arachidyl alcohol
ing00313,arachis hypogaea  oil
ing00314,arbutin
ing00315,arctium lappa root  extract
ing00316,arctium lappa root extract
ing00317,arctium majus root extract
ing00318,arctostaphylos uva ursi leaf extract
ing00319,argan shells
ing00320,argania spinosa  kernel extract
ing00321,argania spinosa  kernel oil
ing00322,argania spinosa kernel  oil
ing00323,argania spinosa kernel extract
ing00324,argania spinosa kernel oil
ing00325,argania spinosa oil / argania spinosa kernel oil
ing00326,argania spinosa shell powder
ing00327,argania spinose kernel oil
ing00328,argania spinosa kernel oil
ing00329,argilla / magnesium aluminum silicate
ing00330,arginine
ing00331,arginine cocoate
ing00332,arginine pca
ing00333,arginine/lysine polypeptide
ing00334,argnine
ing00335,arnica montana  extract
ing00336,arnica montana extract
ing00337,arnica montana flower extract
ing00338,arnica montana flower; lecithin
ing00339,aroma
ing00340,aroma/flavor
ing00341,artemesia vulgaris oil
ing00342,artemia extract
ing00343,artemisia herba-alba oil
ing00344,artemisia princeps leaf
ing00345,artemisia vulgaris extract
ing00346,artemisia vulgaris oil
ing00347,ascophyllum nodosum  extract
ing00348,ascophyllum nodosum extract
ing00349,ascorbic acid
ing00350,ascorbic acid polypeptide
ing00351,ascorbic acid
ing00352,ascorbyl
ing00353,ascorbyl glucoside
ing00354,ascorbyl methylsilanol pectinate
ing00355,ascorbyl palmitate
ing00356,ascorbyl tetraisopalmitate
ing00357,ascorbyl tocopheryl maleate
ing00358,asgarogopsis armata extract
ing00359,asiatic acid
ing00360,asiaticoside
ing00361,aspalathus linearis  leaf extract
ing00362,aspalathus linearis leaf extract
ing00363,asparagine
ing00364,asparagopsis armata  extract
ing00365,asparagopsis armata extract
ing00366,aspartate
ing00367,aspartic acid
ing00368,aster maritima / tripolium extract
ing00369,aster maritima extract
ing00370,aster maritima/ tripolium extract
ing00371,aster tripolium extract
ing00372,asteriscus graveolens  flower extract
ing00373,astrocaryum murumuru seed butter
ing00374,atelocollagen
ing00375,avandula angustifolia  oil
ing00376,avena
ing00377,avena sativa  bran
ing00378,avena sativa  bran extract
ing00379,avena sativa  kernel extract
ing00380,avena sativa  kernel flour
ing00381,avena sativa  kernel meal extract
ing00382,avena sativa  kernel oil
ing00383,avena sativa  meal extract
ing00384,avena sativa extract
ing00385,avena sativa kernel  extract
ing00386,avena sativa kernel  flour
ing00387,avena sativa kernel  oil
ing00388,avena sativa kernel extract
ing00389,avena sativa kernel flour
ing00390,avena strigosa seed extract
ing00391,avene thermal spring water
ing00392,avene thermal spring water . butyrospermum parkii  butter . glycerin. octyldodecanol. mineral oil . cetearyl alcohol. dimethicone. isododecane. methyl gluceth-20. pentylene glycol. water . silica. cetyl esters. cetearyl glucoside. glyceryl stearate. peg-100 stearate. benzoic acid. caprylic/capric triglyceride. ethylhexylglycerin. fragrance . hydrogenated starch hydrolysate. polyacrylate-13. polyisobutene. polysorbate 20. ribes rubrum  fruit extract . rubus idaeus  fruit extract . sodium benzoate. sodium hydroxide. sorbitan isostearate. tocopherol. tocopheryl glucoside. vaccinium myrtillus fruit extract. xanthan gum
ing00393,avene thermal spring water . fragrance . peg-7 glyceryl cocoate. phenoxyethanol. sorbitol. stearalkonium hectorite. trisodium edta. water 
ing00394,avene thermal spring water . glycerin. pentylene glycol. 1
ing00395,avene thermal spring water . mineral oil . caprylic/capric triglyceride. water . carthamus tinctorius  seed oil . palmitic acid. stearic acid. hydrogenated palm/palm kernel oil peg-6 esters. triethanolamine. glyceryl stearate. microcrystalline wax . peg-100 stearate. propylene glycol. 1
ing00396,avene thermal spring water . mineral oil . propylene glycol. peg-6 stearate. peg-32 stearate. butylparaben. carbomer. fragrance . phenoxyethanol. propylene glycol stearate se. sodium hyaluronate. stearic acid. triethanolamine. trisodium edta
ing00397,avene thermal spring water . water . sodium lauroyl methyl isethionate. zinc coceth sulfate. polysorbate 20. sodium cocoamphoacetate. ceteareth-60 myristyl glycol. peg-40 hydrogenated castor oil. citric acid. disodium edta. fragrance . glyceryl laurate. green 5 . sodium benzoate. sodium hydroxide. yellow 5 . zinc gluconate
ing00398,avocado oil
ing00399,azadirachta indica leaf extract
ing00400,azelaic acid
ing00401,babassu oil glycereth-8 esters
ing00402,bacillus ferment
ing00403,bacillus/sea salt ferment filtrate
ing00404,bacillus/soybean/folic acid ferment
ing00405,backhousia citriodora  leaf oil
ing00406,backhousia citriodora leaf oil
ing00407,baicalin
ing00408,bakuchiol
ing00409,balanites aegyptiaca  fruit extract
ing00410,balanites aegyptiaca fruit extract
ing00411,bambusa arundinacea  stem extract
ing00412,bambusa arundinacea  stem powder
ing00413,bambusa arundinacea stem  powder
ing00414,bambusa arundinacea stem extract
ing00415,bambusa arundinacea stem powder
ing00416,bambusa textilis stem extract
ing00417,bambusa vulgaris  extract
ing00418,bambusa vulgaris extract
ing00419,bambusa vulgaris leaf/stem extract
ing00420,bambusa arundinacea  stem extract
ing00421,barium sulfate
ing00422,barosma betulina leaf extract
ing00423,basil oil
ing00424,batyl alcohol
ing00425,bee pollen
ing00426,bee venom
ing00427,beeswax
ing00428,beeswax/cera alba/cire d'abeille
ing00429,beheneth-10
ing00430,beheneth-20
ing00431,beheneth-25
ing00432,behenic acid
ing00433,behenoxy dimethicone
ing00434,behentrimonium methosulfate
ing00435,behenyl alcohol
ing00436,bellis perennis  flower extract
ing00437,bentonite
ing00438,benzalkonium chloride
ing00439,benzoic acid
ing00440,benzoic acid 1
ing00441,benzonic acid
ing00442,benzophenone-1
ing00443,benzophenone-3
ing00444,benzophenone-4
ing00445,benzyl acetate
ing00446,benzyl alcohol
ing00447,benzyl alcohol 
ing00448,benzyl alcohol mel/honey/miel
ing00449,benzyl alcohol. glycine soja  oil. lavendula angustifiolia  oil
ing00450,benzyl alcohol. linalool
ing00451,benzyl benzoate
ing00452,benzyl cinnamate
ing00453,benzyl glycol
ing00454,benzyl pca
ing00455,benzyl salicylate
ing00456,benzylbenzoate
ing00457,benzyl  salicylate
ing00458,benzyl alcohol
ing00459,benzyl benzoate
ing00460,benzyl salicylate
ing00461,beraclay light red
ing00462,berberis aquifolium extract
ing00463,bergamot  fruit oil
ing00464,bertholletia excelsa seed oil
ing00465,beta vulgaris  root extract
ing00466,beta vulgaris root extract
ing00467,beta-carotene
ing00468,beta-carotene 
ing00469,beta-glucan
ing00470,beta-sitosterol
ing00471,betaine
ing00472,betaine 1
ing00473,betaine glycerin
ing00474,betaine salicylate
ing00475,betula alba  bark extract
ing00476,betula alba  extract
ing00477,betula alba  juice
ing00478,betula alba bark extract
ing00479,betula alba juice
ing00480,betula alba leaf extract
ing00481,bha
ing00482,bht
ing00483,bht. blue 1
ing00484,bidens pilosa extract
ing00485,bifdia ferment lysate
ing00486,bifida ferment lysate
ing00487,bifidus ferment filtrate
ing00488,biosaccharide
ing00489,biosaccharide gum - 1
ing00490,biosaccharide gum-1
ing00491,biosaccharide gum-4
ing00492,biosaccharide gum-4
ing00493,biotin
ing00494,bis-diglyceryl polyacyladipate-2
ing00495,bis-ethoxydiglycol cyclohexane 1
ing00496,bis-ethylhexyloxyphenol methoxyphenyl triazine
ing00497,bis-hydroxyethooxypropyl dimethicone
ing00498,bis-peg-18 mathyl ether dimethyl silane
ing00499,bis-peg-18 methyl ether dimethyl
ing00500,bis-peg-18 methyl ether dimethyl silane
ing00501,bis-peg/ppg-16/16 dimethicone
ing00502,bis-peg/ppg-16/16 peg/ppg-16/16 dimethicone
ing00503,bisabolol
ing00504,bisaccharide gum-2
ing00505,bisethylhexyloxyphenol methoxyphenyl triazine
ing00506,bismuth oxychloride
ing00507,bisobolol
ing00508,bitter orange flower extract
ing00509,bixa orellana seed extract
ing00510,blue 1
ing00511,blue 1 
ing00512,blue 1 / ci 42090
ing00513,blue 1 lake
ing00514,blue chamomile
ing00515,borage oil
ing00516,borage seed oil aminopropanediol amides
ing00517,borago officinalis  seed oil
ing00518,borago officinalis extract
ing00519,borago officinalis seed oil
ing00520,boron nitride
ing00521,boswellia carteri  oil
ing00522,boswellia carterii  oil
ing00523,boswellia carterii gum extract
ing00524,boswellia carterii oil
ing00525,boswellia serrata extract
ing00526,boswellia serrata gum
ing00527,boswellia serrata plant extract
ing00528,boswellia serrata resin extract
ing00529,boswellia sacra resin oil
ing00530,brassica campestris  sterols
ing00531,brassica campestris seed oil
ing00532,brassica napus seed oil
ing00533,brassica napus sprout extract
ing00534,brassica oleracea acephala  leaf extract
ing00535,brassica oleracea acephala leaf extract
ing00536,brassica oleracea italica  seed oil
ing00537,brassica oleracea italica  sprout extract
ing00538,bromelain
ing00539,buglossoides arvensis  seed oil
ing00540,bulnesia sarmientoi wood oil
ing00541,butane
ing00542,butl methoxydibenzoylmethane
ing00543,butlyphenyl
ing00544,butoxydiglycol
ing00545,butyl acetate
ing00546,butyl avocadate
ing00547,butyl methoxydibenzoylmethane
ing00548,butyl paraben
ing00549,butylene
ing00550,butylene glycol
ing00551,butylene glycol & calendula officinalis flower extract & propylene glycol
ing00552,butylene glycol dicaprylate/dicaprate
ing00553,butylene/ethylene/styrene copolymer
ing00554,butyleneglycol
ing00555,butyloctyl salicylate
ing00556,butylparaben
ing00557,butylphenyl
ing00558,butylphenyl methylpropional
ing00559,butylphenyl methypropional
ing00560,butyl methoxydibenzoylmethane
ing00561,butyris lac  powder
ing00562,butyrosper-mum parkii  butter
ing00563,butyrospermum parkii
ing00564,butyrospermum parkii  buter
ing00565,butyrospermum parkii  butter
ing00566,butyrospermum parkii  butter extract
ing00567,butyrospermum parkii  fruit
ing00568,butyrospermum parkii  oil
ing00569,butyrospermum parkii  seedcake extract
ing00570,butyrospermum parkii  unsaponifiables
ing00571,butyrospermum parkii / shea butter
ing00572,butyrospermum parkii butter
ing00573,butyrospermum parkii butter / shea butter
ing00574,butyrospermum parkii butter unsaponifiables
ing00575,butyrospermum parkii butter/butyrospermum parkii  butter
ing00576,butyrospermum parkii butter/shea butter
ing00577,buxus chinensis  oil
ing00578,c10-13 cholesterol/lanosterol esters
ing00579,c10-18 triglycerides
ing00580,c10‐30 cholesterol/lanosterol esters
ing00581,c12-13 alkyl lactate
ing00582,c12-13 pareth -3
ing00583,c12-13 pareth-23
ing00584,c12-13 pareth-3
ing00585,c12-15
ing00586,c12-15 alkyl benzoate
ing00587,c12-15 alkyl ethylhexanoate
ing00588,c12-15 alkyl lactate
ing00589,c12-16 alcohols
ing00590,c12-20 acid peg-8 ester
ing00591,c12-20 alkyl glucoside
ing00592,c12-c15 alkyl benzoate
ing00593,c13-14 isoparaffin
ing00594,c13-15 alkane
ing00595,c13-16 isoparaffin
ing00596,c14-22 alcohols
ing00597,c15-19 alkane
ing00598,c18-36 acid glycol ester
ing00599,c18-36 acid triglyceride
ing00600,c20-22 alcohols
ing00601,c20-22 alkyl phosphate
ing00602,c20-40 acid
ing00603,c20-40 pareth-10
ing00604,c30-45 alkyl cetearyl dimethicone crosspolymer
ing00605,caesalpinia spinosa fruit extract
ing00606,caesalpinia spinosa gum
ing00607,caffein
ing00608,caffeine
ing00609,caffeine [] yeast extract\faex\extrait de levure
ing00610,calcium aluminum borosilicate
ing00611,calcium caseinate
ing00612,calcium chloride
ing00613,calcium gluconate
ing00614,calcium ketogluconate
ing00615,calcium lactate
ing00616,calcium pantetheine sulfonate
ing00617,calcium pantothenate
ing00618,calcium pca
ing00619,calcium sodium borosilicate
ing00620,calcium sulfate
ing00621,calendula extract
ing00622,calendula officinalis  flower
ing00623,calendula officinalis  flower extract
ing00624,calendula officinalis  flower oil
ing00625,calendula officinalis extract
ing00626,calendula officinalis flower extract
ing00627,callitris columellaris leaf/wood extract
ing00628,calophyllum inophyllum  seed oil
ing00629,calophyllum tacamahaca  seed oil
ing00630,calotropis procera  callus extract
ing00631,camelia sinensis leaf
ing00632,camelia sinensis leaf  extract
ing00633,camelia sinensis leaf extract
ing00634,camelina sativa  seed oil
ing00635,camelina sativa oil
ing00636,camelina sativa seed oil
ing00637,camellia
ing00638,camellia japonica flower extract
ing00639,camellia japonica seed oil
ing00640,camellia kissi seed oil
ing00641,camellia oleifera  seed oil
ing00642,camellia oleifera leaf
ing00643,camellia oleifera leaf extract
ing00644,camellia oleifera seed oil
ing00645,camellia senensis leaf extract
ing00646,camellia sinensis  leaf extract
ing00647,camellia sinensis leaf
ing00648,camellia sinensis leaf extract
ing00649,camellia sinensis leaf water
ing00650,camellia sinensis seed oil
ing00651,camellia sinensis leaf extract
ing00652,camellia sinesis leaf extract
ing00653,camellia sinensis leaf extract
ing00654,camomile
ing00655,camomilla recutita  flower extract
ing00656,camphor
ing00657,cananga odorata
ing00658,cananga odorata  flower oil
ing00659,cananga odorata  oil
ing00660,cananga odorata flower oil
ing00661,cananga odorata  flower oil
ing00662,canangaodoratafloweroil
ing00663,candelilla cera
ing00664,candelilla cera/candelilla wax/lire de candelilla
ing00665,candelilla/jojoba/rice bran polyglyceryl-3 esters
ing00666,candida bombicola/glucose/methyl rapeseedate ferment
ing00667,cannabidiol
ing00668,cannabis sativa  extract
ing00669,cannabis sativa oil
ing00670,cannabis sativa seed extract
ing00671,cannabis sativa seed oil
ing00672,canola oil
ing00673,caprate
ing00674,capric/caprylic triglyceride
ing00675,capric/carprylic triglyceride
ing00676,caprilic/capric triglyceride
ing00677,caprooyl tetrapeptide-3
ing00678,capryl glycol
ing00679,capryl/capramidopropyl betaine
ing00680,caprylhydroxamic acid
ing00681,caprylic / capric triglyceride
ing00682,caprylic /capric triglyceride
ing00683,caprylic/ capric triglyceride
ing00684,caprylic/- capric triglyceride
ing00685,caprylic/capric griglyceride
ing00686,caprylic/capric triglyceride
ing00687,caprylic/capric triglycerides
ing00688,caprylic/capric triglycerides & glycerine & aqua & sucrose laurate
ing00689,caprylic/capric/myristic/stearic triglyceride
ing00690,caprylic/capric/stearic triglyceride
ing00691,caprylic/capric/succinic triglyceride
ing00692,caprylic/caprictriglyceride
ing00693,caprylic/capric triglyceride
ing00694,capryloyl
ing00695,capryloyl glycerin/sebacic acid copolymer
ing00696,capryloyl glycine
ing00697,capryloyl salicylic acid
ing00698,capryly glycol
ing00699,caprylyl
ing00700,caprylyl / capryl glucoside
ing00701,caprylyl capryl glucoside
ing00702,caprylyl caprylate/caprate
ing00703,caprylyl glycol
ing00704,caprylyl glycol & chlorphenesin & phenoxyethanol
ing00705,caprylyl glycol. tropolone. parfum
ing00706,caprylyl methicone
ing00707,caprylyl wheat bran/ straw glycosides
ing00708,caprylyl wheat bran/straw glycosides
ing00709,caprylyl/capryl glucoside
ing00710,caprylyl/capryl wheat bran/straw glycosides
ing00711,caprylylglycol
ing00712,caprylyl glycol
ing00713,capsicum annuum extract / capsicum annuum fruit extract
ing00714,capsicum annuum fruit extract
ing00715,caramel
ing00716,carapa guaianensis seed oil
ing00717,carbomer
ing00718,carbomer parfum
ing00719,carbon
ing00720,carboxaldehyde
ing00721,cardiospermum halicacabum flower/leaf/vine extract
ing00722,carica papaya  fruit extract
ing00723,carica papaya  leaf extract
ing00724,carica papaya  seed oil
ing00725,carica papaya fruit extrac
ing00726,carica papaya fruit extract
ing00727,carica papaya  leaf extract
ing00728,carica papaya  fruit extract
ing00729,carica papaya  fruit extract
ing00730,carmellia sinensis lef powder
ing00731,carmine
ing00732,carmine 
ing00733,carnitine hcl
ing00734,carnosine
ing00735,carrageenan
ing00736,carthamus tinctorius  flower extract
ing00737,carthamus tinctorius  seed oil
ing00738,carthamus tinctorius  seed oil
ing00739,carthamus tinctorius seed oil
ing00740,carthamus tinctorius  seed oil
ing00741,carum petroselinum  oil
ing00742,carum petroselinum  seed oil
ing00743,carum petroslinum  seed oil
ing00744,carya ovata bark extract
ing00745,caryodendron orinocense seed oil
ing00746,caryophyllus  bud oil
ing00747,cassia alata leaf extract
ing00748,cassia angustifolia seed polysaccharide
ing00749,castanea sativa  seed extract
ing00750,castor oil
ing00751,caulerpa lentillifera  extract
ing00752,ce- teareth-20
ing00753,ce- tearyl alcohol
ing00754,ceamide ns
ing00755,cedrus atlantic bark  oil
ing00756,cedrus atlantica  bark oil
ing00757,cedrus atlantica  oil
ing00758,cedrus atlantica bark extract
ing00759,cedrus atlantica bark oil
ing00760,cellulose
ing00761,cellulose acetate
ing00762,cellulose gum
ing00763,centaurea cyanus  flower extract
ing00764,centaurea cyanus flower
ing00765,centaurea cyanus flower extract
ing00766,centaurea cyanus flower water
ing00767,centaurea cyanus flower extract
ing00768,centaurium erythraea  extract
ing00769,centella asiatica
ing00770,centella asiatica  extract
ing00771,centella asiatica extract
ing00772,centella asiatica extract
ing00773,centella asiatica extract
ing00774,cera alba
ing00775,cera alba / beeswax
ing00776,cera alba/beeswax
ing00777,cera alba/beeswax/cire d'abeille
ing00778,cera alba/beeswax/cire d’abeille
ing00779,cera microcristallina
ing00780,cera microcristallina / microcrystalline wax
ing00781,ceramde ap
ing00782,ceramide 1
ing00783,ceramide 2
ing00784,ceramide 3
ing00785,ceramide 6 ii
ing00786,ceramide 6-ii
ing00787,ceramide 6-ll
ing00788,ceramide ap
ing00789,ceramide as
ing00790,ceramide eop
ing00791,ceramide ng
ing00792,ceramide np
ing00793,ceramide ns
ing00794,ceramide np
ing00795,ceratonia siliqua  gum
ing00796,ceratonia siliqua gum
ing00797,cerbomer
ing00798,ceresin
ing00799,certified organic rosehip oil
ing00800,ceteareth 20
ing00801,ceteareth-12
ing00802,ceteareth-20
ing00803,ceteareth-20 & cetearyl alcohol
ing00804,ceteareth-20 and cetearyl alcohol
ing00805,ceteareth-25
ing00806,ceteareth-30
ing00807,ceteareth-6
ing00808,cetearyl
ing00809,cetearyl alcohol
ing00810,cetearyl ethylhexanoate
ing00811,cetearyl glucoside
ing00812,cetearyl isononanoate
ing00813,cetearyl methicone
ing00814,cetearyl olivate
ing00815,cetearyl alcohol
ing00816,cetearyl glucoside
ing00817,cetearyl wheat straw glycosides
ing00818,ceteth-20
ing00819,ceteth-24
ing00820,cetostearyl alcohol
ing00821,cetraria islandica thallus extract
ing00822,cetraria islandica thallus extract
ing00823,cetrimonium bromide
ing00824,cetrimonium chloride
ing00825,cetyl acetate
ing00826,cetyl alcohol
ing00827,cetyl diglyceryl tris silylethyl dimethicone
ing00828,cetyl dimethicone
ing00829,cetyl esters
ing00830,cetyl ethylhexanoate
ing00831,cetyl ethythexanoate
ing00832,cetyl hydroxyethylcellulose
ing00833,cetyl lactate
ing00834,cetyl palmitate
ing00835,cetyl peg/ppg-10/1 dimethicone
ing00836,cetyl phosphate
ing00837,cetyl ricinoleate
ing00838,cetyl triethylmonium dimethicone peg-8 succinate
ing00839,cetyle alcohol
ing00840,chamaecyparis obtusa leaf
ing00841,chamaecyparis obtusa leaf extract
ing00842,chamaecyparis obtusa water
ing00843,chamomila recutita flower extract
ing00844,chamomile
ing00845,chamomile extract
ing00846,chamomile leaf extract
ing00847,chamomilia recutita  flower oil
ing00848,chamomilla recutita
ing00849,chamomilla recutita  extract
ing00850,chamomilla recutita  flower extract
ing00851,chamomilla recutita  flower oil
ing00852,chamomilla recutita  flower/leaf extract
ing00853,chamomilla recutita  flower extract
ing00854,chamomilla recutita  oil
ing00855,chamomilla recutita extract
ing00856,chamomilla recutita  flower extract
ing00857,chamomilla recutita  flower extract
ing00858,chamomilla recutita  flower extract
ing00859,chamomilla recutita  oil
ing00860,charcoal powder
ing00861,chickweed
ing00862,chilorella vulgaris extract
ing00863,chitosan
ing00864,chitosan ascorbate
ing00865,chlophenesin
ing00866,chlorella
ing00867,chlorella vulgaris extract
ing00868,chlorella vulgaris/lupinus albus protein ferment
ing00869,chlorhexidine digluconate
ing00870,chlorhexidine dihydrochloride
ing00871,chlorhexidine digluconate
ing00872,chlorophyllin-copper complex
ing00873,chloroxylenol
ing00874,chlorphenesin
ing00875,chlorphenesin phenoxyethanol
ing00876,cholecalciferol
ing00877,cholesterol
ing00878,cholesteryl hydroxystearate
ing00879,cholesteryl nonanoate
ing00880,choleth-24
ing00881,chondrus crispus
ing00882,chondrus crispus  extract
ing00883,chondrus crispus extract
ing00884,chondrus crispus powder
ing00885,chromium hydroxide green
ing00886,chromium hydroxide green 
ing00887,chromium oxide greens
ing00888,chrysanthellum indicum extract
ing00889,chrysanthemum morifolium flower extract
ing00890,chrysanthemum parthenium  extract
ing00891,chrysanthemum zawadskii extract
ing00892,chrysin
ing00893,ci 147 / red 4
ing00894,ci 14700
ing00895,ci 14700 
ing00896,ci 14700 / red 4
ing00897,ci 15510 / orange 4
ing00898,ci 15850
ing00899,ci 15850 / red 6
ing00900,ci 15850 / red 7
ing00901,ci 15985
ing00902,ci 15985 / yellow 6 lake
ing00903,ci 15985/yellow 6 lake
ing00904,ci 16035
ing00905,ci 16035 / red 40
ing00906,ci 17200
ing00907,ci 17200 
ing00908,ci 17200 / red 33
ing00909,ci 19140
ing00910,ci 19140 
ing00911,ci 19140 / yellow 5
ing00912,ci 19140 / yellow 5 lake
ing00913,ci 19140/yellow 5
ing00914,ci 19140/yellows lake
ing00915,ci 28440
ing00916,ci 42044
ing00917,ci 42051
ing00918,ci 42090
ing00919,ci 42090 
ing00920,ci 42090 / blue 1
ing00921,ci 42090 / blue 1 lake
ing00922,ci 42090. propellant: hydrocarbon
ing00923,ci 42090/blue 1
ing00924,ci 42090/blue i lake
ing00925,ci 45380/red 22 lake
ing00926,ci 45410 
ing00927,ci 45410 / red 28 lake]
ing00928,ci 45410/red 28 lake
ing00929,ci 60725
ing00930,ci 60725 / violet 2
ing00931,ci 60730 
ing00932,ci 60730 / ext. violet 2
ing00933,ci 61565 / green 6
ing00934,ci 61570
ing00935,ci 61570 
ing00936,ci 61570 / green 5
ing00937,ci 73360
ing00938,ci 73360 
ing00939,ci 74160
ing00940,ci 75130 / beta-carotene
ing00941,ci 75470 
ing00942,ci 75470 / carmine
ing00943,ci 75470/carmine]
ing00944,ci 75810
ing00945,ci 77000
ing00946,ci 77002 / aluminum hydroxide
ing00947,ci 77007
ing00948,ci 77019
ing00949,ci 77163 / bismuth oxychloride
ing00950,ci 77289
ing00951,ci 77289 
ing00952,ci 77480
ing00953,ci 77489
ing00954,ci 7749/iron oxides
ing00955,ci 77491
ing00956,ci 77491 
ing00957,ci 77491 / iron oxides
ing00958,ci 77491/iron oxides
ing00959,ci 77492
ing00960,ci 77492 
ing00961,ci 77492 / iron oxides
ing00962,ci 77499
ing00963,ci 77499 
ing00964,ci 77499 / iron oxides
ing00965,ci 77499 / iron oxides
ing00966,ci 77499/iron oxides ci 15850/red 7
ing00967,ci 77510 / ferric ferrocyanide
ing00968,ci 77891
ing00969,ci 77891 
ing00970,ci 77891 / titanium dioxide
ing00971,ci 77891/titanium dioxide
ing00972,ci12-15 alkyl benzoate
ing00973,ci42090
ing00974,ci77491
ing00975,ci77492
ing00976,ci77499 / iron oxides
ing00977,ci77891
ing00978,cimicifuga racemosa root extract
ing00979,cimum basilicum  oil
ing00980,cin- namyl alcohol
ing00981,cinnamal
ing00982,cinnamic acid
ing00983,cinnamomum camphora  bark oil
ing00984,cinnamomum camphora  leaf oil
ing00985,cinnamomum camphora  oil
ing00986,cinnamomum camphora  wood oil
ing00987,cinnamomum camphora linalloliferum  leaf oil
ing00988,cinnamomum cassia  bark extract
ing00989,cinnamomum cassia bark extract
ing00990,cinnamomum cassia leaf oil
ing00991,cinnamomum cassia oil
ing00992,cinnamomum zeylanicum leaf oil
ing00993,cinnamyl alcohol
ing00994,cintrellol
ing00995,cistus incanus flower/leaf/stem extract
ing00996,cistus ladaniferus oil
ing00997,cital
ing00998,citral
ing00999,citral benzyl benzoate
ing01000,citral farnesol
ing01001,citric acid
ing01002,citric acid 
ing01003,citric acid b iosaccha r ide gum-1 and polymethylsilsesquioxane
ing01004,citric acid
ing01005,citrine extract
ing01006,citronella
ing01007,citronellol
ing01008,citronellyl methylcrotonate
ing01009,citrulline
ing01010,citrullus lanatus  fruit extract
ing01011,citrullus lanatus  seed oil
ing01012,citrullus lanatus seed oil
ing01013,citrullus vulgaris  fruit extract
ing01014,citrullus vulgaris  seed oil
ing01015,citrus aurantifolia  fruit extract
ing01016,citrus aurantifolia  oil
ing01017,citrus aurantifolia  peel extract
ing01018,citrus aurantifolia  peel oil
ing01019,citrus aurantifolia fruit extract
ing01020,citrus aurantifolia juice
ing01021,citrus aurantifolia oil
ing01022,citrus aurantifolia  oil
ing01023,citrus aurantium
ing01024,citrus aurantium  flower oil
ing01025,citrus aurantium  fruit extract
ing01026,citrus aurantium  oil
ing01027,citrus aurantium amara
ing01028,citrus aurantium amara  flower extract
ing01029,citrus aurantium amara  flower oil
ing01030,citrus aurantium amara  flower water
ing01031,citrus aurantium amara  flower water extract
ing01032,citrus aurantium amara  flower wax
ing01033,citrus aurantium amara  leaf oil
ing01034,citrus aurantium amara  leaf/twig oil
ing01035,citrus aurantium amara  neroli oil
ing01036,citrus aurantium amara  oil
ing01037,citrus aurantium amara  peel extract
ing01038,citrus aurantium amara  peel oil
ing01039,citrus aurantium amara flower oil
ing01040,citrus aurantium amara flower oil / bitter orange flower oil
ing01041,citrus aurantium amara flower oil / bitter orange flower oil anthemis nobilis flower oil
ing01042,citrus aurantium amara flower oil/bitter orange flower oil
ing01043,citrus aurantium amara leaf/twig oil - bitter orange leaf/twig oil
ing01044,citrus aurantium amara water
ing01045,citrus aurantium amara  flower oil
ing01046,citrus aurantium amara  flower oil
ing01047,citrus aurantium amara  leaf/twig oil
ing01048,citrus aurantium bergamia
ing01049,citrus aurantium bergamia  fruit extract
ing01050,citrus aurantium bergamia  fruit oil
ing01051,citrus aurantium bergamia  fruit water
ing01052,citrus aurantium bergamia  fruit oil
ing01053,citrus aurantium bergamia  leaf extract
ing01054,citrus aurantium bergamia  oil
ing01055,citrus aurantium bergamia  peel oil
ing01056,citrus aurantium bergamia fruit oil
ing01057,citrus aurantium bergamia peel oil
ing01058,citrus aurantium bergamia peel oil / bergamot peel oil
ing01059,citrus aurantium bergamia  fruit oil
ing01060,citrus aurantium bergamot fruit oil
ing01061,citrus aurantium dulcis
ing01062,citrus aurantium dulcis  callus culture extract
ing01063,citrus aurantium dulcis  extract
ing01064,citrus aurantium dulcis  flower extract
ing01065,citrus aurantium dulcis  flower oil
ing01066,citrus aurantium dulcis  flower water
ing01067,citrus aurantium dulcis  fruit extract
ing01068,citrus aurantium dulcis  fruit water
ing01069,citrus aurantium dulcis  oil
ing01070,citrus aurantium dulcis  peel cera
ing01071,citrus aurantium dulcis  peel extract
ing01072,citrus aurantium dulcis  peel oil
ing01073,citrus aurantium dulcis  peel oil expressed
ing01074,citrus aurantium dulcis  peel powder
ing01075,citrus aurantium dulcis  peel extract
ing01076,citrus aurantium dulcis  seed oil
ing01077,citrus aurantium dulcis flower oil
ing01078,citrus aurantium dulcis fruit water
ing01079,citrus aurantium dulcis juice / orange juice
ing01080,citrus aurantium dulcis peel oil
ing01081,citrus aurantium dulcis peel oil / orange peel oil
ing01082,citrus aurantium dulcis  fruit water
ing01083,citrus aurantium dulcis  peel oil
ing01084,citrus aurantium amara  leaf/twig oil
ing01085,citrus aurantium amara  peel extract
ing01086,citrus aurantium bergamia  fruit oil
ing01087,citrus bergamia  peel oil
ing01088,citrus grandis
ing01089,citrus grandis  extract
ing01090,citrus grandis  fruit extract
ing01091,citrus grandis  peel extract
ing01092,citrus grandis  peel oil
ing01093,citrus grandis  peel oil citrus nobilis  oil
ing01094,citrus grandis  seed extract
ing01095,citrus grandis  seed oil
ing01096,citrus grandis fruit extract
ing01097,citrus grandis fruit extract / grapefruit fruit extract
ing01098,citrus grandis peel oil
ing01099,citrus junos  fruit extract
ing01100,citrus junos  fruit extract ferment filtrate
ing01101,citrus junos fruit extract
ing01102,citrus limon  fruit extract
ing01103,citrus limon  fruit oil
ing01104,citrus limon  fruit extract
ing01105,citrus limon  peel extract
ing01106,citrus limon  peel oi
ing01107,citrus limon  peel oil
ing01108,citrus limon  peel oil
ing01109,citrus limon fruit extract
ing01110,citrus limon peel oil / lemon peel oil
ing01111,citrus limon peel oil/lemon peel oil
ing01112,citrus limonum  peel oil expressed
ing01113,citrus limon  peel oil
ing01114,citrus medica limonum  extract
ing01115,citrus medica limonum  fruit extract
ing01116,citrus medica limonum  juice
ing01117,citrus medica limonum  peel extract
ing01118,citrus medica limonum  peel oil
ing01119,citrus medica limonum fruit extract
ing01120,citrus medica limonum peel extract
ing01121,citrus medica limonum peel extract / lemon peel extract
ing01122,citrus medica vulgaris fruit extract
ing01123,citrus medical limnonym  fruit extract
ing01124,citrus nobilis  oil
ing01125,citrus nobilis  peel oil
ing01126,citrus nobilis peel oil
ing01127,citrus nobilis peel oil / mandarin orange peel oil
ing01128,citrus nobilis  peel oil
ing01129,citrus paradisi  fruit extract
ing01130,citrus paradisi  peel oil
ing01131,citrus paradisi peel oil
ing01132,citrus paradisi peel oil / grapefruit peel oil
ing01133,citrus reticulata  leaf oil
ing01134,citrus reticulata  peel extract
ing01135,citrus reticulate  peel extract
ing01136,citrus sinensis  oil
ing01137,citrus sinensis  peel oil expressed
ing01138,citrus sinensis peel oil
ing01139,citrus sinensis peel oil expressed
ing01140,citrus sinesis  peel oil
ing01141,citrus tangerina  extract
ing01142,citrus tangerina  peel extract
ing01143,citrus tangerina  peel oil
ing01144,citrus tangerina  peel oil
ing01145,citrus tangerina extract
ing01146,citrus unshiu peel extract
ing01147,citrusaurantifolia  oil
ing01148,citrusaurantium dulcis  flower oil
ing01149,citrusaurantiumamara  floweroil
ing01150,citrusmedica limonum  peel oil
ing01151,citrus aurantifolia  oil
ing01152,citrus aurantium dulcis  fruit extract
ing01153,citrus aurantium dulcis  peel oil
ing01154,citrus limon  peel oil
ing01155,ci 16035
ing01156,ci 19140
ing01157,cladosiphon okamuranus extract
ing01158,clareolide
ing01159,clove
ing01160,clycine soja sorbitol
ing01161,cnidium officinale root extract
ing01162,cocamide dea
ing01163,cocamide mea
ing01164,cocamide mipa
ing01165,cocamidopropyl
ing01166,cocamidopropyl belaine
ing01167,cocamidopropyl betainamide mea chloride
ing01168,cocamidopropyl betaine
ing01169,cocamidopropyl dimethylamine
ing01170,cocamidopropyl hydroxysultaine
ing01171,cocamidopropyl pg-dimonium chloride phosphate
ing01172,coccinia indica fruit extract
ing01173,coceth-7
ing01174,coco glucoside
ing01175,coco-betaine
ing01176,coco-caprylate
ing01177,coco-caprylate/ caprate
ing01178,coco-caprylate/caprate
ing01179,coco-glucoside
ing01180,coco-glucoside glyceryl oleate
ing01181,cocoamidopropyl betaine
ing01182,cocoate
ing01183,cocobetaine
ing01184,cocodimonium hydroxypropyl hydrolyzed milk protein
ing01185,cocoglucoside
ing01186,cocoglycerides
ing01187,cocomidopropyl betaine
ing01188,coconut  oil
ing01189,coconut acid
ing01190,coconut alcohol
ing01191,coconut alkanes
ing01192,coconut oil
ing01193,cocos
ing01194,cocos  nucifera oil +/-  hydrogenated polydecene
ing01195,cocos nu-cifera  fruit extract
ing01196,cocos nucifera  alcohol
ing01197,cocos nucifera  fruit extract
ing01198,cocos nucifera  fruit juice
ing01199,cocos nucifera  liquid endosperm
ing01200,cocos nucifera  oil
ing01201,cocos nucifera  water
ing01202,cocos nucifera fruit juice / coconut fruit juice
ing01203,cocos nucifera oil
ing01204,cocos nucifera oil / coconut oil
ing01205,cocos nucifera oil/coconut oil
ing01206,cocos nucifera  fruit juice
ing01207,cocos nucifera  shell powder
ing01208,cocos nucifera  oil
ing01209,cocos nucifera  fruit
ing01210,cocoyl proline
ing01211,coenzyme a
ing01212,coffea arabica  seed extact
ing01213,coffea arabica  seed extract
ing01214,coffea arabica  seed oil
ing01215,coffea arabica  seed powder
ing01216,coffea arabica seed powder
ing01217,coffea arabica seed powder / coffee seed powder
ing01218,coffea robusta  seed powder
ing01219,coffea robusta seed extract
ing01220,coffea robusta seed powder
ing01221,coffee arabica  seed extract
ing01222,coix lacryma-jobi ma-yuen seed extract
ing01223,cola acuminata  seed extract
ing01224,cola acuminata seed extract
ing01225,coleus forskohli rott extract
ing01226,collagen amino acids
ing01227,colloidal oatmeal
ing01228,colloidal sulfur
ing01229,colophonium / rosin
ing01230,coltsfoot
ing01231,combretum farinosum flower nectar
ing01232,commiphora mukul resin extract
ing01233,commiphora myrrha oil
ing01234,commiphora myrrha oil
ing01235,copaifera officinalis  resin
ing01236,copernicia cerifera  wax
ing01237,copernicia cerifera  wax\ copernicia cerifera cera \cire de carnauba
ing01238,copernicia cerifera cera
ing01239,copernicia cerifera cera / carnauba wax
ing01240,copolymer
ing01241,copper
ing01242,copper gluconate
ing01243,copper lysinate/prolinate
ing01244,copper pca
ing01245,copper powder
ing01246,copper sulfate
ing01247,copper tripeptide-1
ing01248,copper sulfate
ing01249,coral
ing01250,corallina officinalis extract
ing01251,corallina officinalis extract
ing01252,cordyceps sinensis extract
ing01253,coriandrum sativum
ing01254,coriandrum sativum  fruit oil
ing01255,coriandrum sativum  seed oil
ing01256,corn starch modified
ing01257,coryllus avellana seed oil/hazelnut seed oil
ing01258,corylus americana  seed oil
ing01259,corylus avellana  seed oil
ing01260,corylus avellana seed oil / hazelnut seed oil
ing01261,corylus avellana seed oil/hazelnut seed oil
ing01262,coumarin
ing01263,covo-caprylate/carpate
ing01264,crambe abyssinica  seed oil
ing01265,crambe abyssinica seed oil
ing01266,cranberry seed oil
ing01267,crataegus monogina flower extract
ing01268,crataegus oxyacantha fruit extract
ing01269,creatine
ing01270,crithmum maritimum extract
ing01271,crosspolymer
ing01272,croton lechleri resin extract
ing01273,cryptomeria japonica leaf extract
ing01274,cucumis melo  fruit extract
ing01275,cucumis satis  fruit extract
ing01276,cucumis sativus  extract
ing01277,cucumis sativus  fruit extract
ing01278,cucumis sativus  oil
ing01279,cucumis sativus  seed oil
ing01280,cucumis sativus fruit
ing01281,cucumis sativus  fruit extract
ing01282,cucumis sativus  fruit oil
ing01283,cucurbita pepo
ing01284,cucurbita pepo  seed oil
ing01285,cuminum cyminum  seed oil
ing01286,cupressus sempervirens  leaf/stem extract
ing01287,cupressus sempervirens  oil
ing01288,cupressus sempervirens leaf oil
ing01289,cupressus sempervirens leaf/nut/stem oil
ing01290,cupressus sempervirens oil
ing01291,cupressus sempervirens  leaf oil
ing01292,curcuma longa  root extract
ing01293,curcuma longa root  root extract
ing01294,curcuma longa root extract
ing01295,curuma longa  root extract
ing01296,cyamopsis tetragonoloba  gum
ing01297,cyanocobalamin
ing01298,cyathea cumingii leaf extract
ing01299,cyathea medullaris  extract
ing01300,cyclodextrin
ing01301,cyclohexasiloxane
ing01302,cyclohexasiloxane glyceryl stearate se
ing01303,cyclomethicone
ing01304,cyclopentasiloxane
ing01305,cyclotetrasiloxane
ing01306,cydonia oblonga leaf extract
ing01307,cydonia oblonga leaf extract
ing01308,cymbopogon citratus  oil
ing01309,cymbopogon citratus leaf oil
ing01310,cymbopogon martini  oil
ing01311,cymbopogon martini oil
ing01312,cymbopogon martini  oil
ing01313,cymbopogon nardus  oil
ing01314,cymbopogon schoenanthus  oil
ing01315,cymbopogon schoenanthus oil
ing01316,cymbopogonnardus  oil
ing01317,cynanchum atratum extract
ing01318,cynara scolymus  leaf extract
ing01319,cysteine
ing01320,cystine
ing01321,d&c red 33
ing01322,d&c red 33 
ing01323,d&c violet 2 
ing01324,d-limonene
ing01325,dalbergia sissoo wood oil
ing01326,dancus carota sativa  root extract
ing01327,darutoside
ing01328,daucus carota  seed oil
ing01329,daucus carota sativa  juice
ing01330,daucus carota sativa  root extract
ing01331,daucus carota sativa  seed extract
ing01332,daucus carota sativa  seed oil
ing01333,daucus carota sativa root extract / carrot root extract
ing01334,daucus carota sativa
ing01335,daucuscarotasativa  root extract
ing01336,dea-cetyl phosphate
ing01337,dead sea salt
ing01338,decarboxy carnosine hcl
ing01339,decyl cocoate
ing01340,decyl glucoside
ing01341,decyl oleate
ing01342,decylene glycol
ing01343,dehydroacetic acid
ing01344,dehydroacetic acid polysorbate 60
ing01345,dehydroxanthan gum
ing01346,denatonium benzoate
ing01347,deoxyadenosine
ing01348,deoxycytidine
ing01349,deoxyguanosine
ing01350,deoxythymidine
ing01351,dexpanthenolum
ing01352,dextran
ing01353,dextran sulfate
ing01354,dextrin
ing01355,dextrin palmitate
ing01356,di-c12-13 alkyl malate
ing01357,di-c12-15 alkyl fumarate
ing01358,di-c12-18 alkyl dimonium chloride
ing01359,di-ppg-2 myreth-10 adipate
ing01360,diamond
ing01361,diamond powder
ing01362,diatomaceous earth
ing01363,diazolidinyl
ing01364,diazolidinyl urea
ing01365,dibutyl adipate
ing01366,dicaprylate
ing01367,dicaprylate/dicaprate
ing01368,dicaprylyl carbonate
ing01369,dicaprylyl ether
ing01370,dichlorobenzyl alcohol
ing01371,diethoxydiglycol
ing01372,diethylamino hydroxybenzoyl hexyl benzoate
ing01373,diethylene glycol diethylhexanoate
ing01374,diethylene glycol diisononanoate
ing01375,diethylhexyl 2
ing01376,diethylhexyl butamido triazone
ing01377,diethylhexyl succinate
ing01378,diethylhexyl syringylidenemalonate
ing01379,diglucosyl gallic acid
ing01380,diglycerin
ing01381,diheptyl succinate
ing01382,dihydrate
ing01383,dihydroxyacetone
ing01384,dihydroxypropyl arginine hcl
ing01385,diisopropyl adipate
ing01386,diisopropyl sebacate
ing01387,diisostearyl malate
ing01388,diisostearyl polyglyceryl-3 dimer dilinoleate
ing01389,dimethicon
ing01390,dimethicone
ing01391,dimethicone / vinyl dimethicone crosspolymer
ing01392,dimethicone citric acid
ing01393,dimethicone cross-polymer
ing01394,dimethicone crosspolymer
ing01395,dimethicone crosspolymer-3
ing01396,dimethicone polyglycerin-3 crosspolymer
ing01397,dimethicone/peg-10/15 crosspolymer
ing01398,dimethicone/polyglycerin-3 crosspolymer
ing01399,dimethicone/vinyl dimethicone crosspolymer
ing01400,dimethiconevinyl dimethicone crosspolymer
ing01401,dimethiconol
ing01402,dimethiconol phytosphingosine
ing01403,dimethoxytolyl propylresorcinol
ing01404,dimethyl ether
ing01405,dimethyl isosorbide
ing01406,dimethyl mea
ing01407,dimethyl sulfone
ing01408,dimethylacrylamide/sodium acryloyldimethyltaurate crosspolymer
ing01409,dimethylmethoxy chromanol
ing01410,dimethylmethoxy chromanyl palmitate
ing01411,dioscorea japonica root extract
ing01412,dioscorea opposita root extract
ing01413,dioscorea villosa  root extract
ing01414,dioscorea villosa root
ing01415,dip-teryx odorata seed extract
ing01416,dipalmitoyl hydroxyproline
ing01417,dipentaerythrityl hexacaprylate/hexacaprate
ing01418,dipentaerythrityl tri-polyhydroxystearate
ing01419,dipentene
ing01420,dipeptide diaminobutyroyl benzylamide diacetate
ing01421,dipeptide-2
ing01422,dipeptide-8
ing01423,diphenyl dimethicone
ing01424,diphenylsiloxy phenyl trimethicone
ing01425,diphosphonic acid
ing01426,dipotas
ing01427,dipotassium glycrrhizate
ing01428,dipotassium glycyrrhizate
ing01429,dipotassium phosphate
ing01430,dipotassium glycyrrhizate
ing01431,dipropylene glycol
ing01432,dipropylene glycol dibenzoate
ing01433,dipteryx odorata  bean extract
ing01434,dipteryx odorata bean extract
ing01435,dipteryx odorata seed extract
ing01436,dipteryxodorataseed extract
ing01437,disiloxane
ing01438,disodium
ing01439,disodium carboxyethyl siliconate
ing01440,disodium coco-glucoside sulfosuccinate
ing01441,disodium cocoamphodiacetate
ing01442,disodium cocoamphodipropionate
ing01443,disodium cocoyl glutamate
ing01444,disodium cocoyl glutamate
ing01445,disodium distyrylbiphenyl disulfonate
ing01446,disodium edetate
ing01447,disodium edta
ing01448,disodium flavine adenine dinucleotide
ing01449,disodium laureth sulfosuccinate
ing01450,disodium lauriminodipropionate tocopheryl phospates
ing01451,disodium lauroyl sarcosinate
ing01452,disodium lauroyl sulfosuccinate
ing01453,disodium lauryl sulfosuccinate
ing01454,disodium oleamido mipa-sulfosuccinate
ing01455,disodium phosphate
ing01456,disodium succinate
ing01457,disodium tetrapropenyl succinate
ing01458,disodium uridine phosphate
ing01459,disodium edta
ing01460,distarch phosphate
ing01461,disteardimonium hectorite
ing01462,disteareth-75 ipdi
ing01463,divinyldimethicone/dimethicone copolymer
ing01464,divinyldimethicone/dimethicone crosspolymer
ing01465,dmdm hydantoin
ing01466,dodecane
ing01467,dodecene
ing01468,drometrizole trisiloxane
ing01469,drometrizole trisiloxanel
ing01470,dulcis  fruit extract
ing01471,dunaliella salina  extract & hydrogenated polydecene
ing01472,dunaliella salina extract
ing01473,dunaliella salina extract & hydrogenated polydecene
ing01474,dystearmonium hectorite
ing01475,echinacea purpurea
ing01476,echinacea purpurea extract
ing01477,echinacea purpurea flower/leaf/stem extract
ing01478,echinacea purpurea root extract
ing01479,echium plantagineum seed oil
ing01480,eclipta prostrata extract
ing01481,eclipta prostrata leaf extract
ing01482,ectoin
ing01483,edetate discodium
ing01484,edetate disodium
ing01485,edta
ing01486,egg yolk  extract
ing01487,eichhornia crassipes extract
ing01488,elaeis guineensis  kernel oil
ing01489,elaeis guineensis  oil
ing01490,elderflower
ing01491,elettaria cardamomum  seed oil
ing01492,elettaria cardamomum seed oil
ing01493,emblica officinalis fruit extract
ing01494,enantia chlorantha bark extract
ing01495,english lavender
ing01496,enteromorpha compressa extract
ing01497,eperua falcata bark extract
ing01498,epilobium angustifolium  flower/leaf/stem extract
ing01499,epilobium angustifolium extract
ing01500,epilobium angustifolium flower/leaf/stem extract
ing01501,epilobium angustifolium flower\leaf\stem extract
ing01502,epilobium fleischeri extract
ing01503,equisetum arvense extract
ing01504,equisetum arvense leaf extract
ing01505,ergothioneine
ing01506,eriobotrya japonica leaf extract
ing01507,eriophorium spissum flower/stem extract
ing01508,eruca sativa leaf extract
ing01509,eryngium maritimum  callus culture filtrate
ing01510,eryngium maritimum extract
ing01511,erythritol
ing01512,erythrulose
ing01513,eschscholtzia californica leaf cell extract
ing01514,escin
ing01515,ethanol
ing01516,ethlyhexylglycerin
ing01517,ethoxydiglycol
ing01518,ethycal macadamiate
ing01519,ethyl 2
ing01520,ethyl acetate
ing01521,ethyl ascorbic acid
ing01522,ethyl ferulate
ing01523,ethyl hexanediol
ing01524,ethyl lauroyl arginate hcl
ing01525,ethyl macadamiate
ing01526,ethyl macadamiate 
ing01527,ethyl menthane carboxamide
ing01528,ethyl oleate
ing01529,ethyl phenylacetate
ing01530,ethylbisiminomethylguaiacol manganese chloride
ing01531,ethylbisiminomethylguaiacol manganese chloride
ing01532,ethylcellulose
ing01533,ethylene/acrylic acid copolymer
ing01534,ethylene/propylene/styrene copolymer
ing01535,ethylhesyldodecanol
ing01536,ethylhexyglycerin
ing01537,ethylhexyl
ing01538,ethylhexyl cocoate
ing01539,ethylhexyl glycerin
ing01540,ethylhexyl hydroxystearate
ing01541,ethylhexyl isononanoate
ing01542,ethylhexyl methoxycinnamate
ing01543,ethylhexyl methoxycrylene
ing01544,ethylhexyl olivate
ing01545,ethylhexyl palmitate
ing01546,ethylhexyl salicylate
ing01547,ethylhexyl stearate
ing01548,ethylhexyl triazone
ing01549,ethylhexylglycerin
ing01550,ethylhexylglycerin potassium phosphate
ing01551,ethylhexylglycerine
ing01552,ethylhexylglycrein
ing01553,ethylhexylglyercin
ing01554,ethylparaben
ing01555,eucalyptus
ing01556,eucalyptus citriodora oil
ing01557,eucalyptus globulus
ing01558,eucalyptus globulus  leaf oil
ing01559,eucalyptus globulus leaf
ing01560,eucalyptus globulus leaf extract
ing01561,eucalyptus globulus leaf oil
ing01562,eucalyptus globulus leaf powder
ing01563,eucalyptus leaf oil
ing01564,eugenia
ing01565,eugenia caryophyllus  bud oil
ing01566,eugenia caryophyllus  flower extract
ing01567,eugenia caryophyllus  flower oil
ing01568,eugenia caryophyllus  leaf oil
ing01569,eugenia caryophyllus  leaf oil
ing01570,eugenol
ing01571,euglena gracilis extract
ing01572,euphorbia cerifera  wax
ing01573,euphrasia officinalis extract
ing01574,euterpe oleracea  fruit oil
ing01575,euterpe oleracea fruit extract
ing01576,euterpe oleracea fruit oil
ing01577,euterpe oleracea fruit oil  tocopherol
ing01578,euterpe oleracea pulp powder
ing01579,evernia furfuracea  extract
ing01580,evernia prunastri  extract
ing01581,ext. violet 2 
ing01582,ext.violet 2
ing01583,extract
ing01584,extract / willow leaf extract
ing01585,extracts of bearberry
ing01586,extracts of lime
ing01587,extracts of: meadowsweet
ing01588,extracts of: rosa centifolia flower
ing01589,faex  extract
ing01590,faex / yeast extract / extrait de levure
ing01591,faex extract / yeast extract
ing01592,faex extract/yeast extract
ing01593,faex extract/yeast extract/extrait de levure
ing01594,fagraea berteroana flower extract
ing01595,fagus sylvatica bud extract
ing01596,farnesol
ing01597,fd&c red 4
ing01598,fd&c yellow 5
ing01599,fd&c yellow 5 
ing01600,fd&c yellow 6
ing01601,ferric ferrocyanide
ing01602,ferric hexapeptide-35
ing01603,ferula galbaniflua  resin oil
ing01604,ferulagalbaniflua  resinoil
ing01605,ferulic acid
ing01606,ficus carica  fruit extract
ing01607,ficus carica  fruit/leaf extract
ing01608,fish  collagen
ing01609,flavor
ing01610,flavour
ing01611,flower oil
ing01612,flower water
ing01613,fluorescent brightener 230 salt
ing01614,fluorphlogopite
ing01615,foeniculum vulgare  fruit extract
ing01616,foeniculum vulgare  seed extract
ing01617,foeniculum vulgare seed extract
ing01618,folic acid
ing01619,formic acid
ing01620,fragaria ananassa  seed oil
ing01621,fragaria chiloensis  fruit extract
ing01622,fragaria vesca  seed oil
ing01623,fragrance
ing01624,fragrance 
ing01625,fragrance / parfum
ing01626,fragrance oil blend
ing01627,fragrance/parfum
ing01628,frankincense
ing01629,frankincense essential oil
ing01630,fructooligosaccharides
ing01631,fructose
ing01632,fucus vesiculosus  extract
ing01633,fucus vesiculosus extract
ing01634,fumaria officinalis flower/leaf/stem extract
ing01635,fumaric acid
ing01636,fumed silica
ing01637,fusanus spicatus  oil
ing01638,fusanus spicatus wood oil
ing01639,fusel wheat bran/straw glycosides
ing01640,fusel wheat bran/straw gycosides
ing01641,galactoarabinan
ing01642,galactomyces ferment filtrate
ing01643,ganoderma lucidum  stem extract
ing01644,garcinia indica seed butter
ing01645,garcinia mangostana  peel extract
ing01646,garcinia mangostana fruit extract
ing01647,garcinia mangostana peel extract
ing01648,gardenia florida fruit extract
ing01649,gardenia tahitensis  flower extract
ing01650,gardenia tahitensis flower extract
ing01651,gardenia taitensis flower
ing01652,gardenia taitensis flower extract
ing01653,garnet exfoliator
ing01654,gaultheria procumbens  leaf extract
ing01655,gaultheria procumbens  leaf oil
ing01656,ge- raniol
ing01657,gelatin
ing01658,gelidiella acerosa extract
ing01659,gelidium cartilagineum extract
ing01660,gellan gum
ing01661,gellidiela acerosa  extract
ing01662,gellidiella acerosa extract
ing01663,gentiana lutea  root extract
ing01664,geraniol
ing01665,geranium
ing01666,geranium maculatum oil
ing01667,geranium oil
ing01668,geranyl acetate
ing01669,geranylgenarylisopropanol
ing01670,geranylgeranylisopropanol
ing01671,gernaniol
ing01672,ginkgo bilboa extract / ginkgo leaf extract
ing01673,ginkgo biloba extract
ing01674,ginkgo biloba extract/ ginkgo biloba leaf extract
ing01675,ginkgo biloba leaf
ing01676,ginkgo biloba leaf extract
ing01677,ginseng root
ing01678,glacier water
ing01679,glucolactone and sodium benzoate
ing01680,glucomannan
ing01681,gluconate
ing01682,gluconolactone
ing01683,gluconolactone & sodium benzoate
ing01684,glucosamine
ing01685,glucosamine hcl
ing01686,glucose
ing01687,glucose oxidase
ing01688,glucoside
ing01689,glucosyl hesperidin
ing01690,glucosylrutin
ing01691,glucuronic acid
ing01692,glucuronolactone
ing01693,glutamic acid
ing01694,glutamine
ing01695,glutamylamidoethyl imidazole
ing01696,glutathione
ing01697,glycereth-2 cocoate
ing01698,glycereth-25 pca isostearate
ing01699,glycereth-26
ing01700,glycereth-7
ing01701,glycereth-7 caprylate/caprate
ing01702,glycereth-7 triacetate
ing01703,glycerin
ing01704,glycerin 1
ing01705,glycerin carrageenan
ing01706,glycerin hamamelis virginiana
ing01707,glycerine & water & terminalia ferdinandiana  fruit extract
ing01708,glycerly polymethacrylate
ing01709,glyceryl
ing01710,glyceryl acrylate/ acrylic acid copolymer
ing01711,glyceryl acrylate/acrylic acid copolymer
ing01712,glyceryl acrylate/acrylic acide copolymer
ing01713,glyceryl behenate
ing01714,glyceryl behenate/eicosadioate
ing01715,glyceryl caprylate
ing01716,glyceryl caprylate/caprate
ing01717,glyceryl citrate/ lactate/ linoleate/ oleate
ing01718,glyceryl citrate/lactate/linoleate/oleate
ing01719,glyceryl cocoate
ing01720,glyceryl dibehenate
ing01721,glyceryl glucoside
ing01722,glyceryl hydroxystearate
ing01723,glyceryl laurate
ing01724,glyceryl linoleate
ing01725,glyceryl oleate
ing01726,glyceryl oleate citrate
ing01727,glyceryl polyacrylate
ing01728,glyceryl polymethacrylate
ing01729,glyceryl rosinate
ing01730,glyceryl stearate
ing01731,glyceryl stearate citrate
ing01732,glyceryl stearate se
ing01733,glyceryl stearate. tocopherol
ing01734,glyceryl strearate
ing01735,glycerylamidoethyl methacrylate / stearyl methacrylatecopolymer
ing01736,glycerylamidoethyl methacrylate/ stearyl methacrylate copolymer
ing01737,glycerylamidoethyl methacrylate/stearyl methacrylate copolymer
ing01738,glyceryl oleate
ing01739,glyceryl stearate
ing01740,glyceryl stearate se
ing01741,glycin soja  extract
ing01742,glycine
ing01743,glycine soja
ing01744,glycine soja  extract
ing01745,glycine soja  oil
ing01746,glycine soja  phytoplacenta extract
ing01747,glycine soja  protein
ing01748,glycine soja  seed extract
ing01749,glycine soja  sterol
ing01750,glycine soja  sterols
ing01751,glycine soja germ extract
ing01752,glycine soja oil
ing01753,glycine soja oil / soybean oil
ing01754,glycine soja protein / soybean protein
ing01755,glycine soja/soybean oil
ing01756,glycine soya  oil
ing01757,glycinesoja protein / soybean protein
ing01758,glycogen
ing01759,glycol
ing01760,glycol distearate
ing01761,glycol methyl gluceth-20
ing01762,glycol palmitate
ing01763,glycol stearate
ing01764,glycolic acid
ing01765,glycolipids
ing01766,glycoproteins
ing01767,glycosaminoglycans
ing01768,glycosphingolipids
ing01769,glycrrhiza globra  root extract
ing01770,glycyl glycine
ing01771,glycyrrhetinic acid
ing01772,glycyrrhiza glabra  root extract
ing01773,glycyrrhiza glabra extract / licorice root extract
ing01774,glycyrrhiza glabra root extract
ing01775,glycyrrhiza glabra  root extract
ing01776,glycyrrhiza inflata root extract
ing01777,glycyrrhiza uralensis  root extract
ing01778,glycyrrhiza glabra  root extract
ing01779,glyoxal
ing01780,gold
ing01781,gossypium harbaceum  seed oil
ing01782,gossypium herbaceum  seed oil
ing01783,grains of sugar
ing01784,grape
ing01785,grapefruit
ing01786,grapefruit essential oil
ing01787,grapefruit oil
ing01788,grapeseed oil
ing01789,green 3
ing01790,green 3 / ci 42053
ing01791,green 5
ing01792,green tea
ing01793,gryceryl caprylate
ing01794,guaiac  extract
ing01795,guaiazulene
ing01796,guanosine
ing01797,guar gum
ing01798,guar hydroxypropyltrimonium chloride
ing01799,guar hydroxypropyltrimonium chloride
ing01800,guar hydroxypropultrimonium chloride
ing01801,gum-4 sr-spider
ing01802,gynostemma pentaphyllum leaf extract
ing01803,gynostemma pentaphyllum leaf/stem extract
ing01804,gypsophila paniculata root extract
ing01805,haematococcus pluvialis / haematococcus pluvialis extract
ing01806,haematococcus pluvialis extract
ing01807,hamamelis
ing01808,hamamelis virginiana
ing01809,hamamelis virginiana  bark/leaf/stem extract
ing01810,hamamelis virginiana  distillate
ing01811,hamamelis virginiana  extract
ing01812,hamamelis virginiana  leaf extract
ing01813,hamamelis virginiana  leaf water
ing01814,hamamelis virginiana  water
ing01815,hamamelis virginiana bark/leaf extract
ing01816,hamamelis virginiana flower
ing01817,hamamelis virginiana leaf water / witch hazel leaf water
ing01818,hamamelis virginiana water
ing01819,hammelis virginiana  distilate
ing01820,harmonised water
ing01821,hdi/trimethyl hexyllactone crosspolymer
ing01822,hdi/trimethylol hexyllactone crosspolymer
ing01823,hectorite
ing01824,hedera helix  extract
ing01825,heilmoor clay
ing01826,helianthus
ing01827,helianthus annus  seed oil
ing01828,helianthus annuus  extract
ing01829,helianthus annuus  hybrid oil
ing01830,helianthus annuus  seed cera
ing01831,helianthus annuus  seed extract
ing01832,helianthus annuus  seed oil
ing01833,helianthus annuus  seed oil unsaponifiables
ing01834,helianthus annuus  seed wax
ing01835,helianthus annuus  seedcake
ing01836,helianthus annuus hybrid oil
ing01837,helianthus annuus seed extract/sunflower seed extract
ing01838,helianthus annuus seed oil
ing01839,helianthus annuus seed oil / sunflower seed oil
ing01840,helianthus annuus seed oil/sunflower seed oil
ing01841,helianthus annuus  seed oil
ing01842,helianthus annuus  seed oil & melissa officinalis leaf extract & polyglyceryl-3 polyricinoleate
ing01843,helianthus annuus  seed oil
ing01844,helianthusannuus  seed oil
ing01845,helianthus annuus  seed oil
ing01846,helichrysum italicum extract
ing01847,heptapeptide-15 palmitate
ing01848,heptapeptide-7
ing01849,heptyl glucoside
ing01850,heptyl undecylenate
ing01851,hesperetin laurate
ing01852,hesperidin methyl chalcone
ing01853,hesperitin laurate
ing01854,hexacarboxymethyl dipeptide-12
ing01855,hexamethyldisiloxane
ing01856,hexanoyl dipeptide-3 norleucine acetate
ing01857,hexapeptide-11
ing01858,hexapeptide-9
ing01859,hexyl cinnamal
ing01860,hexyl cinnamal eugenol
ing01861,hexyl cinnamal hydroycitronellal
ing01862,hexyl laurate
ing01863,hexyl nicotinate
ing01864,hexylane
ing01865,hexyldecanol
ing01866,hexyldecyl laurate
ing01867,hexyldecyl stearate
ing01868,hexylene
ing01869,hexylene glycol
ing01870,hexylene glycol. peg-6 caprylic/capric glycerides
ing01871,hexylresorcinol
ing01872,hexyl cinnamal
ing01873,hibiscus abelmoschus extract
ing01874,hibiscus esculentus fruit extract
ing01875,hibiscus rosa-sinensis flower extract
ing01876,hibiscus sabdariffa  flower extract
ing01877,hibiscus sabdariffa flower extract
ing01878,hibiscusabelmoschus extract
ing01879,hieracium pilosella  extract
ing01880,himalayan cedarwood. turkish rose
ing01881,himalayan salt crystals
ing01882,himalayan salts
ing01883,hippophae rhamnoides  fruit oil
ing01884,hippophae rhamnoides  oil
ing01885,hippophae rhamnoides fruit extract
ing01886,hippophae rhamnoides oil
ing01887,histidine
ing01888,homarine hcl
ing01889,homosalate
ing01890,honey
ing01891,honey  extract
ing01892,honey cocoates
ing01893,honey extract
ing01894,honey/mel/miel
ing01895,honey\mel\miel
ing01896,honokiol
ing01897,hordeum distichon  extract
ing01898,hordeum vulgare  extract
ing01899,hordeum vulgare  extract/extrait d'orge
ing01900,hordeum vulgare  extract\extrait d'orge
ing01901,hordeum vulgare  extract\extrait d’orge
ing01902,hordeum vulgare stem water
ing01903,horsetail
ing01904,houttuynia cordata leaf
ing01905,humulus lupulus  extract
ing01906,humulus lupulus  oil
ing01907,humulus lupulus  strobile
ing01908,hyaluronate
ing01909,hyaluronic acid
ing01910,hyaluronic acid
ing01911,hydrated silica
ing01912,hydrocotyl; tocopheryl acetate
ing01913,hydrogenated acetophenone/oxymethylene copolymer
ing01914,hydrogenated castor oil
ing01915,hydrogenated coco-glycerides
ing01916,hydrogenated coconut acid
ing01917,hydrogenated coconut oil
ing01918,hydrogenated jojoba oil
ing01919,hydrogenated lecithin
ing01920,hydrogenated olive oil
ing01921,hydrogenated palm glycerides citrate
ing01922,hydrogenated phosphatidyl choline
ing01923,hydrogenated phosphatidylcholine
ing01924,hydrogenated poly
ing01925,hydrogenated polydecene
ing01926,hydrogenated polyisobutene
ing01927,hydrogenated soybean oil
ing01928,hydrogenated starch hydrolysate
ing01929,hydrogenated vegetable glycerides
ing01930,hydrogenated vegetable oil
ing01931,hydrogenatedvegetableoil
ing01932,hydrogenated polyisobutene
ing01933,hydrolysed jojoba esters
ing01934,hydrolysed sesam protein pg-propyl methylsilanediol
ing01935,hydrolyzed
ing01936,hydrolyzed adansonia digitata extract
ing01937,hydrolyzed algin
ing01938,hydrolyzed beeswax
ing01939,hydrolyzed casein
ing01940,hydrolyzed chondrus crispus extract
ing01941,hydrolyzed collagen
ing01942,hydrolyzed corn starch
ing01943,hydrolyzed corn starch octenylsuccinate
ing01944,hydrolyzed elastin
ing01945,hydrolyzed fish  collage
ing01946,hydrolyzed glycosaminoglycans
ing01947,hydrolyzed hyaluronic acid
ing01948,hydrolyzed jojoba esters
ing01949,hydrolyzed linseed extract
ing01950,hydrolyzed lupine protein
ing01951,hydrolyzed lycium barbarum fruit extract
ing01952,hydrolyzed milk protein
ing01953,hydrolyzed oat protein
ing01954,hydrolyzed opuntia ficus indica flower extract
ing01955,hydrolyzed opuntia ficus-indica flower extract
ing01956,hydrolyzed prunus domestica
ing01957,hydrolyzed quinoa
ing01958,hydrolyzed rhizobian gum
ing01959,hydrolyzed rhodophyceae extract
ing01960,hydrolyzed rice bran extract
ing01961,hydrolyzed rice extract
ing01962,hydrolyzed rice protein
ing01963,hydrolyzed rice bran protein
ing01964,hydrolyzed silk
ing01965,hydrolyzed sodium hyaluronate
ing01966,hydrolyzed soy flour
ing01967,hydrolyzed soy protein
ing01968,hydrolyzed soybean fiber
ing01969,hydrolyzed viola tricolor extract
ing01970,hydrolyzed wheat flour
ing01971,hydrolyzed wheat protein
ing01972,hydrolyzed wheat starch
ing01973,hydrolyzed yeast extract
ing01974,hydrolyzed yeast protein
ing01975,hydrophilic polyether polyurethane
ing01976,hydroxy ethyl cellulose
ing01977,hydroxyacetophenone
ing01978,hydroxycinnamic acid
ing01979,hydroxycitronellal
ing01980,hydroxydecyl ubiquinone
ing01981,hydroxydecyl ubiquinoyl dipalmitoyl glycerate
ing01982,hydroxyethyl acrlate/sodium acryloyldimethleaurate copolymer
ing01983,hydroxyethyl acrylate/sodium acryloyldimethyl taurate
ing01984,hydroxyethyl acrylate/sodium acryloyldimethyl taurate copolymer
ing01985,hydroxyethyl acrylate/sodium acryloyldimethyltaurate copolymer
ing01986,hydroxyethyl acrylate/sodium/ acryloyldlmethyl taurate copolymer
ing01987,hydroxyethyl acrylate/sodium acryloyldimethyl taurate copolymer
ing01988,hydroxyethyl cellulose
ing01989,hydroxyethyl urea
ing01990,hydroxyethylcellulose
ing01991,hydroxyethylpiperazine ethane sulfonic acid
ing01992,hydroxyethyl acrylate/sodium acryloyldimethyl taurate copolymer
ing01993,hydroxyiso-hexyl hydroxyiso-hexyl 3-cyclohexene carboxaldehyde
ing01994,hydroxyisohexyl 3-cyclohexene
ing01995,hydroxyisohexyl 3-cyclohexene carboxaldehyde
ing01996,hydroxymethoxyphenyl decanone
ing01997,hydroxypalmitoyl sphinganine
ing01998,hydroxyphenyl
ing01999,hydroxyphenyl propamidobenzoic acid
ing02000,hydroxypinacolone retinoate
ing02001,hydroxyproline
ing02002,hydroxypropyl bispalmitamide mea
ing02003,hydroxypropyl cyclodextrin
ing02004,hydroxypropyl guar hydroxypropyltrimonium chloride
ing02005,hydroxypropyl methylcellulose
ing02006,hydroxypropyl starch phosphate
ing02007,hydroxypropyl tetrahydropyrantriol
ing02008,hydroxypropylcellulose
ing02009,hydroxypropylmethylcellulose
ing02010,hydroxypropyl cyclodextrin
ing02011,hydroxystearic acid
ing02012,hydroxystearic/linolenic/oleic polyglycerides
ing02013,hydroxystrearic/linolenic/oleic polyglycerides
ing02014,hydroxysultaine
ing02015,hydroxythylcellulose
ing02016,hylocereus undatus  fruit extract
ing02017,hylocereus undatus fruit extract
ing02018,hypericum erectum extract
ing02019,hypericum perforatum  leaf extract
ing02020,hypericum perforatum flower/leaf extract
ing02021,hypnea musciformis  extract
ing02022,illicium verum  fruit extract
ing02023,illicium verum  fruit/seed oil
ing02024,illicium verum fruit extract
ing02025,illite
ing02026,imidazolidinyl urea
ing02027,imperata cylindrica root extract
ing02028,indole
ing02029,inositol
ing02030,integrifolia seed oil
ing02031,inulin
ing02032,inulin lauryl carbamate
ing02033,iodoproponyl butylcarbamate
ing02034,iodopropynyl butylcarbamate
ing02035,iris florentina root extract
ing02036,iron oxide
ing02037,iron oxides
ing02038,iron oxides 
ing02039,iron oxides/ci 77491
ing02040,isoamyl cocoate
ing02041,isoamyl laurate
ing02042,isobutane
ing02043,isobutyl paraben
ing02044,isobutylamido thiazolyl resorcinol
ing02045,isobutylparaben
ing02046,isoceteth-10
ing02047,isoceteth-20
ing02048,isocetyl stearate
ing02049,isocetyl stearoyl stearate
ing02050,isochrysis galbana extract
ing02051,isodecyl isononanoate
ing02052,isodecyl neopentanoate
ing02053,isododecane
ing02054,isoeugenol
ing02055,isohexadecane
ing02056,isoleucine
ing02057,isononanoate
ing02058,isononyl
ing02059,isononyl isononanoate
ing02060,isopentane
ing02061,isopentyldiol
ing02062,isopropyl alcohol
ing02063,isopropyl isostearate
ing02064,isopropyl jojobate
ing02065,isopropyl lauroyl sacronsinate
ing02066,isopropyl lauroyl sarcosinate
ing02067,isopropyl myristate
ing02068,isopropyl palmiate
ing02069,isopropyl palmitate
ing02070,isopropyl titanium triisostearate
ing02071,isopropyljojobate
ing02072,isopropyllauroyl
ing02073,isopropylparaben
ing02074,isopropyl myristate
ing02075,isoquercetin
ing02076,isoquercitrin
ing02077,isosorbide dicaprylate
ing02078,isostearamide mipa
ing02079,isostearate-20
ing02080,isostearic acid
ing02081,isostearyl alcohol
ing02082,isostearyl ethylimidazolinium ethosulfate
ing02083,isostearyl isostearate
ing02084,isostearyl neopentanoate
ing02085,isostearyl palmitate
ing02086,isotridecyl isononanoate
ing02087,jania rubens extract
ing02088,jania rubens extract hydrolyzed collagen
ing02089,janria rubens extract
ing02090,japanese camellia plant oil
ing02091,jasmimum officinale oil/jasmine oil
ing02092,jasmin officinale  oil
ing02093,jasmine officinale  oil
ing02094,jasmine oil
ing02095,jasmine sambac absolute
ing02096,jasminum grandiflorum  flower extract
ing02097,jasminum grandiflorum  flower wax
ing02098,jasminum grandiflorum flower extract
ing02099,jasminum officinale  flower
ing02100,jasminum officinale  flower extract
ing02101,jasminum officinale  flower oil
ing02102,jasminum officinale  flower/leaf extract
ing02103,jasminum officinale  oil
ing02104,jasminum officinale extract / jasmine flower extract
ing02105,jasminum officinale extract  / jasmine flower extract
ing02106,jasminum officinale flower extract
ing02107,jasminum officinale flower extract / jasmine flower extract
ing02108,jasminum officinale flower wax
ing02109,jasminum officinale oil/jasmine oil
ing02110,jasminum officinale  extract
ing02111,jasminum officinale  extract / jasmine flower extract
ing02112,jasminum officinale extract / jasmine flower extract
ing02113,jasminum sambac flower extract / jasmine flower extract
ing02114,jojoba alcohol
ing02115,jojoba esters
ing02116,jojoba wax peg-120 esters
ing02117,jojobaalcohol
ing02118,jojobaesters
ing02119,juglans regia  shell powder
ing02120,juglans regia  shell powder
ing02121,juniper berry oil
ing02122,juniperus communis  fruit extract
ing02123,juniperus communis  fruit oil
ing02124,juniperus communis fruit extract
ing02125,juniperus communis fruit oil
ing02126,juniperus mexicana  oil
ing02127,juniperus mexicana oil
ing02128,juniperus virginiana  oil
ing02129,juniperus virginiana oil
ing02130,juniperus virginiana wood oil
ing02131,kaempferol
ing02132,kaolin
ing02133,kappaphycus alvarezii extract
ing02134,kefiran
ing02135,kernel oil
ing02136,kigelia africana fruit extract
ing02137,kigelia africana fruit extract
ing02138,kiwifruit seed oil
ing02139,kunzea pomifera fruit extract
ing02140,l citric acid
ing02141,l-glutamylamideothyl imidazole
ing02142,lactic acid
ing02143,lactic acid/glycolic acid copolymer
ing02144,lacticacid
ing02145,lactic acid
ing02146,lactis proteinum
ing02147,lactis proteinum/milk protein
ing02148,lactis proteinum/milk protein/protéine du lait
ing02149,lactobacillus
ing02150,lactobacillus & cocos nucifera  fruit extract
ing02151,lactobacillus ferment
ing02152,lactobacillus ferment lysate
ing02153,lactobacillus ferment lysate filtrate
ing02154,lactobacillus/ wasabia japonica root ferment extract
ing02155,lactobacillus/cucurbita pepo ferment extract
ing02156,lactobacillus/cucurbita pepo fruit ferment extract
ing02157,lactobacillus/dipteryx odorata seed ferment filtrate
ing02158,lactobacillus/pumpkin ferment extract
ing02159,lactobacillus/pumpkin fruit ferment filtrate
ing02160,lactobacillus/punica granatum fruit ferment extract
ing02161,lactobacillus/soybean  ferment extract
ing02162,lactobacillus/soybean ferment extract
ing02163,lactobacillus/vaccinium macrocarpon fruit ferment filtrate
ing02164,lactobionic acid
ing02165,lactococcus ferment lysate
ing02166,lactoperoxidase
ing02167,lactose
ing02168,lactylate
ing02169,laminaria digitata  extract
ing02170,laminaria digitata extract
ing02171,laminaria japonica extract
ing02172,laminaria ochroleuca  extract
ing02173,laminaria ochroleuca extract
ing02174,laminaria saccharina extract
ing02175,lanolin
ing02176,lanolin alcohol
ing02177,lanolin cera
ing02178,lauramidopropyl betaine
ing02179,laureth 3
ing02180,laureth sulfate
ing02181,laureth-1 phosphate
ing02182,laureth-12
ing02183,laureth-2
ing02184,laureth-23
ing02185,laureth-3
ing02186,laureth-4
ing02187,laureth-7
ing02188,laureth-7 citrate
ing02189,laureth-7. propylene glycol
ing02190,laureth-8
ing02191,laureth-9
ing02192,lauric acid
ing02193,lauroamphocarboxyglycinate and sodium trideceth sulfate
ing02194,lauroyl lysine
ing02195,laurtrimonium chloride
ing02196,laurus nobilis leaf extract
ing02197,lauryl alcohol
ing02198,lauryl betaine
ing02199,lauryl glucoside
ing02200,lauryl laurate
ing02201,lauryl methyl gluceth-10 hydroxypropyldimonium chloride
ing02202,lauryl pca
ing02203,lauryl peg / ppg-18/18 methicone
ing02204,lauryl peg-9
ing02205,lauryl peg-9 polydimethylsiloxyethyl dimethicone
ing02206,lauryl peg/ppg-18/18 methicone
ing02207,lauryl pyrrlidone
ing02208,laurylmethacrylate/glycol dimethacrylate crosspolymer
ing02209,lauryl pca
ing02210,lava clay
ing02211,lavandula angustfolia
ing02212,lavandula angustifolia
ing02213,lavandula angustifolia  decyl glucoside
ing02214,lavandula angustifolia  extract
ing02215,lavandula angustifolia  flower extract
ing02216,lavandula angustifolia  flower oil
ing02217,lavandula angustifolia  flower water
ing02218,lavandula angustifolia  flower/leaf/stem extract
ing02219,lavandula angustifolia  flower extract
ing02220,lavandula angustifolia  herb oil
ing02221,lavandula angustifolia  oil
ing02222,lavandula angustifolia flower extract
ing02223,lavandula angustifolia flower/leaf/stem extract
ing02224,lavandula angustifolia oil
ing02225,lavandula angustifolia oil / lavender oil
ing02226,lavandula angustifolia oil/lavender oil
ing02227,lavandula hybrida  oil
ing02228,lavandula hybrida oil
ing02229,lavandula officinalis flower oil
ing02230,lavandulastoechas extract
ing02231,lavandula angustifolia  oil
ing02232,lavender
ing02233,lavender angustifolia  oil
ing02234,lavender oil
ing02235,leaf extract
ing02236,leaf oil
ing02237,leaf/twig oil
ing02238,lechtin
ing02239,lecithin
ing02240,lemon
ing02241,lemon fruit extract
ing02242,lemongrass
ing02243,lemongrass oil
ing02244,lens esculenta  fruit extract
ing02245,lentinus edodes mycelium extract
ing02246,leontopodium alpinum  callus culture extract
ing02247,leontopodium alpinum callus culture extract
ing02248,lepidium sativum sprout extract
ing02249,leptospermum petersonii oil
ing02250,leptospermum scoparium  branch/leaf oil
ing02251,leptospermum scoparium  manuka honey
ing02252,leptospermum scoparium branch/leaf oil
ing02253,leptospermum scoparium leaf oil
ing02254,leptospermum scoparium mel  honey
ing02255,leucine
ing02256,leuconostoc/radish root ferment filtrate
ing02257,levan
ing02258,levulinic acid
ing02259,licorice root
ing02260,lilial
ing02261,lilium candidum bulb extract
ing02262,lilium candidum flower extract
ing02263,lilium tigrinum extract
ing02264,lime
ing02265,lime oil
ing02266,limnanthes alba  seed oil
ing02267,limnanthesalba  seed oil
ing02268,limonene
ing02269,limonium gerberi extract
ing02270,limonium vulgare flower/leaf/stem extract
ing02271,limonum
ing02272,linalo- ol
ing02273,linalol
ing02274,linalook
ing02275,linalool
ing02276,linoleamidopropyl pg-dimonium chloride phosphate
ing02277,linoleic acid
ing02278,linolenic acid
ing02279,linum usitatissimum  seed extract
ing02280,linum usitatissimum  seed oil
ing02281,linum usitatissimum seed extract
ing02282,linum usitatissimum  seed extract
ing02283,liquid amber orientalis balsam extract petitgrain bigarde oil
ing02284,litchi chinensis seed powder
ing02285,lithium magnesium sodium silicate
ing02286,lithothamnion calcareum extract
ing02287,litsea cubeba  fruit oil
ing02288,litsea cubeba  oil
ing02289,litsea cubeba fruit oil
ing02290,longifolene
ing02291,lonicera caprifolium  flower extract
ing02292,lonicera japonica  flower extract
ing02293,lonicera japonica flower extract 
ing02294,loniera caprifolium flower extract
ing02295,luminaria
ing02296,lycium barbarum  fruit extract
ing02297,lycium barbarum fruit extract
ing02298,lycium chinense  fruit extract
ing02299,lycium chinense fruit extract
ing02300,lycium chinese fruit extract
ing02301,lysine
ing02302,lysine hci
ing02303,lysine hcl
ing02304,lysine lauroyl methionate
ing02305,lysolecithin
ing02306,lysolecithin & sclerotium gum & xanthan gum & pullulan
ing02307,lysophosphatidic acid
ing02308,macadamia
ing02309,macadamia integrifolia  nut oil
ing02310,macadamia integrifolia seed oil
ing02311,macadamia temifolia seed oil
ing02312,macadamia ternifolia  seed oil
ing02313,macadamia ternifolia seed oil
ing02314,macadamiaternifoliaseed oil
ing02315,macropiper excelsum  leaf extract. fragrance of lime & patchouli: citral
ing02316,madecassic acid
ing02317,madecassoside
ing02318,magnesium
ing02319,magnesium aluminium silcate
ing02320,magnesium aluminum silicate
ing02321,magnesium aluminum silicate
ing02322,magnesium ascorbly phosphate
ing02323,magnesium ascorbyl phosphate
ing02324,magnesium ascorbyl phosphate peg-150 distearate
ing02325,magnesium aspartate
ing02326,magnesium carboxymethyl beta-glucan
ing02327,magnesium chloride
ing02328,magnesium hydroxide
ing02329,magnesium lactate
ing02330,magnesium laureth sulfate
ing02331,magnesium laureth-8 sulfate
ing02332,magnesium nitrate
ing02333,magnesium oleth sulfate
ing02334,magnesium oxide
ing02335,magnesium pca
ing02336,magnesium silicate
ing02337,magnesium sulfate
ing02338,magnesium sulphate
ing02339,magnesium aluminum silicate
ing02340,magnolia biondii flower extract
ing02341,magnolia officinalis bark extract
ing02342,magnolol
ing02343,malachite extract
ing02344,malic acid
ing02345,mallow extract
ing02346,malpighia punicifolia  fruit extract
ing02347,malt extract
ing02348,maltitol
ing02349,maltodextrin
ing02350,maltooligosyl glucoside
ing02351,maltose
ing02352,malus domestica fruit extract
ing02353,malva sylvestris  extract
ing02354,malva sylvestris  flower extract
ing02355,malva sylvestris  flower extract
ing02356,mandelic acid
ing02357,manganese gluconate
ing02358,mangifera indica  fruit extract
ing02359,mangifera indica  pulp extract
ing02360,mangifera indica  seed butter
ing02361,mangifera indica  seed oil
ing02362,mangifera indica fruit extract
ing02363,mangifera indica seed butter
ing02364,mannan
ing02365,mannitol
ing02366,mannose
ing02367,manuka
ing02368,marigold  extract
ing02369,marine collagen
ing02370,maris aqua
ing02371,maris aqua / sea water
ing02372,maris aqua/sea water/eau de mer
ing02373,maris sal
ing02374,maris sal 
ing02375,maris sal  valeriana officinalis  root extract
ing02376,maris sal/sea salt 
ing02377,maris sal/sea salt/sel marin
ing02378,maris aqua
ing02379,marrubium vulgare extract
ing02380,marshmallow
ing02381,matthiola longipetala  seed oil
ing02382,mauritia flexuosa  nut oil
ing02383,may contain : mica
ing02384,meadowfoam estolide
ing02385,medicago sativa  extract
ing02386,medicago sativa  seed extract
ing02387,mel
ing02388,mel  extract
ing02389,mel / honey
ing02390,mel / honey / miel
ing02391,mel/honey
ing02392,melaleuca alternifoilia  leaf oil
ing02393,melaleuca alternifolia  leaf extract
ing02394,melaleuca alternifolia  leaf oil
ing02395,melaleuca alternifolia  leaf oil
ing02396,melaleuca alternifolia leaf oil
ing02397,melaleuca alternigolia  leaf oil
ing02398,melaleuca leucadendron cajuputi  oil
ing02399,melaleuca viridiflora leaf oil
ing02400,melanin
ing02401,melia azadirachta flower extract
ing02402,melia azadirachta leaf extract
ing02403,melissa
ing02404,melissa officinalis  leaf extract
ing02405,melissa officinalis  leaf oil
ing02406,melissa officinalis extract
ing02407,melissa officinalis leaf extract
ing02408,melissa officinalis leaf oil
ing02409,mentha
ing02410,mentha aquatica extract
ing02411,mentha aquatica leaf extract
ing02412,mentha arvensis  leaf oil
ing02413,mentha arvensis leaf oil
ing02414,mentha piperita  extract
ing02415,mentha piperita  leaf extract
ing02416,mentha piperita  oil
ing02417,mentha piperita extract / peppermint extract
ing02418,mentha piperita extract / peppermint leaf extract
ing02419,mentha piperita extract/peppermint extract
ing02420,mentha piperita oil
ing02421,mentha piperita oil / peppermint oil
ing02422,mentha piperita oil/peppermint oil
ing02423,mentha viridis  extract
ing02424,mentha viridis  leaf oil
ing02425,menthaviridis  leaf oil
ing02426,mentha arvensis leaf oil
ing02427,mentha piperita leaf extract
ing02428,menthol
ing02429,menthone glycerin acetal
ing02430,menthoxypropanediol
ing02431,menthyl lactate
ing02432,menthyl pca
ing02433,methacrylate crosspolymer
ing02434,methicone
ing02435,methionine
ing02436,methoxy peg-18
ing02437,methoxycinnamate
ing02438,methyl 2-octynoate
ing02439,methyl cyclodextrin
ing02440,methyl deoxycytidine
ing02441,methyl diisopropyl propionamide
ing02442,methyl eugenol
ing02443,methyl gluceth-10
ing02444,methyl gluceth-20
ing02445,methyl glucose dioleate
ing02446,methyl glucose sesquistearate
ing02447,methyl hydrogenated rosinate
ing02448,methyl lactate
ing02449,methyl methacrylate crosspolymer
ing02450,methyl methacrylate/glycol dimethacrylate crosspolymer
ing02451,methyl methacrylate/peg/ppg-4/3 methacrylate crosspolymer
ing02452,methyl paraben
ing02453,methyl perfluorobutyl ether
ing02454,methyl perfluoroisobutyl ether
ing02455,methyl sulphonyl methane
ing02456,methyl trimethicone
ing02457,methyl-paraben
ing02458,methylcellulose
ing02459,methylchlorisisothiazolinone
ing02460,methylchloroisothiazolinone
ing02461,methyldihydrojasmonate
ing02462,methylene bis-benzotriazolyl tetramethylbutylphenol [nano]
ing02463,methylepropanediol
ing02464,methylglucoside phosphate
ing02465,methylheptyl isostearate
ing02466,methylisothiazolinoe
ing02467,methylisothiazolinone
ing02468,methylparaben
ing02469,methylpropanediol
ing02470,methylpropional
ing02471,methylsilanol hydroxyproline aspartate
ing02472,methylsilanol mannuronate
ing02473,methylsilanol/silicate crosspolymer
ing02474,metlclylpropanediol
ing02475,metrosideros excels  flower extract
ing02476,mica
ing02477,mica 
ing02478,michelia alba leaf oil
ing02479,microcitrus australasica  fruit extract
ing02480,microcitrus australasica fruit extract
ing02481,micrococcus lysate
ing02482,microcristalline wax
ing02483,microcrystalline cellulose
ing02484,microcrystalline wax
ing02485,microcrystalline wax/cera microcristallina/cire microcristalline
ing02486,microcrystalline wax\cera microcristallina\cire microcristalline
ing02487,milk protein
ing02488,milk protein extract
ing02489,mineral oil
ing02490,mineral oil/paraffinum liquidum/huile minérale
ing02491,mineral oil\paraffinum liquidum\huile minerale
ing02492,mineral oil\paraffinum liquidum\huile minérale
ing02493,mipa-laureth sulfate
ing02494,mirabilis jalapa extract
ing02495,mixed tocopherols
ing02496,molasses extract\saccharum officinarum\extrait de melasse
ing02497,molasses extract\saccharum officinarum\extrait de mélasse
ing02498,monosodium citrate
ing02499,montmorillonite
ing02500,morinda citrifolia fruit extract
ing02501,morinda citrifolia leaf extract
ing02502,moringa oleifera  seed oil
ing02503,moringa oleifera leaf extract
ing02504,moringa oleifera seed extract
ing02505,moringa oleifera seed oil
ing02506,moringa pterygosperma seed extract
ing02507,moroccan
ing02508,moroccan lava clay
ing02509,morus alba bark extract
ing02510,morus alba leaf extract
ing02511,morus alba root extract
ing02512,morus bombycis  root extract
ing02513,morus nigra  root extract
ing02514,morus nigra leaf extract
ing02515,mu-conotoxin cniiic
ing02516,musa sapientum  pulp extract
ing02517,musk rose plant oil
ing02518,myristic acid
ing02519,myristica fragrans  extract
ing02520,myristica fragrans  kernel oil
ing02521,myristoyl nonapeptide-3
ing02522,myristyl alcohol
ing02523,myristyl malate phosphonic acid
ing02524,myristyl myristate
ing02525,myristyl nicotinate
ing02526,myrocarpus fastigiatus oil
ing02527,myroxylon pereirae  oil
ing02528,myrtrimonium bromide
ing02529,myrtus communis  leaf water
ing02530,myrtus communis leaf extract
ing02531,n-acetyl-d-glucosamine-6-phosphate disodium salt
ing02532,n-acetyl-d-glucosamine-6- phosphate disodium salt
ing02533,n-hydroxysuccinimide
ing02534,narcissus poeticus callus extract
ing02535,narcissus poeticus flower wax
ing02536,narcissus tazetta bulb extract
ing02537,narcissus tazetta  bulb extract
ing02538,nardostachys jatamansi oil
ing02539,naringenin
ing02540,nasturtium officinale  flower/leaf extract
ing02541,natrii edetas
ing02542,natto gum
ing02543,natural menthol
ing02544,naturally occurring citral
ing02545,nelumbium nucifera flower extract
ing02546,nelumbium speciosum extract / nelumbium speciosum flower extract
ing02547,nelumbo nucifera  flower extract
ing02548,nelumbo nucifera  root water
ing02549,nelumbo nucifera flower extract
ing02550,nelumbo nucifera flower water
ing02551,nelumbo nucifera germ extract
ing02552,nelumbo nucifera leaf cell extract
ing02553,nelumbo nucifera leaf extract
ing02554,nelumbo nucifera root extract
ing02555,nelumbo nucifera root water
ing02556,nelumbo nucifera seed extract
ing02557,neopentyl glycol dicaprylate/dicaprate
ing02558,neopentyl glycol diethylhexanoate
ing02559,neopentyl glycol diheptanoate
ing02560,neopentylglycol dicaprylate/dicaprate
ing02561,neoruscogenin
ing02562,nerol
ing02563,neroli
ing02564,nettles
ing02565,niacin
ing02566,niacinamide
ing02567,nicotinamide adenine dinucleotide
ing02568,nigella sativa
ing02569,nigella sativa  seed oil
ing02570,nigella sativa seed oil
ing02571,nitrocellulose
ing02572,nitrogen
ing02573,nonapeptide-1
ing02574,nordihydroguaiaretic acid
ing02575,nucifera  fruit extract
ing02576,nyctanthes arbor-tristis  flower extract
ing02577,nylon 12
ing02578,nylon-12
ing02579,nylon-6
ing02580,nymphaea alba  extract
ing02581,nymphaea alba  flower extract
ing02582,nymphaea coerulea flower extract
ing02583,o-cymen-5-ol
ing02584,oat kernel extract
ing02585,ocimum basilicum  oil
ing02586,ocimum sanctum extract
ing02587,ocimum sanctum leaf extract
ing02588,octadecenedioic acid
ing02589,octenyl succinate
ing02590,octocrylene
ing02591,octyl dodecyl stearoyl stearate
ing02592,octyldodecanol
ing02593,octyldodeceth-16
ing02594,octyldodeceth-25
ing02595,octyldodecyl neopentanoate
ing02596,octyldodecyl pca
ing02597,octyldodecyl stearate
ing02598,octyldodecyl stearoyl stearate
ing02599,oenocarpus bataua fruit oil
ing02600,oenothera biennis  flower extract
ing02601,oenothera biennis  oil
ing02602,oenothera biennis oil / evening primrose oil
ing02603,oenothera biennis seed extract
ing02604,oenothera biennis  oil
ing02605,oenothera blennis  root extract
ing02606,oenotherabiennis  oil
ing02607,oil
ing02608,olea europaea  fruit extract
ing02609,olea europaea  fruit oil
ing02610,olea europaea  fruit oil
ing02611,olea europaea  husk oil
ing02612,olea europaea  leaf extract
ing02613,olea europaea  oil
ing02614,olea europaea  oil unsaponifiables
ing02615,olea europaea  seed powder
ing02616,olea europaea fruit oil
ing02617,olea europaea fruit oil / olive fruit oil
ing02618,olea europaea leaf extract
ing02619,olea europaea  fruit oil
ing02620,olea europaea  fruit oil
ing02621,oleamide mipa
ing02622,oleanolic acid
ing02623,oleate
ing02624,olea europaea  fruit oil
ing02625,oleic acid
ing02626,oleic acid lens esculenta  fruit extract
ing02627,oleic/linoleic/linolenic polyglycerides
ing02628,oleth-10
ing02629,oleth-10 phosphate
ing02630,oleth-20
ing02631,oleth-3
ing02632,oleth-3 phosphate
ing02633,oleth-5
ing02634,oleyl alcohol
ing02635,oligopeptide-68
ing02636,olive fruit oil
ing02637,olive glycerides
ing02638,olive oil
ing02639,olive oil glycereth-8 esters
ing02640,olive oil peg-7 esters
ing02641,olive oil polyglyceryl-3 esters
ing02642,olus
ing02643,olus  oil
ing02644,olus oil
ing02645,olus oil/vegetable oil
ing02646,olus oil/vegetable oil/huile végétale
ing02647,olus/vegetable oil/huile végétale
ing02648,olyacryloyldimethyl taurate
ing02649,omenis multicaulis oil
ing02650,ophiopogon japonicus root extract
ing02651,opuntia ficus-indica  seed oil
ing02652,opuntia ficus-indica stem extract
ing02653,opuntia streptacantha  stem extract
ing02654,opuntia streptacantha  stem extract & glycerin & phenoxyethanol
ing02655,opuntia tuna extract
ing02656,opuntia tuna fruit extract
ing02657,orange 4
ing02658,orange 4 
ing02659,orange and grapefruit
ing02660,orange essential oil
ing02661,orange oil
ing02662,orange peel
ing02663,orbignya oleifera  seed oil
ing02664,orbignya oleifera seed oil
ing02665,oregano
ing02666,origanum heracleoticum flower oil
ing02667,origanum majorana herb oil
ing02668,origanum majorana leaf extract
ing02669,origanum vulgare
ing02670,origanum vulgare leaf extract
ing02671,ormenis multicaulis  flower extract
ing02672,ormenis multicaulis  oil
ing02673,ormenis multicaulis oil
ing02674,ormensis multicaulis  oil
ing02675,ornithine
ing02676,oryza sativa  bran cera
ing02677,oryza sativa  bran extract
ing02678,oryza sativa  bran oil
ing02679,oryza sativa  bran wax
ing02680,oryza sativa  callus culture extract
ing02681,oryza sativa  extract
ing02682,oryza sativa  germ oil
ing02683,oryza sativa  hull powder
ing02684,oryza sativa  lees extract
ing02685,oryza sativa  starch
ing02686,oryza sativa bran extract
ing02687,oryza sativa starch
ing02688,oryza sativa starch / rice starch
ing02689,oryzanol
ing02690,oryzasativa bran oil / rice bran oil
ing02691,osmanthus fragrans flower extract
ing02692,oxidized polyethylene
ing02693,oxothiazolidine
ing02694,oxothiazolidinecarboxylic acid
ing02695,ozokerite
ing02696,p-anisic acid
ing02697,padina pavonica extract
ing02698,padina pavonica thallus extract
ing02699,paeonia albiflora  root extract
ing02700,paeonia lactiflora root extract
ing02701,paeonia suffructicosa  root extract
ing02702,paeonia suffruticosa  root extract
ing02703,paeonia suffruticosa root extract
ing02704,paeonia suffruticosaroot extract
ing02705,paeonia suffruticosa  root extract
ing02706,paeonia suffruticosa root extract
ing02707,palm plant oil
ing02708,palmaria palmata  extract
ing02709,palmaria palmata extract
ing02710,palmitate
ing02711,palmitic acid
ing02712,palmitic/stearic triglycerides
ing02713,palmitoyl carnitine
ing02714,palmitoyl dipeptide-5 diaminobutyroyl hydroxythreonine
ing02715,palmitoyl glycine
ing02716,palmitoyl grape seed extract
ing02717,palmitoyl grapevine shoot extract
ing02718,palmitoyl heptapeptide-27
ing02719,palmitoyl hexapeptide-12
ing02720,palmitoyl hexapeptide-14
ing02721,palmitoyl hexapeptide-19
ing02722,palmitoyl hydrolyzed wheat protein
ing02723,palmitoyl hydroxypropyltrimonium amylopectin/glycerin crosspolymer
ing02724,palmitoyl octapeptide-24
ing02725,palmitoyl oligopeptide
ing02726,palmitoyl oligopeptide-78
ing02727,palmitoyl pentapeptide-3
ing02728,palmitoyl pentapeptide-4
ing02729,palmitoyl tetrapeptide-50
ing02730,palmitoyl tetrapeptide-7
ing02731,palmitoyl tripeptide-1
ing02732,palmitoyl tripeptide-27
ing02733,palmitoyl tripeptide-38
ing02734,palmitoyl tripeptide-5
ing02735,palmitoyl tetrapeptide-3
ing02736,panax  root extract
ing02737,panax ginseng  root extract
ing02738,panax ginseng callus culture extract
ing02739,panax ginseng root extract
ing02740,panicum miliaceum  seed extract
ing02741,pantethine
ing02742,pantheno
ing02743,panthenol
ing02744,panthenol. disodium edta
ing02745,panthenyl ethyl ether
ing02746,panthenyl triacetate
ing02747,pantolactone
ing02748,pantothenic acid
ing02749,papain
ing02750,papaver orientale  seed oil
ing02751,papaver somniferum  seed oil
ing02752,paraffin
ing02753,paraffinum liquidum
ing02754,paraffinum liquidum / mineral oil
ing02755,parfum
ing02756,parfum 
ing02757,parfum / fragrance
ing02758,parfum /fragrance
ing02759,parfum/ fragrance
ing02760,parfum/fragrance
ing02761,parfum/fragrance. [+/- may contain: ci 11891/titanium dioxide
ing02762,parfum 
ing02763,parfum / fragrance
ing02764,passiflora edulis fruit extract
ing02765,passiflora edulis seed oil
ing02766,passiflora quadrangularis fruit extract
ing02767,passion fruit
ing02768,patchouli
ing02769,patchouli oil
ing02770,paullinia cupana  seed extract
ing02771,pavlova lutheri extract
ing02772,pca
ing02773,pca ethyl cocoyl arginate
ing02774,pearl extract
ing02775,pearl powder
ing02776,pectin
ing02777,peel extract
ing02778,peel oil
ing02779,peg - 100 stearate
ing02780,peg / ppg / polybutylene glycol-8/5/3 glycerin
ing02781,peg 40 hydrogenated castor oil
ing02782,peg 60 almond glycerides
ing02783,peg 7 methyl ether
ing02784,peg- 100 stearate
ing02785,peg-10 dimethicone
ing02786,peg-10 isostearate
ing02787,peg-10 laurate
ing02788,peg-10 phytosterol
ing02789,peg-10 rapeseed sterol
ing02790,peg-10 sunflower glycerides
ing02791,peg-100 stearate
ing02792,peg-100 sterate
ing02793,peg-100 stearate
ing02794,peg-11 methyl ether dimethicone
ing02795,peg-12
ing02796,peg-12 diisostearate
ing02797,peg-12 dimethicone
ing02798,peg-12 dimethicone/ppg-20 crosspolymer
ing02799,peg-12 dimethicone/ppg-20 crosspolymer
ing02800,peg-12 glyceryl distearate
ing02801,peg-12 methyl glucose dioleate
ing02802,peg-120
ing02803,peg-120 methyl glucose dioleate
ing02804,peg-120 methylglucose dioleate
ing02805,peg-150
ing02806,peg-150 distearate
ing02807,peg-150 pentaerythrityl tetrastearate
ing02808,peg-150 pentaerythrityl tetrastearate
ing02809,peg-16 macadamia glycerides
ing02810,peg-18 glyceryl oleate/cocoate
ing02811,peg-2 methyl glucose sesquistearate
ing02812,peg-20
ing02813,peg-20 glyceryl triisostearate
ing02814,peg-20 methyl glucose sesquistearate
ing02815,peg-20 stearate
ing02816,peg-200 hydrogenated glyceryl palmate
ing02817,peg-23 stearate
ing02818,peg-240/hdi copolymer bis-decyltetradeceth-20 ether
ing02819,peg-250 distearate
ing02820,peg-3 distearate
ing02821,peg-30 dipolyhydroxystearate
ing02822,peg-30 lanolin
ing02823,peg-32
ing02824,peg-4
ing02825,peg-4 dilaurate
ing02826,peg-4 laurate
ing02827,peg-4 rapeseedamide
ing02828,peg-40
ing02829,peg-40 hydrogenated castor oil
ing02830,peg-40 hydrogenated castor oil
ing02831,peg-40 sorbitan peroleate
ing02832,peg-40 stearate
ing02833,peg-400
ing02834,peg-40 hydrogenated castor oil
ing02835,peg-45 palm kernel glycerides
ing02836,peg-5 cocoate
ing02837,peg-5 glyceryl triisostearate
ing02838,peg-55 propylene glycol oleate
ing02839,peg-6
ing02840,peg-6 caprylic
ing02841,peg-6 caprylic/capric glycerides
ing02842,peg-6 hydrogenated castor oil
ing02843,peg-6 isostearate
ing02844,peg-60 almond glycerides
ing02845,peg-60 glyceryl isostearate
ing02846,peg-60 hydrogenated caster oil
ing02847,peg-60 hydrogenated castor oil
ing02848,peg-60 hydrogenatedcastor oil
ing02849,peg-60 hydrogenated castor oil
ing02850,peg-7 caprylic/capric glycerides
ing02851,peg-7 glyceryl cocoate
ing02852,peg-75
ing02853,peg-75 lanolin
ing02854,peg-75 shea butter glycerides
ing02855,peg-75 stearate
ing02856,peg-7m
ing02857,peg-8
ing02858,peg-8 beeswax
ing02859,peg-8 caprylic/capric glycerides
ing02860,peg-8 dicocoate
ing02861,peg-8 diisostearate
ing02862,peg-8 dilaurate
ing02863,peg-8 dimethicone
ing02864,peg-8 distearate
ing02865,peg-8 laurate
ing02866,peg-80 sorbitan laurate
ing02867,peg-9
ing02868,peg-90 glyceryl isostearate
ing02869,peg-90m
ing02870,peg/ppg-14/7 dimethyl ether
ing02871,peg/ppg-17/4 dimethyl ether
ing02872,peg/ppg-17/6 copolymer
ing02873,peg/ppg-18/18
ing02874,peg/ppg-18/18 dimethicone
ing02875,peg/ppg-19/19 dimethicone
ing02876,peg/ppg-20/6 dimethicone
ing02877,peg/ppg/polybutylene glycol-8/5/3 glycerin
ing02878,peg/ppg/polybutylene glycol-8/5/3 gylcerin
ing02879,peg‐100 stearate
ing02880,peg‐8 beeswax
ing02881,pelargonium graveolens
ing02882,pelargonium graveolens  flower oil
ing02883,pelargonium graveolens  leaf oil
ing02884,pelargonium graveolens  oil
ing02885,pelargonium graveolens flower  oil
ing02886,pelargonium graveolens flower oil
ing02887,pelargonium graveolens leaf  oil
ing02888,pelargonium graveolens oil
ing02889,pelargonium graveolens flower oil
ing02890,pelargonium odoratissimum oil
ing02891,pelargoniumgraveolens  floweroil
ing02892,pelargonium graveolens flower oil
ing02893,pelargonium graveolens oil
ing02894,pelaronium graveolens flower oil
ing02895,pentaerythrityl adipate/caprate/caprylate/heptanoate
ing02896,pentaerythrityl distearate
ing02897,pentaerythrityl etraethylhexanoate
ing02898,pentaerythrityl tetra- di-t-butyl hydroxyhydro-cinnamate
ing02899,pentaerythrityl tetra-di-t-butyl hydroxyhydrocinnamate
ing02900,pentaerythrityl tetraethylhexanoate
ing02901,pentafluoropropane
ing02902,pentapeptide-18
ing02903,pentapeptide-48
ing02904,pentasodium ethylenediamine tetramethylene phosphonate
ing02905,pentasodium pentetate
ing02906,pentylene glycol
ing02907,pentyleneglycol
ing02908,pentylene glycol
ing02909,peppermint
ing02910,peppermint oil
ing02911,perfluorodecalin
ing02912,perfluorohexane
ing02913,perfume
ing02914,perilla frutescens leaf extract
ing02915,perilla frutescens leaft extract
ing02916,perilla ocymoides leaf extract
ing02917,perilla ocymoides seed oil
ing02918,perlite
ing02919,persea gratissima
ing02920,persea gratissima  fruit extract
ing02921,persea gratissima  leaf extract
ing02922,persea gratissima  oil
ing02923,persea gratissima  oil unsaponifiables
ing02924,persea gratissima  pear oil
ing02925,persea gratissima oil / avocado oil
ing02926,persea gratissima oil unsaponifiables
ing02927,persea gratissima oil/avocado oil
ing02928,persea gratissima  oil
ing02929,petasites japonicus  root extract
ing02930,petitgrain bigarde oil
ing02931,petrolatum
ing02932,petroselinum crispum  extract
ing02933,petroselinum crispum  seed oil
ing02934,peucedanum japonicum leaf/ stem extract
ing02935,peucedanum ostruthium leaf extract
ing02936,phaeodactylum tricornotum extract
ing02937,phaseolus radiatus seed extract
ing02938,phe- noxyethanol
ing02939,phe-noxyethanol
ing02940,phellinus linteus extract
ing02941,phenethyl alcohol
ing02942,phenoxethanol
ing02943,phenoxyethanol
ing02944,phenoxyethanol & ethylhexylglycerin
ing02945,phenoxyethyl caprylate
ing02946,phenoyxethanol
ing02947,phenyl ethyl alcohol
ing02948,phenyl methicone
ing02949,phenyl trimethicone
ing02950,phenylalanine
ing02951,phenylbenzimidazole sulfonic acid
ing02952,phenylethyl alcohol
ing02953,phenylethyl resorcinol
ing02954,phenylpropanol
ing02955,phloretin
ing02956,phoenix dactylifera  fruit extract
ing02957,phoenix dactylifera  fruit extract
ing02958,phoenix dactylifera  seed
ing02959,phormium tenax  flax extract
ing02960,phosphate
ing02961,phosphatidylcholine
ing02962,phospholipid
ing02963,phospholipids
ing02964,phragmites kharka extract
ing02965,phthalic anhydride/glycerin/glycidyl decanoate copolymer
ing02966,phyllostachys bambusoides extract
ing02967,phytantriol
ing02968,phytic acid
ing02969,phytol
ing02970,phytonadione
ing02971,phytosphingosine
ing02972,phytosterols
ing02973,phytosteryl canola glycerides
ing02974,phytosteryl macadamiate
ing02975,phytosteryl/ isostearyl/ cetyl/ stearyl/ behenyl dimer dilinoleate
ing02976,phytosteryl/isostearyl/cetyl/stearyl/behenyl dimer dilinoleate
ing02977,phytosteryl/octyldodecyl lauroyl glutamate
ing02978,picea abies  extract
ing02979,picea abies extract
ing02980,pichia/resveratrol ferment extract
ing02981,pineapple
ing02982,pinus palustris leaf extract
ing02983,pinus pinaster bark extract
ing02984,pinus sylvestris  leaf oil
ing02985,piper nigrum  fruit oil
ing02986,piper nigrum  seed extract
ing02987,piper nigrum  seed oil
ing02988,piper nigrum fruit oil / pepper fruit oil
ing02989,piper nigrum fruit oil/pepper fruit oil
ing02990,piperi ta extract / peppermint extract
ing02991,piperita extract / peppermint extract
ing02992,piperonyl glucoside
ing02993,pisum sativum  extract
ing02994,pisum sativum extract / pea extract
ing02995,plankton extract
ing02996,plantago lanceolata leaf extract
ing02997,plantago major  leaf extract
ing02998,plantago ovata seed extract
ing02999,platinum powder
ing03000,platonia insignis  seed oil
ing03001,pleiogynium timorienese fruit extract
ing03002,plukenetia volubilis  seed oil
ing03003,plukenetia volubilis seed oil
ing03004,plumeria acutifolia flower extract
ing03005,plumeria alba  flower extract
ing03006,plumeria rubra  flower extract
ing03007,podocarpus elatus fruit extract
ing03008,pogostemon cablin
ing03009,pogostemon cablin  leaf oil
ing03010,pogostemon cablin  oil
ing03011,pogostemon cablin leaf oil
ing03012,pogostemon cablin oil
ing03013,pogostemon cablin oil
ing03014,pogostemon calbin leaf oil
ing03015,pogostemoncablin  oil
ing03016,pogostemon cablin  leaf oil
ing03017,pogostomon cablin  oil
ing03018,polianthes tuberosa callus extract
ing03019,polianthes tuberose flower extract
ing03020,poloxamer 124
ing03021,poloxamer 184
ing03022,poloxamer 188
ing03023,poloxamer 338
ing03024,poloxamer 407
ing03025,poly -4 peg/ppg-29/9 methylglucose
ing03026,poly c10-30 alkyl acrylate
ing03027,polyacrylamide
ing03028,polyacrylate crosspolymer-6
ing03029,polyacrylate-13
ing03030,polyamide-8
ing03031,polyaminopropyl biguanide
ing03032,polybutene
ing03033,polycaprolactone
ing03034,polydecene
ing03035,polydextrose
ing03036,polydimethylsiloxethyl dimethicone
ing03037,polydimethylsiloxyethyl dimethicone
ing03038,polyester-8
ing03039,polyethylene
ing03040,polyethylene terephthalate
ing03041,polyglceryl-3
ing03042,polyglceryl-4
ing03043,polyglceryl-6 caprylate
ing03044,polyglceryl-6 ricinoleate
ing03045,polyglucuronic acid
ing03046,polyglycerin-10
ing03047,polyglycerin-3
ing03048,polyglyceryl 3-hydroxylauryl ether
ing03049,polyglyceryl- 5 oleate
ing03050,polyglyceryl-10
ing03051,polyglyceryl-10 behenate/eicosadioate
ing03052,polyglyceryl-10 hydroxystearate/stearate/eicosadioate
ing03053,polyglyceryl-10 laurate
ing03054,polyglyceryl-10 myristate
ing03055,polyglyceryl-10 oleate
ing03056,polyglyceryl-10 pentastearate
ing03057,polyglyceryl-10 stearate
ing03058,polyglyceryl-10 laurate
ing03059,polyglyceryl-2 caprate
ing03060,polyglyceryl-2 isostearate
ing03061,polyglyceryl-2 triisostearate
ing03062,polyglyceryl-3 beeswax
ing03063,polyglyceryl-3 caprylate
ing03064,polyglyceryl-3 cocoate
ing03065,polyglyceryl-3 dicitrate/stearate
ing03066,polyglyceryl-3 diisostearate
ing03067,polyglyceryl-3 laurate
ing03068,polyglyceryl-3 methylglucose distearate
ing03069,polyglyceryl-3 palmitate
ing03070,polyglyceryl-3 pca
ing03071,polyglyceryl-3 polyricinoleate
ing03072,polyglyceryl-3 stearate
ing03073,polyglyceryl-3 palmitate
ing03074,polyglyceryl-4 caprate
ing03075,polyglyceryl-4 isostearate
ing03076,polyglyceryl-4 isosterarate
ing03077,polyglyceryl-4 oleate
ing03078,polyglyceryl-4 oleyl ether olivate
ing03079,polyglyceryl-4 olivate
ing03080,polyglyceryl-5 dioleate
ing03081,polyglyceryl-5 oleate
ing03082,polyglyceryl-5 trioleate
ing03083,polyglyceryl-6
ing03084,polyglyceryl-6 caprylate
ing03085,polyglyceryl-6 distearate
ing03086,polyglyceryl-6 oleate
ing03087,polyglyceryl-6 polyricinoleate
ing03088,polyglyceryl-6 ricinoleate
ing03089,polygonum bistorta root extract
ing03090,polygonum cuspidatum root extract
ing03091,polygonum fagopyrum  seed extract
ing03092,polygonum fagopyrum extract/polygonum fagopyrum seed extract
ing03093,polygonum multiflorum root extract
ing03094,polyhydroxystearic acid
ing03095,polyimide-1
ing03096,polyisobutene
ing03097,polylactic acid
ing03098,polymethyl methacrylate
ing03099,polymethylsilsequioxane
ing03100,polymethylsilsesquioxane
ing03101,polymethysilsesquioxane
ing03102,polymnia sonchifolia root juice
ing03103,polypeptide-1
ing03104,polyphosphorylcholine glycol acrylate
ing03105,polypodium vulgare rhizome extract
ing03106,polypropylene
ing03107,polyquaternium-10
ing03108,polyquaternium-11
ing03109,polyquaternium-37
ing03110,polyquaternium-39
ing03111,polyquaternium-4
ing03112,polyquaternium-47
ing03113,polyquaternium-51
ing03114,polyquaternium-6
ing03115,polyquaternium-7
ing03116,polyricinoleate
ing03117,polysilicone-11
ing03118,polysilicone-8
ing03119,polysorbate
ing03120,polysorbate 2
ing03121,polysorbate 20
ing03122,polysorbate 60
ing03123,polysorbate 65
ing03124,polysorbate 80
ing03125,polysorbate 85
ing03126,polysorbate- 20
ing03127,polysorbate-20
ing03128,polysorbate-40
ing03129,polysorbate-60
ing03130,polysorbate-80
ing03131,polysorbate 20
ing03132,polyurethane-11
ing03133,polyurethane-33
ing03134,polyurethane-35
ing03135,polyvinyl alcohol
ing03136,polyvinylalcohol crosspolymer
ing03137,pomegranate
ing03138,pomegranate  extract
ing03139,pongamia glabra  seed oil
ing03140,pongamia glabra seed oil
ing03141,populus tremuloides bark extract
ing03142,poria cocos  extract
ing03143,poria cocos extract
ing03144,poria cocos sclerotium extract
ing03145,porphyridium cruentum  extract
ing03146,porphyridium cruentum extract
ing03147,portulaca flower
ing03148,portulaca oleracea extract
ing03149,portulaca pilosa extract
ing03150,potassium acrylates copolymer
ing03151,potassium aspartate
ing03152,potassium azeloyl diglycinate
ing03153,potassium behenate
ing03154,potassium benzoate
ing03155,potassium carbomer
ing03156,potassium castorate
ing03157,potassium cetyl
ing03158,potassium cetyl phosphate
ing03159,potassium chloride
ing03160,potassium citrate
ing03161,potassium cocoate
ing03162,potassium hydroxide
ing03163,potassium iodide
ing03164,potassium isostearate
ing03165,potassium jojobate
ing03166,potassium lactate
ing03167,potassium laurate
ing03168,potassium myristate
ing03169,potassium olivate
ing03170,potassium palmitate
ing03171,potassium phosphate
ing03172,potassium sorbate
ing03173,potassium stearate
ing03174,potassium sterate
ing03175,potassium sulfate
ing03176,potassium thiocyanate
ing03177,potassium hydroxide
ing03178,potassium phosphate
ing03179,potassium sorbate
ing03180,pothmethylsilsequioxane
ing03181,ppg-1-peg-9 lauryl glycol ether
ing03182,ppg-10 cetyl ether
ing03183,ppg-12/smdi copolymer
ing03184,ppg-15 stearyl ether
ing03185,ppg-15 stearyl ether benzoate
ing03186,ppg-15-buteth-20
ing03187,ppg-2 hydroxyethyl cocamide
ing03188,ppg-2 isoceteth-20 acetate
ing03189,ppg-20 methyl glucose ether
ing03190,ppg-26 buteth-26
ing03191,ppg-26-buteth-26
ing03192,ppg-3 dipivalate
ing03193,ppg-3 myristyl ether
ing03194,ppg-5-ceteth-20
ing03195,ppg-6-decyltetradeceth-30
ing03196,ppg-8-ceteth-20
ing03197,ppg-9 diglyceryl ether
ing03198,preservatives: butylene glycol
ing03199,primula veris extract
ing03200,proline
ing03201,propamidobenzoic acid
ing03202,propane
ing03203,propanediol
ing03204,propanediol dicaprylate
ing03205,propolis cera
ing03206,propolis extract
ing03207,propyl acetate
ing03208,propyl gallate
ing03209,propylene carbonate
ing03210,propylene glycol
ing03211,propylene glycol caprylate
ing03212,propylene glycol dicaprate
ing03213,propylene glycol dicaprylate
ing03214,propylene glycol dicaprylate/dicaprate
ing03215,propylene glycol isostearate
ing03216,propylene glycol laurate
ing03217,propylene glycol stearate
ing03218,propyleneglycol
ing03219,propylparaben
ing03220,prostanthera incisa  leaf extract
ing03221,protease
ing03222,protein / soybean protein
ing03223,prunis amygdalus dulcis  oil
ing03224,prunus aermeniaca
ing03225,prunus amydalus dulcis  protein
ing03226,prunus amygdalus  dulcis oil
ing03227,prunus amygdalus dulcis
ing03228,prunus amygdalus dulcis  flower extract
ing03229,prunus amygdalus dulcis  fruit extract
ing03230,prunus amygdalus dulcis  oil
ing03231,prunus amygdalus dulcis  protein
ing03232,prunus amygdalus dulcis  seed extract
ing03233,prunus amygdalus dulcis  seed oil
ing03234,prunus amygdalus dulcis oil
ing03235,prunus amygdalus dulcis oil / sweet almond oil
ing03236,prunus amygdalus dulcis protein / sweet almond protein
ing03237,prunus amygdalus dulcis  oil
ing03238,prunus armeniaca  fruit extract
ing03239,prunus armeniaca  kernel oil
ing03240,prunus armeniaca  seed powder
ing03241,prunus armeniaca kernel oil
ing03242,prunus armeniaca kernel oil / apricot kernel oil
ing03243,prunus armeniaca seed powder / apricot seed powder
ing03244,prunus armeniaca/apricot kernel oil
ing03245,prunus cerasus  extract
ing03246,prunus domestica  seed extract
ing03247,prunus domestica  seed oil
ing03248,prunus domestica seed extract
ing03249,prunus domestica seed oil
ing03250,prunus domestica seed powder
ing03251,prunus dulcis  oil
ing03252,prunus lannesiana flower extract
ing03253,prunus persica  fruit extract
ing03254,prunus persica  kernel oil
ing03255,prunus spinosa flower extract
ing03256,prunus yedoensis leaf extract
ing03257,prunusamygdalusdulcis  oil
ing03258,prunus amygdalus dulcis  oil
ing03259,prunus avium  extract
ing03260,pryidoxine hci
ing03261,pseudoalteromonas exopolysaccharides
ing03262,pseudoalteromonas ferment extract
ing03263,psidium guajava  fruit extract
ing03264,pteris multifida extract
ing03265,ptfe
ing03266,pueraria lobata  symbiozome extract
ing03267,pueraria lobata extract
ing03268,pueraria lobata root extract
ing03269,pullalan
ing03270,pullulan
ing03271,pulsatilla koreana extract
ing03272,pumice
ing03273,punica granatum  extract
ing03274,punica granatum  fruit extract
ing03275,punica granatum  fruit juice
ing03276,punica granatum  seed oil
ing03277,punica granatum extract
ing03278,punica granatum flower extract
ing03279,punica granatum fruit extract
ing03280,punica granatum fruit juice
ing03281,punica granatum seed oil
ing03282,pure medical grade lanolin
ing03283,pure plant fragrance of vanilla
ing03284,purified water
ing03285,pvm/ma copolymer
ing03286,pvm/ma decadiene crosspolymer
ing03287,pvp
ing03288,pvp/hexadecane copolymer
ing03289,pvp/polycarbamyl polyglycol ester
ing03290,pyracantha fortuneana fruit extract
ing03291,pyridoxal 5-phosphate
ing03292,pyridoxine dipalmitate
ing03293,pyridoxine hci
ing03294,pyridoxine hcl
ing03295,pyrus cydonia seed extract
ing03296,pyrus malus  fruit extract
ing03297,pyrus malus  fruit extract
ing03298,pyrus malus  seed extract
ing03299,pyrus malus extract / apple fruit extract
ing03300,pyrus malus flower extract
ing03301,pyrus malus fruit water
ing03302,pyruvic acid
ing03303,p‐anisic acid
ing03304,quartz powder
ing03305,quaternium-15
ing03306,quaternium-18 bentonite
ing03307,quaternium-80
ing03308,quaternium-90 bentonite
ing03309,quercus alba
ing03310,quercus robur  bark extract
ing03311,quercus suber bark extract
ing03312,r-bacillus licheniformis keratinase
ing03313,rabdosia rubescens extract
ing03314,raffinose
ing03315,ranunculus ficaria extract
ing03316,raphanus sativus  seed extract
ing03317,raspberry
ing03318,raspberry keton
ing03319,raspberry ketone
ing03320,raspberry seed oil/palm oil
ing03321,red 28 lake
ing03322,red 30
ing03323,red 33
ing03324,red 33 
ing03325,red 33 / ci 17200
ing03326,red 33 lake
ing03327,red 4
ing03328,red 4 
ing03329,red 4 / ci 14700
ing03330,red 40
ing03331,red 40 
ing03332,red 40 lake 
ing03333,red 6
ing03334,red 7 lake
ing03335,red ginseng extract
ing03336,resveratrol
ing03337,retinal
ing03338,retinol
ing03339,retinyl acetate
ing03340,retinyl linoleate
ing03341,retinyl palmitate
ing03342,retinyl retinoate
ing03343,rh-oligopeptide-1
ing03344,rhamnose
ing03345,rheum rhabarbarum stalk extract
ing03346,rheum rhaponticum root extract
ing03347,rhodiola rosea root extract
ing03348,rhodochrosite
ing03349,rhus verniciflua peel wax
ing03350,ribes nigrum  bud oil
ing03351,ribes nigrum  fruit
ing03352,ribes nigrum  seed extract
ing03353,ribes nigrum  seed oil
ing03354,ribes rubrum  fruit extract
ing03355,riboflavin
ing03356,ribose
ing03357,rice amino acids
ing03358,ricinoleth-40
ing03359,ricinus communic seed oil / titanium dioxide
ing03360,ricinus communis  oil
ing03361,ricinus communis  seed oil
ing03362,ricinus communis  seed oil
ing03363,ricinus communis seed oil
ing03364,rosa alba flower extract
ing03365,rosa alba leaf cell extract
ing03366,rosa canina  fruit extract
ing03367,rosa canina  fruit oil
ing03368,rosa canina  seed oil
ing03369,rosa canina extract
ing03370,rosa canina fruit  oil
ing03371,rosa canina fruit extract
ing03372,rosa canina fruit oil
ing03373,rosa canina seed  oil
ing03374,rosa canina seed extract
ing03375,rosa canina seed oil
ing03376,rosa caninafruit oil
ing03377,rosa centifolia  flower oil
ing03378,rosa centifolia flower  cera
ing03379,rosa centifolia flower extract
ing03380,rosa centifolia flower juice
ing03381,rosa centifolia flower oil
ing03382,rosa centifolia flower water
ing03383,rosa centifolia water / rosa centifolia flower water
ing03384,rosa damascena
ing03385,rosa damascena  essential oil
ing03386,rosa damascena  extract
ing03387,rosa damascena  flower extract
ing03388,rosa damascena  flower oil
ing03389,rosa damascena  flower water
ing03390,rosa damascena extract
ing03391,rosa damascena flower
ing03392,rosa damascena flower  cera
ing03393,rosa damascena flower  water
ing03394,rosa damascena flower absolute
ing03395,rosa damascena flower extract
ing03396,rosa damascena flower oil
ing03397,rosa damascena flower water
ing03398,rosa damascena flower wax
ing03399,rosa damascena flowerwater
ing03400,rosa damascena flower oil
ing03401,rosa damascena flower water
ing03402,rosa damascene flower oil
ing03403,rosa eglantaria  oil
ing03404,rosa eglentaria  seed oil
ing03405,rosa gallica extract / rosa gallica flower extract
ing03406,rosa gallica flower extract
ing03407,rosa hybrid flower extract
ing03408,rosa hybrid flower water
ing03409,rosa moschata leaf extract
ing03410,rosa moschata seed oil
ing03411,rosa multiflora  flower cera
ing03412,rosa multiflora fruit extract
ing03413,rosa rubiginosa seed oil
ing03414,rosacentifoliaflowerwax
ing03415,rosadamascena  floweroil
ing03416,rosadamascena extract
ing03417,rosadamascenaflowerwax
ing03418,rosarubiginosa  seed oil
ing03419,rosa damascena flower oil
ing03420,rose
ing03421,rose  extract
ing03422,rose anatolia: citral
ing03423,rose damascena flower oil
ing03424,rose damascena flower water
ing03425,rose essential oil
ing03426,rose extract
ing03427,rose flower oil
ing03428,rose geranium oil
ing03429,rose moschata seed oil
ing03430,rose oil anatolia
ing03431,rose otto
ing03432,rose quartz crystals. naturally occurring allergens: citronellol
ing03433,rose water
ing03434,rose water concentrated
ing03435,rosehip fruit extract
ing03436,rosehip oil
ing03437,rosemarinus officinalis  leaf water
ing03438,rosemary
ing03439,rosemary extract
ing03440,rosemary leaf oil
ing03441,rosemary oil
ing03442,rosmarin us officialis  leaf extract
ing03443,rosmarinas officinalis  leaf extract
ing03444,rosmarinus officinalis
ing03445,rosmarinus officinalis  extract
ing03446,rosmarinus officinalis  leaf extract
ing03447,rosmarinus officinalis  leaf oil
ing03448,rosmarinus officinalis  oil
ing03449,rosmarinus officinalis extract / rosemary extract
ing03450,rosmarinus officinalis flower/leaf/stem extract
ing03451,rosmarinus officinalis leaf extract
ing03452,rosmarinus officinalis leaf oil
ing03453,rosmarinus officinalis leaf oil / rosemary leaf oil
ing03454,rosmarinus officinalis leaf oil / rosemaryleaf oil
ing03455,rosmarinus officinalis leaf oil/rosemary leaf oil
ing03456,rosmarinus officinalis  leaf extract
ing03457,rosmarinus officinalis  leaf extract
ing03458,rosmarinus officinalis  leaf oil
ing03459,rosmarinusofficinalis  leaf extract
ing03460,royal jelly
ing03461,royal jelly extract
ing03462,royaljelly extract
ing03463,rubus chamaemorus  fruit extract
ing03464,rubus chamaemorus  fruit juice extract
ing03465,rubus chamaemorus  seed extract
ing03466,rubus chamaemorus  seed oil
ing03467,rubus fruticosus leaf extract
ing03468,rubus idaeus  fruit extract
ing03469,rubus idaeus  leaf cell culture
ing03470,rubus idaeus  leaf extract
ing03471,rubus idaeus  seed oil
ing03472,ruby extract
ing03473,rumex occidentalis extract
ing03474,ruscogenin
ing03475,ruscus aculeatus extract/ruscus aculeatus root extract
ing03476,ruscus aculeatus root
ing03477,ruscus aculeatus root extract
ing03478,ruscus aculeatus root extract
ing03479,s-palmitoylglutathione
ing03480,saccharide hydrolysate
ing03481,saccharide isomerate
ing03482,saccharide isomerate
ing03483,saccharin
ing03484,saccharina extract
ing03485,saccharomyces
ing03486,saccharomyces  ferment extract
ing03487,saccharomyces cerevisiae extract
ing03488,saccharomyces ferment
ing03489,saccharomyces ferment extract
ing03490,saccharomyces ferment filtrate
ing03491,saccharomyces ferment lysate filtrate
ing03492,saccharomyces lysate extract
ing03493,saccharomyces/copper ferment
ing03494,saccharomyces/honey ferment filtrate
ing03495,saccharomyces/iron ferment
ing03496,saccharomyces/magnesium ferment
ing03497,saccharomyces/silicon ferment
ing03498,saccharomyces/zinc ferment
ing03499,saccharum officinarum  extract
ing03500,saccharum officinarum extract / sugar cane extract / extrait de canne a sucre
ing03501,saccharum officinarum  extract
ing03502,safflower
ing03503,safflower glyceride/ palm oil aminopropanediol esters
ing03504,safflower oil/palm oil aminopropanediol esters
ing03505,sage extract
ing03506,salicornia herbacea extract
ing03507,salicorniaherbacea extract
ing03508,salicylate
ing03509,salicylic acid
ing03510,salicyloyl phytosphingosine
ing03511,salix alba  bark extract
ing03512,salix alba  bark extract phenoxyethanol
ing03513,salix alba  bark water
ing03514,salix alba bark extract / willow bark extract
ing03515,salix alba leaf
ing03516,salix nigra  bark extract
ing03517,salix nigra bark extract
ing03518,salvia hispanica  seed oil
ing03519,salvia hispanica seed extract
ing03520,salvia hispanica seed oil
ing03521,salvia officinalis  extract
ing03522,salvia officinalis  leaf extract
ing03523,salvia officinalis  leaf water
ing03524,salvia officinalis  oil
ing03525,salvia officinalis  leaf extract
ing03526,salvia sclarea
ing03527,salvia sclarea  extract
ing03528,salvia sclarea  flower oil
ing03529,salvia sclarea  oil
ing03530,salvia sclarea oil/clary oil
ing03531,salycilic acid
ing03532,sambucus nigra  oil
ing03533,sambucus nigra  seed oil
ing03534,sambucus nigra extract
ing03535,sambucus nigra flower
ing03536,sambucus nigra flower  extract
ing03537,sambucus nigra flower extract
ing03538,sambucus nigra flower water
ing03539,sambucus nigra fruit extract
ing03540,sandalwood
ing03541,sanguisorba officinalis root extract
ing03542,santalum album
ing03543,santalum album  oil
ing03544,santalum spicata wood oil
ing03545,sapindus mukorossi fruit extract
ing03546,sapindus mukurossi fruit extract
ing03547,sapindus mukurossi peel extract
ing03548,saponaria officinalis leaf extract
ing03549,saponaria officinalis leaf/root extract
ing03550,saponins
ing03551,sarcosinate
ing03552,sarcosine
ing03553,saxifraga sarmentosa  extract
ing03554,saxifraga sarmentosa extract
ing03555,scabiosa arvensis extract
ing03556,scabiosa arvensis extract
ing03557,schinus molle extract
ing03558,schinus terebinthifolius  fruit extract
ing03559,schinziophyton rautanenii kernel oil
ing03560,schizandra sphenanthera fruit extract
ing03561,sclerocarya birrea seed oil
ing03562,sclerotium gum
ing03563,scutellaria baicalensis  root extract
ing03564,scutellaria baicalensis extract
ing03565,scutellaria baicalensis extract / scutellaria rootextract
ing03566,scutellaria baicalensis root
ing03567,scutellaria baicalensis root extract
ing03568,scutellaria galericulata extract
ing03569,sd alcohol 40-a
ing03570,sd alcohol 40-b
ing03571,sea buckthorn
ing03572,sea buckthorn kernel extract
ing03573,sea salt
ing03574,sea silt
ing03575,sea water
ing03576,sea water extract
ing03577,sea water/maris aqua/eau de mer
ing03578,sea whip extract
ing03579,sebacic acid
ing03580,secale cereale extract / rye seed extract
ing03581,seed extract
ing03582,selaginella lepidophylla  extract
ing03583,selaginella lepidophylla extract
ing03584,serenoa serrulata  fruit extract
ing03585,serenoa serrulata fruit extract
ing03586,serine
ing03587,serum albumin
ing03588,sesamium indicum seed oil
ing03589,sesamum indicum  oil
ing03590,sesamum indicum  oil unsaponifiables
ing03591,sesamum indicum  seed extract
ing03592,sesamum indicum  seed oil
ing03593,sesamum indicum oil / sesame seed oil
ing03594,sesamumindicum  seed oil
ing03595,sh- oligopeptide-2
ing03596,sh- polypeptide-9
ing03597,sh-oligopeptide-1
ing03598,sh-polypeptide-1
ing03599,sh-polypeptide-11
ing03600,shea butter ethyl esters
ing03601,shea butter oleyl esters
ing03602,shea butterate
ing03603,shorea robusta butter / shorea robusta seed butter
ing03604,shorea stenoptera butter
ing03605,shorea stenoptera seed butter
ing03606,sicilian sea salt
ing03607,sideritis perfoliata flower/leaf/stem extract
ing03608,sideritis perfoliata flower/leaf/stem extract
ing03609,sideritis perfoliata flowers/leaves/stems extract
ing03610,sideritis raeseri flower/leaf/stem extract
ing03611,sideritis raeseri flowers/leaves/stems extract
ing03612,sideritis raeseri flowers/leaves/stems extract
ing03613,sideritis scardica flower/leaf/stem extract
ing03614,sideritis scardica flowers/leaves/stems extract
ing03615,sideritis scardica flowers/leaves/stems extract
ing03616,sideritis raeseri flowers/leaves/stems extract
ing03617,sigesbeckia orientalis  extract
ing03618,sigesbeckia orientalis extract
ing03619,silane
ing03620,silanetriol
ing03621,silica
ing03622,silica [nano] / silica
ing03623,silica [nano]/silica
ing03624,silica dimethyl silylate
ing03625,silica dimethyl silylate [nano] / silica dimethyl silylate
ing03626,silica silylate
ing03627,silk  powder
ing03628,siloxanetriol alginate
ing03629,silt
ing03630,silver
ing03631,silver citrate
ing03632,silybum marianum  extract
ing03633,silylate
ing03634,simethicone
ing03635,simmondsia chinensis  butter
ing03636,simmondsia chinensis  oil
ing03637,simmondsia chinensis  seed oil
ing03638,simmondsia chinensis seed oil
ing03639,simmondsia chinensis seed oil / jojoba seed oil
ing03640,simmondsia chinensis seed oil/jojoba seed oil
ing03641,simmondsia chinensis  esters
ing03642,simmondsia chinensis  seed oil
ing03643,simmondsia chinensis  seed oil
ing03644,simondsia chinesis  seed oil
ing03645,sinensis leaf extracts
ing03646,sinorhizobium meliloti ferment filtrate
ing03647,snail secretion filtrate
ing03648,sobitan olivate
ing03649,sodi um hydroxide
ing03650,sodium
ing03651,sodium acetate
ing03652,sodium acetylated hyaluronate
ing03653,sodium acrylate/acryloyldimethyl taurate copolymer
ing03654,sodium acrylate/sodium acryloyldimethyl taurate copolymer
ing03655,sodium acrylates copolymer
ing03656,sodium acrylates copolymer & lecithin
ing03657,sodium acrylates crosspolymer-2
ing03658,sodium acrylates/beheneth-25 methacrylate crosspolymer
ing03659,sodium acrylates/c10-30 alkyl acrylate crosspolymer
ing03660,sodium acryloyldimethyltaurate/vp crosspolymer
ing03661,sodium anisate
ing03662,sodium ascorbate
ing03663,sodium ascorbyl phosphate
ing03664,sodium beeswax
ing03665,sodium bensoate
ing03666,sodium benzoate
ing03667,sodium benzonate
ing03668,sodium benzote
ing03669,sodium benzotriazolyl butylphenol sulfonate
ing03670,sodium beta-sitosteryl sulfate
ing03671,sodium bicarbonate
ing03672,sodium bisulfite
ing03673,sodium butyroyl hyaluronate
ing03674,sodium c14-16 olefin sulfonate
ing03675,sodium caproyl prolinate
ing03676,sodium carbomer
ing03677,sodium carbonate
ing03678,sodium carboxymethyl beta-glucan
ing03679,sodium carboxymethyl betaglucan
ing03680,sodium carboxymethyl dextran
ing03681,sodium carrageenan
ing03682,sodium castorate
ing03683,sodium chloride
ing03684,sodium chloride  salt
ing03685,sodium chondroitin sulfate
ing03686,sodium citrate
ing03687,sodium coceth sulfate
ing03688,sodium coco pg-dimonium chloride phosphate
ing03689,sodium coco-sulfate
ing03690,sodium cocoamphoacetate
ing03691,sodium cocoate
ing03692,sodium cocoyl alaninate
ing03693,sodium cocoyl amino acids
ing03694,sodium cocoyl glucamate
ing03695,sodium cocoyl glutamate
ing03696,sodium cocoyl glycinate
ing03697,sodium cocoyl hydrolyzed soy protein
ing03698,sodium cocoyl isethionate
ing03699,sodium cocoyl sarcosinate
ing03700,sodium dehydroacetate
ing03701,sodium dextran sulfate
ing03702,sodium dextran sulfate
ing03703,sodium gluconate
ing03704,sodium glucuronate
ing03705,sodium glutamate
ing03706,sodium glycolate
ing03707,sodium glycyrrhetinate
ing03708,sodium hexametaphosphate
ing03709,sodium hyaluronan
ing03710,sodium hyaluronate
ing03711,sodium hyaluronate crosspolymer
ing03712,sodium hydrolyzed potato starch dodecenylsuccinate
ing03713,sodium hydroxide
ing03714,sodium hydroxyde
ing03715,sodium hydroxymethyl glycinate
ing03716,sodium hydroxymethylglycinate
ing03717,sodium isethionate
ing03718,sodium isostearate
ing03719,sodium isostearoyl lactylate
ing03720,sodium lactate
ing03721,sodium lactobionate
ing03722,sodium laurate
ing03723,sodium laureth sulfate
ing03724,sodium laureth sulphate
ing03725,sodium laureth-8 sulfate
ing03726,sodium lauroamphoacetate
ing03727,sodium lauroyl
ing03728,sodium lauroyl glutamate
ing03729,sodium lauroyl lactylate
ing03730,sodium lauroyl lactylate 
ing03731,sodium lauroyl methyl isethionate
ing03732,sodium lauroyl oat amino acids
ing03733,sodium lauroyl oat aminoacids
ing03734,sodium lauroyl sarcosinate
ing03735,sodium lauryl glucose carboxylate
ing03736,sodium lauryl glycol carboxylate
ing03737,sodium lauryl sulfate
ing03738,sodium lauryl sulfoacetate
ing03739,sodium levulinate
ing03740,sodium magnesium fluorosilicate
ing03741,sodium magnesium silicate
ing03742,sodium meta- bisulfite
ing03743,sodium metabisulfite
ing03744,sodium metaphosphate
ing03745,sodium methyl cocoyl taurate
ing03746,sodium methyl isethionate
ing03747,sodium methyl oleoyl taurate
ing03748,sodium methylparaben
ing03749,sodium myristate
ing03750,sodium myristoryl glutamate
ing03751,sodium nitrate
ing03752,sodium oleate
ing03753,sodium oleth sulfate
ing03754,sodium palm kernelate
ing03755,sodium palmamphoacetate
ing03756,sodium palmate
ing03757,sodium palmitate
ing03758,sodium palmitoyl proline
ing03759,sodium pca
ing03760,sodium phosphate
ing03761,sodium phytate
ing03762,sodium polyacrylate
ing03763,sodium polyacrylate starch
ing03764,sodium polyasparate
ing03765,sodium polyaspartate
ing03766,sodium poylacrylate
ing03767,sodium propoxyhydroxypropyl thiosulfate silica
ing03768,sodium rna
ing03769,sodium saccharin
ing03770,sodium salicylate
ing03771,sodium sarcosinate
ing03772,sodium silicate
ing03773,sodium starch octenylsuccinate
ing03774,sodium stearate
ing03775,sodium stearoyl glutamate
ing03776,sodium stearoyl lactylate
ing03777,sodium styrene/acrylates copolymer
ing03778,sodium sulfate
ing03779,sodium sulfite
ing03780,sodium sulfonate
ing03781,sodium sulphate
ing03782,sodium sulphite
ing03783,sodium tetrahydrojasmonate
ing03784,sodium trideceth sulfate
ing03785,sodium uridine triphosphate
ing03786,sodiumhydroxymethylglycinate
ing03787,sodium acrylates copolymer
ing03788,sodium benzoate
ing03789,sodium cetearyl sulfate
ing03790,sodium chloride
ing03791,sodium citrate
ing03792,sodium hyaluronate
ing03793,sodium hydroxide
ing03794,sodium phosphate
ing03795,solanum lycopersicum  fruit extract
ing03796,solanum lycopersicum  seed oil
ing03797,solanum melongena  fruit extract
ing03798,solanum melongena  fruit extract
ing03799,soluble collagen
ing03800,solum diatomeae
ing03801,sophora angustifolia natural plant extract
ing03802,sophora flavescens root extract
ing03803,sophora japonica root extract
ing03804,sorbeth-30 tetraisostearate
ing03805,sorbeth-30 tetraoleate
ing03806,sorbic acid
ing03807,sorbitan isostearate
ing03808,sorbitan laurate
ing03809,sorbitan oleate
ing03810,sorbitan olivate
ing03811,sorbitan palmitate
ing03812,sorbitan sesquicaprylate
ing03813,sorbitan sesquiisostearate
ing03814,sorbitan sesquioleate
ing03815,sorbitan stearate
ing03816,sorbitan trioleate
ing03817,sorbitan tristearate
ing03818,sorbitan tristearate
ing03819,sorbitol
ing03820,sorbitol esters
ing03821,soy acid
ing03822,soy amino acids
ing03823,soy isoflavones
ing03824,soybean glycerides
ing03825,sphagnum magellanicum extract
ing03826,spilanthes acmella flower extract
ing03827,spinacia oleracea  leaf extract
ing03828,spirulina maxima extract
ing03829,spirulina platensis extract
ing03830,spondias mombin pulp extract
ing03831,squalance
ing03832,squalane
ing03833,squalane  extract
ing03834,squalene
ing03835,steapyrium chloride
ing03836,stearalkonium hectorite
ing03837,stearamidoethyl diethylamine
ing03838,stearamidopropyl dimethylamine
ing03839,steareth-2
ing03840,steareth-20
ing03841,steareth-21
ing03842,steareth-30
ing03843,steareth-4
ing03844,stearic acid
ing03845,stearoxy dimethicone
ing03846,stearoxymethicone/dimethicone copolymer
ing03847,stearyl alcohol
ing03848,stearyl citrate
ing03849,stearyl glycyrrhetinate
ing03850,stearyl alcohol
ing03851,steraic acid
ing03852,stevioside
ing03853,strigosa seed extract
ing03854,styrax benzoin
ing03855,styrax benzoin  resin
ing03856,styrax benzoin  resin extract
ing03857,styrax benzoin gum
ing03858,styrax benzoin resin extract
ing03859,styrax japonicus branch/fruit/leaf extract
ing03860,styrax tonkinensis  resin extract
ing03861,styrene / acrylates copolymer
ing03862,styrene/ acrylates copolymer
ing03863,styrene/acrylamide copolymer
ing03864,styrene/acrylates
ing03865,styrene/acrylates copolymer
ing03866,suaeda maritima flower/leaf/stem extract
ing03867,subtilisin
ing03868,succinic acid
ing03869,succinoglycan
ing03870,sucrose
ing03871,sucrose cocoate
ing03872,sucrose dilaurate
ing03873,sucrose distearate
ing03874,sucrose laurate
ing03875,sucrose palmitate
ing03876,sucrose polybehenate
ing03877,sucrose stearate
ing03878,sucrose trilaurate
ing03879,sulfonated castor oil
ing03880,sunflower oil
ing03881,sunflower seed oil
ing03882,sunflower seed oil peg-8 esters
ing03883,superoxide dismutase
ing03884,sweet almond  oil
ing03885,sweet almond oil
ing03886,sweet almond plant oil
ing03887,sweet blood orange
ing03888,sweet orange
ing03889,sweet orange peel oil
ing03890,swertia chirata  extract
ing03891,swertia chirata extract
ing03892,symphytum
ing03893,symphytum officinale  leaf extract
ing03894,symphytum officinale extract
ing03895,symphytum officinale leaf extract
ing03896,synthetic
ing03897,synthetic beeswax
ing03898,synthetic fluorphlogopite
ing03899,synthetic wax
ing03900,syzygium luehmannii fruit extract
ing03901,t-butyl alcohol
ing03902,tagetes minuta flower oil
ing03903,talc
ing03904,tamarindus indica seed extract
ing03905,tamarindus indica seed gum
ing03906,tambourissa trichophylla leaf extract
ing03907,tanacetum annuum flower oil
ing03908,tangerine oil
ing03909,tannic acid
ing03910,tapioca starch
ing03911,taraxacum officinale  rhizome/root extract
ing03912,tartaric acid
ing03913,tasmannia lanceolata fruit/leaf extract
ing03914,tasmannia lanceolata fruit extract
ing03915,taurine
ing03916,tea cocoyl glutamate
ing03917,tea tree
ing03918,tea tree leaf oil
ing03919,tea-carbomer
ing03920,tea-cocoyl glutamate
ing03921,tea-lauryl suflate
ing03922,tea-lauryl sulfate
ing03923,tephrosia purpurea seed extract
ing03924,teprenone
ing03925,terminalia arjuna extract
ing03926,terminalia ferdinandiana fruit extract
ing03927,terpineol
ing03928,tetradecyl aminobutyroylvalylaminobutyric urea trifluoracetate
ing03929,tetradecyl aminobutyroylvalylaminobutyric urea trifluoroacetate
ing03930,tetrahexyldecyl ascorbate
ing03931,tetrahexyldecyl ascorbate
ing03932,tetrahydrodiferuloylmethane
ing03933,tetrahydropiperine
ing03934,tetrahydropyranyloxphenol
ing03935,tetramethyl-1-hexadecan-3-ol
ing03936,tetrasodium edta
ing03937,tetrasodium etidronate
ing03938,tetrasodium glutamate diacetate
ing03939,theobroma cacao  extract
ing03940,theobroma cacao  extract glycerin
ing03941,theobroma cacao  fruit powder
ing03942,theobroma cacao  plant ash
ing03943,theobroma cacao  seed butter
ing03944,theobroma cacao  seed extract
ing03945,theobroma cacao seed butter
ing03946,theobroma cacao seed butter / cocoa seed butter
ing03947,theobroma cacao  seed butter
ing03948,theobroma cacoa  seed extract
ing03949,theobroma grandiflorum fruit extract
ing03950,theobroma grandiflorum seed butter
ing03951,theobroma grandiflorum seed powder
ing03952,theobromine
ing03953,theophylline
ing03954,thermos thermophilus ferment
ing03955,thermus thermophillus ferment
ing03956,thiamine diphosphate
ing03957,thiamine hcl
ing03958,thioctic acid
ing03959,threonine
ing03960,throbroma caco  seed extract
ing03961,thymol
ing03962,thymus mastichina  oil
ing03963,thymus serpillum extract
ing03964,thymus serpyllum extract
ing03965,thymus vulgaris  flower/leaf extract
ing03966,thymus vulgaris  flower/leaf oil
ing03967,thymus vulgaris  oil
ing03968,thymus vulgaris flower/leaf oil - thyme flower/leaf oil
ing03969,thymus vulgaris leaf extract
ing03970,thymus mastichina flower oil
ing03971,tilia cordata  flower oil
ing03972,tilia cordata flower extract
ing03973,tilia vulgaris  flower extract
ing03974,tin oxide
ing03975,tipa-laureth sulfate
ing03976,titanium dioxide
ing03977,titanium dioxide 
ing03978,titanium dioxide / ci 77891
ing03979,titanium dioxide [nano]/titanium dioxide
ing03980,titanium dioxide ]
ing03981,titanium dioxide/ci 77891
ing03982,tocopherol
ing03983,tocopherol 
ing03984,tocopherol - natural vitamin e
ing03985,tocopherol acetate
ing03986,tocopherol ethylhexylglycerin
ing03987,tocopherol linoleate
ing03988,tocopherols 
ing03989,tocopheryl
ing03990,tocopheryl  acetate
ing03991,tocopheryl acetate
ing03992,tocopheryl glucoside
ing03993,tocopheryl linoleate
ing03994,tocopheryl linoleate/oleate
ing03995,tocopheryl phosphate
ing03996,tocopheryl acetate
ing03997,toluene sulfonic acid
ing03998,tomato
ing03999,tomato seed oil
ing04000,tosylamide/epoxy resin
ing04001,totarol
ing04002,tourmaline
ing04003,trametes versicolor extract
ing04004,tranexamic acid
ing04005,trehalose
ing04006,tremella fuciformis  extract
ing04007,tremella fuciformis sporocarp extract
ing04008,tri- heptanoin
ing04009,triacetin
ing04010,triacontanyl pvp
ing04011,tribehenin
ing04012,tributyl citrate
ing04013,tricaprylin
ing04014,tricaprylyl citrate
ing04015,tricholoma matsutake extract
ing04016,triclosan
ing04017,tridcane
ing04018,tridecane
ing04019,trideceth-10
ing04020,trideceth-6
ing04021,trideceth-6 phosphate
ing04022,trideceth-9
ing04023,tridecyl salicylate
ing04024,tridecyl stearate
ing04025,tridecyl trimellitate
ing04026,triethanolamine
ing04027,triethanolmanie
ing04028,triethoxycaprylylsilane
ing04029,triethyl citrate
ing04030,triethylene glycol
ing04031,triethylhexanoin
ing04032,trifluoroacetyl tripeptide-2
ing04033,trifolium pratense  flower extract
ing04034,triheptanoin
ing04035,trihydroxypalmitamidohydroxypropyl myristyl ether
ing04036,trihydroxystearin
ing04037,triisostearin
ing04038,trimethylsiloxysilicate
ing04039,triolein
ing04040,tripeptide-1
ing04041,tripeptide-3
ing04042,tripeptide-32
ing04043,tris  citrate
ing04044,trisiloxane
ing04045,trisodium edta
ing04046,trisodium ethylenediamine disuccinate
ing04047,trisodium hedta
ing04048,trisodium sulfosuccinate
ing04049,triticum aestivum  leaf extract
ing04050,triticum vulgare  bran extract
ing04051,triticum vulgare  extract
ing04052,triticum vulgare  germ extract
ing04053,triticum vulgare  germ oil
ing04054,triticum vulgare  germ oil unsaponifiables
ing04055,triticum vulgare  protein
ing04056,triticum vulgare germ oil / wheat germ oil
ing04057,triticum vulgare oil
ing04058,triticum vulgare  germ oil
ing04059,trocopherol
ing04060,tromethamine
ing04061,tropolone
ing04062,tryptophan
ing04063,tuberose absolute oil
ing04064,tyrosine
ing04065,ubiquinone
ing04066,ulmus davidiana root extract
ing04067,uncaria gambir extract
ing04068,undecane
ing04069,undecylenoyl phenylalanine
ing04070,urea
ing04071,urtica dioica  juice
ing04072,urtica dioica  leaf extract
ing04073,usnea barbata  extract
ing04074,usp
ing04075,va/butyl maleate/isobornyl acrylate copolymer
ing04076,vaccinium angustifolia  seed oil
ing04077,vaccinium angustifolium  fruit extract
ing04078,vaccinium corymbosum  seed oil
ing04079,vaccinium macrocarpon  fruit extract
ing04080,vaccinium macrocarpon  seed oil
ing04081,vaccinium myrtillus  fruit extract
ing04082,vaccinium myrtillus extract
ing04083,vaccinium myrtillus fruit extract
ing04084,vaccinium myrtillus fruit/leaf extract
ing04085,vaccinium myrtillus seed oil
ing04086,vaccinium myrtillus fruit extract
ing04087,vaccinium vitis-idaea  seed oil
ing04088,vaccinium vitis-idaea seed oil
ing04089,vacciniummyrtillusseed oil
ing04090,vacinium myrtillus fruit extract
ing04091,valeriana officinalis  root oil
ing04092,valine
ing04093,vanilla absolute
ing04094,vanilla planifolia  fruit extract
ing04095,vanilla planifolia fruit extract
ing04096,vanilla planifolia fruit extract
ing04097,vanillin
ing04098,vanillyl butyl ether
ing04099,vegetable glycerin
ing04100,vegetable oil
ing04101,vegetone rich red t2/lycopene red w/s
ing04102,veronica officinalis  flower/leaf/stem extract
ing04103,veronica officinalis extract
ing04104,vetiveria  zizanoides root oil
ing04105,vetiveria zizanoides  oil
ing04106,vetiveria zizanoides  root oil
ing04107,vetiveria zizanoides  root oil
ing04108,vetiveria zizanoides root oil
ing04109,vetiveria zizanoides root oil
ing04110,vinaza grape and kiwi  extract
ing04111,vinca minor leaf extract
ing04112,vinyl dimethicone/methicone silsesquioxane crosspolymer
ing04113,viola odorata extract
ing04114,viola tricolor extract
ing04115,viola tricolor extract
ing04116,violet 2
ing04117,violet 2 
ing04118,virginiana water / witch hazel water
ing04119,visit viniferous  fruit extract
ing04120,vitamin-c
ing04121,vitis vinfera seed oil
ing04122,vitis vinifera
ing04123,vitis vinifera 
ing04124,vitis vinifera  fruit extract
ing04125,vitis vinifera  fruit water
ing04126,vitis vinifera  juice
ing04127,vitis vinifera  seed extract
ing04128,vitis vinifera  seed extract. fragrance of sandalwood
ing04129,vitis vinifera  seed extract. fragrance of vanilla & mandarin: coumarin
ing04130,vitis vinifera  seed oil
ing04131,vitis vinifera fruit extract
ing04132,vitis vinifera fruit water / grape fruit water
ing04133,vitis vinifera leaf extract
ing04134,vitis vinifera seed
ing04135,vitis vinifera seed extract
ing04136,vitis vinifera seed extract / grape seed extract
ing04137,vitis vinifera seed oil
ing04138,vitis vinifera seed oil / grape seed oil
ing04139,vitis vinifera  seed oil
ing04140,vitreoscilla ferment
ing04141,volcanic ash
ing04142,volcanic new zealand mud
ing04143,vp/eicosene copolymer
ing04144,vp/hexadecene copolymer
ing04145,vp/va copolymer
ing04146,vulgaris extract
ing04147,water
ing04148,water 
ing04149,water / aqua / eau
ing04150,water sodium hyaluronate
ing04151,water/ aqua/ eau
ing04152,water/aqua
ing04153,water/aqua/eau
ing04154,water\aqua\eau
ing04155,water\aqua\eau; lavandula angustifolia  flower water
ing04156,water\aqua\eau; methyl trimethicone; butylene glycol; peg-100 stearate; dimethicone; cetyl ricinoleate; silica; olea europaea  fruit oil; glycerin; behenyl alcohol; cucumis sativus  fruit extract; panax ginseng  root extract; castanea sativa  seed extract; camellia sinensis  leaf extract; cordyceps sinensis extract; magnolia officinalis bark extract; pyrus malus  fruit extract; scutellaria baicalensis root extract; pantethine; panthenol; caprylic/capric triglyceride; butyrospermum parkii ; caffeine; coleus barbatus extract; yeast extract\faex\extrait de levure; folic acid; hydrogenated lecithin; jojoba wax peg-120 esters; biotin; tribehenin; myristyl alcohol; palmitoyl tetrapeptide-7; trehalose; sodium hyaluronate; ascorbyl tocopheryl maleate; hesperidin methyl chalcone; sodium sulfite; sodium metabisulfite; steareth-20; dipeptide-2; ethylhexylglycerin; carbomer; tromethamine; sorbic acid; chlorphenesin; phenoxyethanol; mica; titanium dioxide ; iron oxides
ing04157,wheat amino acids
ing04158,whey protein
ing04159,whey protein\lactis protein\proteine du petit-lait
ing04160,whey protein\lactis protein\protéine du petit-lait
ing04161,wild berry and musk: benzyl salicylate
ing04162,witch hazel
ing04163,xantham gum
ing04164,xanthan gum
ing04165,xanthan gum crosspolymer
ing04166,xanthan gum
ing04167,xanthum gum
ing04168,ximinia americana seed oil
ing04169,xylitol
ing04170,xylitylglucoside
ing04171,yeast amino acids
ing04172,yeast extract
ing04173,yeast extract/faex
ing04174,yeast extract\faex\extrait de levure
ing04175,yellow 5
ing04176,yellow 5 
ing04177,yellow 5 / ci 19140
ing04178,yellow 5 lake
ing04179,yellow 5 
ing04180,yellow 6
ing04181,yellow 6 
ing04182,yellow 6 / ci 15985
ing04183,ylang ylang & patchouli: benzyl alcohol
ing04184,yogurt powder
ing04185,yucca schidigera leaf/root/stem extract
ing04186,yucca schidigera root extract
ing04187,zanthoxylum piperitum fruit extract
ing04188,zea mays  kernel extract
ing04189,zea mays  oil
ing04190,zea mays  starch
ing04191,zea mays germ oil / corn germ oil
ing04192,zea mays oil
ing04193,zea mays oil / corn oil
ing04194,zea mays oil/corn oil
ing04195,zea mays starch
ing04196,zea mays starch / corn starch
ing04197,zeamays  oil
ing04198,zeolite
ing04199,zinc aspartate
ing04200,zinc citrate
ing04201,zinc gluconate
ing04202,zinc glycine
ing04203,zinc laurate
ing04204,zinc oxide
ing04205,zinc oxide 
ing04206,zinc oxidum
ing04207,zinc pca
ing04208,zinc sulfate
ing04209,zinc sulphate
ing04210,zinc gluco- nate
ing04211,zinc gluconate
ing04212,zingiber aromaticus extract
ing04213,zingiber cassumunar root oil
ing04214,zingiber officinale  extract
ing04215,zingiber officinale  root extract
ing04216,zingiber officinale  root oil
ing04217,zingiber officinale root extract
ing04218,zingiber officinale root oil/ginger root oil
ing04219,zizyphus jujuba seed extract
