product_id,name,brand,price,type,ingredients_parsed
p00000,The Ordinary Natural Moisturising Factors + HA 30ml,The Ordinary,5.2,Moisturiser,"[""water"", ""caprylic/capric triglyceride"", ""cetyl alcohol"", ""propanediol"", ""stearyl alcohol"", ""glycerin"", ""sodium hyaluronate"", ""arginine"", ""aspartic acid"", ""glycine"", ""alanine"", ""serine"", ""valine"", ""isoleucine"", ""proline"", ""threonine"", ""histidine"", ""phenylalanine"", ""glucose"", ""maltose"", ""fructose"", ""trehalose"", ""sodium pca"", ""pca"", ""sodium lactate"", ""urea"", ""allantoin"", ""linoleic acid"", ""oleic acid"", ""phytosteryl canola glycerides"", ""palmitic acid"", ""stearic acid"", ""lecithin"", ""triolein"", ""tocopherol"", ""carbomer"", ""isoceteth-20"", ""polysorbate 60"", ""sodium chloride"", ""citric acid"", ""trisodium ethylenediamine disuccinate"", ""pentylene glycol"", ""triethanolamine"", ""sodium hydroxide"", ""phenoxyethanol"", ""chlorphenesin""]"
p00001,CeraVe Facial Moisturising Lotion SPF 25 52ml,CeraVe,13.0,Moisturiser,"[""water"", ""homosalate"", ""glycerin"", ""octocrylene"", ""ethylhexyl"", ""salicylate"", ""niacinamide"", ""silica"", ""butyl methoxydibenzoylmethane"", ""dimethicone"", ""cetearyl alcohol"", ""peg-100 stearate"", ""glyceryl stearate"", ""phenoxyethanol"", ""stearic acid"", ""behentrimonium methosulfate"", ""caprylyl glycol"", ""palmitic acid"", ""ammonium polyacryloyldimethyl taurate"", ""xanthan gum"", ""disodium edta"", ""tocopherol"", ""sodium lauroyl lactylate"", ""myristic acid"", ""sodium hyaluronate"", ""ceramide np"", ""ceramide ap"", ""phytosphingosine"", ""cholesterol"", ""cerbomer"", ""ethylhexyglycerin"", ""ceramide eop""]"
p00002,The Ordinary Hyaluronic Acid 2% + B5 Hydration Support Formula 30ml,The Ordinary,6.2,Moisturiser,"[""water"", ""sodium hyaluronate"", ""sodium hyaluronate crosspolymer"", ""panthenol"", ""ahnfeltia concinna extract"", ""glycerin"", ""pentylene glycol"", ""propanediol"", ""polyacrylate crosspolymer-6"", ""ppg-26-buteth-26"", ""peg-40 hydrogenated castor oil"", ""trisodium ethylenediamine disuccinate"", ""citric acid"", ""ethoxydiglycol"", ""caprylyl glycol"", ""hexylene glycol"", ""ethylhexylglycerin"", ""phenoxyethanol"", ""chlorphenesin""]"
p00003,AMELIORATE Transforming Body Lotion 200ml,AMELIORATE,22.5,Moisturiser,"[""aqua/water/eau"", ""ammonium lactate"", ""c12-15 alkyl benzoate"", ""glycerin"", ""prunus amygdalus dulcis  oil"", ""ethylhexyl palmitate"", ""cetearyl alcohol"", ""glyceryl stearate"", ""peg-100 stearate"", ""dimethicone"", ""hydroxyethylcellulose"", ""phenoxyethanol"", ""cetearyl glucoside"", ""xanthan gum"", ""sodium benzoate"", ""sodium stearoyl glutamate"", ""tocopheryl acetate"", ""fragrance"", ""potassium sorbate"", ""pentylene glycol"", ""hydrolyzed milk protein"", ""disodium edta"", ""lactic acid"", ""serine"", ""sodium lactate"", ""sorbitol"", ""urea"", ""linalool"", ""citronellol"", ""sodium chloride"", ""citrus aurantium dulcis  oil"", ""limonene"", ""coumarin"", ""juniperus mexicana  oil"", ""alpha-isomethyl ionone"", ""allantoin"", ""pelargonium graveolens  oil"", ""geraniol""]"
p00004,CeraVe Moisturising Cream 454g,CeraVe,16.0,Moisturiser,"[""purified water"", ""glycerin"", ""ceteareth-20 and cetearyl alcohol"", ""caprylic/capric triglyceride"", ""behentrimonium methosulfate"", ""cetearyl alcohol"", ""cetyl alcohol"", ""ceramide 3"", ""ceramide 6-ii"", ""ceramide 1"", ""hyaluronic acid"", ""cholesterol"", ""petrolatum"", ""dimethicone"", ""potassium phosphate"", ""dipotassium phosphate"", ""sodium lauroyl lactylate"", ""disodium edta"", ""phenoxyethanol"", ""methylparaben"", ""propylparaben"", ""phytosphingosine"", ""carbomer"", ""xanthan gum""]"
p00005,CeraVe Moisturising Lotion 473ml,CeraVe,15.0,Moisturiser,"[""water"", ""glycerin"", ""caprylic/capric triglyceride"", ""cetearyl alcohol"", ""cetyl alcohol"", ""dimethicone"", ""phenoxyethanol"", ""polysorbate 20"", ""ceteareth-20"", ""behentrimonium methosulfate"", ""polyglyceryl-3 diisostearate"", ""sodium lauroyl lactylate"", ""ethylhexylglycerin"", ""potassium phosphate"", ""disodium edta"", ""dipotassium phosphate"", ""ceramide np"", ""ceramide ap"", ""phytosphingosine"", ""cholesterol"", ""xanthan gum"", ""carbomer"", ""sodium hyaluronate"", ""tocopherol"", ""ceramide eop""]"
p00006,CeraVe Facial Moisturising Lotion No SPF 52ml,CeraVe,13.0,Moisturiser,"[""purified water"", ""glycerin"", ""caprylic/capric triglycerides"", ""niacinamide"", ""cetearyl alcohol"", ""ceramide 3"", ""ceramide 6-ii"", ""ceramide 1"", ""phytosphingosine"", ""hyaluronic acid"", ""sodium hydroxide"", ""dimethicone"", ""behentrimonium methosulfate"", ""ceteareth-20"", ""polyglyceryl-3 diisostearate"", ""cholesterol"", ""xanthan gum"", ""carbomer"", ""disodium edta"", ""dipotassium phosphate"", ""potassium phosphate"", ""sodium lauroyl lactylate""]"
p00007,The Ordinary Natural Moisturizing Factors + HA 100ml,The Ordinary,6.8,Moisturiser,"[""water"", ""caprylic/capric triglyceride"", ""cetyl alcohol"", ""propanediol"", ""stearyl alcohol"", ""glycerin"", ""sodium hyaluronate"", ""arginine"", ""aspartic acid"", ""glycine"", ""alanine"", ""serine"", ""valine"", ""isoleucine"", ""proline"", ""threonine"", ""histidine"", ""phenylalanine"", ""glucose"", ""maltose"", ""fructose"", ""trehalose"", ""sodium pca"", ""pca"", ""sodium lactate"", ""urea"", ""allantoin"", ""linoleic acid"", ""oleic acid"", ""phytosteryl canola glycerides"", ""palmitic acid"", ""stearic acid"", ""lecithin"", ""triolein"", ""tocopherol"", ""carbomer"", ""isoceteth-20"", ""polysorbate 60"", ""sodium chloride"", ""citric acid"", ""trisodium ethylenediamine disuccinate"", ""pentylene glycol"", ""triethanolamine"", ""sodium hydroxide"", ""phenoxyethanol"", ""chlorphenesin""]"
p00008,CeraVe Smoothing Cream 177ml,CeraVe,12.0,Moisturiser,"[""purified water"", ""glycerin"", ""behentrimonium methosulfate"", ""cetearyl alcohol"", ""mineral oil"", ""glyceryl stearate se"", ""ammonium lactate"", ""salicylic acid"", ""triethanolamine"", ""cetyl alcohol"", ""niacinamide"", ""peg-100 stearate"", ""cholecalciferol"", ""ceramide 3"", ""ceramide 6-ii"", ""ceramide 1"", ""cholesterol"", ""phytosphingosine"", ""hyaluronic acid"", ""phenoxyethanol"", ""dimethicone"", ""methylparaben"", ""edetate disodium"", ""propylparaben"", ""sodium lauroyl lactylate"", ""carbomer"", ""xanthan gum""]"
p00009,Clinique Moisture Surge 72 Hour Moisturiser 75ml,Clinique,37.0,Moisturiser,"[""water\\aqua\\eau"", ""dimethicone"", ""butylene glycol"", ""glycerin"", ""trisiloxane"", ""trehalose"", ""sucrose"", ""ammonium acryloyldimethyltaurate/vp copolymer"", ""hydroxyethyl urea"", ""camellia sinensis  leaf extract"", ""silybum marianum  extract"", ""betula alba  bark extract"", ""saccharomyces lysate extract"", ""aloe barbadensis leaf water"", ""thermus thermophillus ferment"", ""caffeine"", ""sorbitol"", ""palmitoyl hexapeptide-12"", ""sodium hyaluronate"", ""caprylyl glycol"", ""oleth-10"", ""sodium polyaspartate"", ""saccharide isomerate"", ""hydrogenated lecithin"", ""tocopheryl acetate"", ""acrylates/c10-30 alkyl acrylate crosspolymer"", ""glyceryl polymethacrylate"", ""tromethamine"", ""peg-8"", ""hexylene glycol"", ""magnesium ascorbyl phosphate"", ""disodium edta"", ""bht"", ""phenoxyethanol"", ""red 4"", ""yellow 5 ""]"
p00010,CeraVe Moisturising Cream 50ml,CeraVe,4.0,Moisturiser,"[""purified water"", ""glycerin"", ""ceteareth-20 and cetearyl alcohol"", ""caprylic/capric triglyceride"", ""behentrimonium methosulfate"", ""cetearyl alcohol"", ""cetyl alcohol"", ""ceramide 3"", ""ceramide 6-ii"", ""ceramide 1"", ""hyaluronic acid"", ""cholesterol"", ""petrolatum"", ""dimethicone"", ""potassium phosphate"", ""dipotassium phosphate"", ""sodium lauroyl lactylate"", ""disodium edta"", ""phenoxyethanol"", ""methylparaben"", ""propylparaben"", ""phytosphingosine"", ""carbomer"", ""xanthan gum""]"
p00011,CeraVe Moisturising Cream 340g,CeraVe,13.0,Moisturiser,"[""purified water"", ""glycerin"", ""ceteareth-20 and cetearyl alcohol"", ""caprylic/capric triglyceride"", ""behentrimonium methosulfate"", ""cetearyl alcohol"", ""cetyl alcohol"", ""ceramide 3"", ""ceramide 6-ii"", ""ceramide 1"", ""hyaluronic acid"", ""cholesterol"", ""petrolatum"", ""dimethicone"", ""potassium phosphate"", ""dipotassium phosphate"", ""sodium lauroyl lactylate"", ""disodium edta"", ""phenoxyethanol"", ""methylparaben"", ""propylparaben"", ""phytosphingosine"", ""carbomer"", ""xanthan gum""]"
p00012,First Aid Beauty Ultra Repair Cream (56.7g),First Aid Beauty,12.0,Moisturiser,"[""colloidal oatmeal"", ""water"", ""stearic acid"", ""glycerin"", ""c12-15 alkyl benzoate"", ""caprylic/capric triglyceride"", ""glyceryl stearate"", ""glyceryl stearate se"", ""cetearyl alcohol"", ""caprylyl glycol"", ""phenoxyethanol"", ""butyrospermum parkii"", ""squalane"", ""allantoin"", ""sodium hydroxide"", ""dimethicone"", ""xanthan gum"", ""disodium edta"", ""chrysanthemum parthenium  extract"", ""camellia sinensis leaf extract"", ""butylene glycol"", ""glycyrrhiza glabra  root extract"", ""eucalyptus globulus leaf extract"", ""ceramide 3""]"
p00013,Avène Antirougeurs Jour Redness Relief Moisturizing Protecting Cream (40ml),Avène,16.0,Moisturiser,"[""avene thermal spring water"", ""ethylhexyl methoxycinnamate"", ""c12-15 alkyl benzoate"", ""carthamus tinctorius  seed\u00a0oil"", ""cyclomethicone"", ""glycerin"", ""caprylic/capric triglyceride"", ""octocrylene"", ""bisethylhexyloxyphenol\u00a0methoxyphenyl triazine"", ""arachidyl alcohol"", ""glyceryl stearate"", ""peg- 100 stearate"", ""arachidyl glucoside"", ""behenyl alcohol"", ""bht. blue 1"", ""caprylyl glycol"", ""dextran sulfate"", ""disodium edta"", ""fragrance"", ""hesperidin methyl chalcone"", ""hydroxyethyl\u00a0acrylate/sodium acryloyldimethyl taurate copolymer"", ""isohexadecane"", ""magnesium silicate"", ""mica"", ""polysorbate 60"", ""ruscus aculeatus root\u00a0extract"", ""sorbic acid"", ""sorbitan isostearate"", ""titanium dioxide"", ""water"", ""xanthan gum""]"
p00014,Clinique Dramatically Different Moisturising Lotion+ 125ml with Pump,Clinique,30.0,Moisturiser,"[""water\\aqua\\eau"", ""mineral oil\\paraffinum liquidum\\huile min\u00e9rale"", ""glycerin"", ""petrolatum"", ""stearic acid"", ""glyceryl stearate"", ""sesamum indicum  oil"", ""urea"", ""lanolin alcohol"", ""triethanolamine"", ""hordeum vulgare  extract\\extrait d'orge"", ""cucumis sativus  fruit extract"", ""helianthus annuus  seedcake"", ""propylene glycol dicaprate"", ""sodium hyaluronate"", ""butylene glycol"", ""pentylene glycol"", ""trisodium edta"", ""phenoxyethanol"", ""yellow 6"", ""yellow 5"", ""red 33 ""]"
p00015,First Aid Beauty Ultra Repair Cream (170g),First Aid Beauty,25.0,Moisturiser,"[""colloidal oatmeal"", ""water"", ""stearic acid"", ""glycerin"", ""c12-15 alkyl benzoate"", ""caprylic/capric triglyceride"", ""glyceryl stearate"", ""glyceryl stearate se"", ""cetearyl alcohol"", ""caprylyl glycol"", ""phenoxyethanol"", ""butyrospermum parkii"", ""squalane"", ""allantoin"", ""sodium hydroxide"", ""dimethicone"", ""xanthan gum"", ""disodium edta"", ""chrysanthemum parthenium  extract"", ""camellia sinensis leaf extract"", ""butylene glycol"", ""glycyrrhiza glabra  root extract"", ""eucalyptus globulus leaf extract"", ""ceramide 3""]"
p00016,Weleda Skin Food (75ml),Weleda,12.95,Moisturiser,"[""water"", ""helianthus annuus  seed oil"", ""lanolin"", ""prunus amygdalus dulcis  oil"", ""beeswax"", ""alcohol"", ""polyglyceryl-3 polyricinoleate"", ""glycerin"", ""limonene"", ""viola tricolor extract"", ""fragrance"", ""hydrolyzed beeswax"", ""sobitan olivate"", ""rosmarinus officinalis  leaf extract"", ""chamomilla recutita  flower extract"", ""calendula officinalis flower extract"", ""arginine"", ""zinc sulfate"", ""linalool"", ""geraniol"", ""citral"", ""coumarin""]"
p00017,Neutrogena Hydro Boost City Shield SPF Moisturiser,Neutrogena,12.99,Moisturiser,"[""water"", ""glycerin"", ""homosalate"", ""caprylyl methicone"", ""ethylhexyl salicylate"", ""butyl methoxydibenzoylmethane"", ""phenylbenzimidazole sulfonic acid"", ""octocrylene"", ""sodium acryloyldimethyltaurate/vp crosspolymer"", ""silica"", ""sodium hyaluronate"", ""tocopheryl acetate"", ""dicaprylyl carbonate"", ""glyceryl stearate"", ""steareth-21"", ""sodium polyacrylate"", ""disodium edta"", ""sodium hydroxide"", ""sodium ascorbyl phosphate"", ""tocopherol"", ""benzyl alcohol"", ""chlorphenesin"", ""phenoxyethanol"", ""parfum"", ""ci 16035"", ""ci 42090""]"
p00018,Egyptian Magic All Purpose Skin Cream 118ml/4oz,Egyptian Magic,30.0,Moisturiser,"[""olive oil"", ""beeswax"", ""honey"", ""bee pollen"", ""royal jelly"", ""propolis extract""]"
p00019,JASON Aloe Vera 98% Moisturising Gel Tube 113g,JASON,2.99,Moisturiser,"[""aloe barbadensis  leaf gel"", ""water"", ""vegetable glycerin"", ""allantoin"", ""polysorbate 20"", ""panthenol"", ""potassium carbomer"", ""arginine"", ""natural menthol"", ""benzyl alcohol"", ""potassium sorbate"", ""sodium benzoate"", ""chlorophyllin-copper complex"", ""fragrance oil blend""]"
p00020,CeraVe Moisturising Cream 177ml,CeraVe,9.0,Moisturiser,"[""purified water"", ""glycerin"", ""ceteareth-20 and cetearyl alcohol"", ""caprylic/capric triglyceride"", ""behentrimonium methosulfate"", ""cetearyl alcohol"", ""cetyl alcohol"", ""ceramide 3"", ""ceramide 6-ii"", ""ceramide 1"", ""hyaluronic acid"", ""cholesterol"", ""petrolatum"", ""dimethicone"", ""potassium phosphate"", ""dipotassium phosphate"", ""sodium lauroyl lactylate"", ""disodium edta"", ""phenoxyethanol"", ""methylparaben"", ""propylparaben"", ""phytosphingosine"", ""carbomer"", ""xanthan gum""]"
p00021,Embryolisse Lait-Crème Concentré (75ml),Embryolisse,20.0,Moisturiser,"[""aqua. paraffinum liquidum. stearic acid. glyceryl stearate. triethanolamine. cera alba. cetyl palmitate. butyrospermum parkii.\u00a0steareth-10. polyacrylamide c13-14 isoparaffin"", ""laureth-7. propylene glycol"", ""hydrolyzed soy protein"", ""aloe barbadensis. 1"", ""2-hexanediol"", ""caprylyl glycol. tropolone. parfum""]"
p00022,La Roche-Posay Effaclar H Moisturiser 40ml,La Roche-Posay,9.99,Moisturiser,"[""water"", ""squalane"", ""glycerin"", ""cyclohexasiloxane"", ""propylene glycol"", ""butyrospermum parkii / shea butter"", ""caprylic/capric triglyceride"", ""peg-100 stearate"", ""glyceryl stearate"", ""peg-20 stearate"", ""bisabolol"", ""tea-carbomer"", ""ammonium polyacryloyldimethyl taurate"", ""disodium edta"", ""hydroxypalmitoyl sphinganine"", ""tetrasodium edta"", ""xanthan gum"", ""cetyl alcohol"", ""stearyl alcohol"", ""myristyl alcohol"", ""t-butyl alcohol"", ""citric acid"", ""tocopherol"", ""sodium benzoate"", ""phenoxyethanol"", ""methylparaben"", ""propylparaben"", ""parfum ""]"
p00023,Bulldog Original Moisturiser 100ml,Bulldog,4.5,Moisturiser,"[""water"", ""ethylhexyl palmitate"", ""caprylic/capric triglyceride"", ""glycerin"", ""sodium polyacrylate"", ""sorbitan stearate"", ""pentaerythrityl distearate"", ""phenoxyethanol"", ""tocopheryl acetate"", ""sodium stearoyl glutamate"", ""benzoic acid"", ""carbomer"", ""dehydroacetic acid"", ""mannan"", ""camellia sinensis leaf extract"", ""hydrolyzed algin"", ""citrus aurantium bergamia  peel oil"", ""citrus limon  peel oil"", ""sodium hydroxide"", ""ethylhexylglycerin"", ""artemisia vulgaris oil"", ""maris aqua"", ""polyaminopropyl biguanide"", ""pelargonium graveolens oil"", ""pogostemon cablin leaf oil"", ""chlorella vulgaris extract"", ""citrus aurantifolia  oil"", ""evernia furfuracea  extract"", ""juniperus virginiana oil"", ""vetiveria zizanoides root oil"", ""citral"", ""citronellol"", ""geraniol"", ""limonene"", ""linalool""]"
p00024,Clinique Dramatically Different Moisturising Gel 125ml with Pump,Clinique,30.0,Moisturiser,"[""water\\aqua\\eau"", ""dimethicone"", ""isododecane"", ""butylene glycol"", ""bis-peg-18 methyl ether dimethyl silane"", ""glycerin"", ""laminaria saccharina extract"", ""polygonum cuspidatum root extract"", ""saccharomyces lysate extract"", ""cucumis sativus  fruit extract"", ""hordeum vulgare  extract\\extrait d'orge"", ""helianthus annuus  seedcake"", ""caffeine"", ""trehalose"", ""sodium hyaluronate"", ""tocopheryl acetate"", ""polysilicone-11"", ""silica"", ""propylene glycol dicaprate"", ""oleth-10"", ""lactobacillus ferment"", ""laureth-23"", ""laureth-4"", ""ammonium acryloyldimethyltaurate/vp copolymer"", ""carbomer"", ""caprylyl glycol"", ""hexylene glycol"", ""tromethamine"", ""disodium edta"", ""phenoxyethanol"", ""yellow 5"", ""red 4"", ""yellow 6 ""]"
p00025,La Roche-Posay Effaclar Duo+ SPF30 40ml,La Roche-Posay,17.5,Moisturiser,"[""water"", ""octocrylene"", ""glycerin"", ""homosalate"", ""ethylhexyl salicylate"", ""alcohol denat"", ""niacinamide"", ""butyl methoxydibenzoylmethane"", ""dimethicone"", ""sorbitan stearate"", ""silica"", ""isopropyllauroyl"", ""sarcosinate"", ""styrene/acrylates""]"
p00026,Avene Very High Protection B-Protect SPF 50+ 30ml,Avene,14.0,Moisturiser,"[""avene thermal spring water"", ""c12-15 alkyl benzoate"", ""dicaprylyl carbonate"", ""methylene bis-benzotriazolyl tetramethylbutylphenol [nano]"", ""water"", ""silica"", ""bis-ethylhexyloxyphenol methoxyphenyl triazine"", ""diethylhexyl butamido triazone"", ""aluminum starch octenylsuccinate"", ""diisopropyl adipate"", ""butyl methoxydibenzoylmethane"", ""titanium dioxide"", ""decyl glucoside"", ""glyceryl stearate"", ""potassium cetyl phosphate"", ""vp/eicosene copolymer"", ""acrylates/ammonium methacrylate copolymer"", ""acrylates/c10-30 alkyl acrylate crosspolymer"", ""alumina"", ""benzoic acid"", ""butylene glycol"", ""caprylic/capric triglyceride"", ""caprylyl glycol"", ""disodium edta"", ""fragrance"", ""glyceryl behenate"", ""glyceryl dibehenate"", ""isopropyl myristate"", ""oxothiazolidine"", ""propylene glycol"", ""sodium benzoate"", ""sodium hydroxide"", ""stearyl alcohol"", ""tocopherol"", ""tocopheryl glucoside"", ""tribehenin"", ""triethyl citrate"", ""xanthan gum""]"
p00027,Avène Tolérance Extrême Emulsion 50ml,Avène,11.25,Moisturiser,"[""avene thermal spring water"", ""squalane"", ""behenyl alcohol"", ""caprylic/capric triglyceride"", ""glycerin"", ""sodium acrylates/c10-30 alkyl acrylate crosspolymer"", ""water ""]"
p00028,Estée Lauder DayWear Advanced Multi-Protection Anti-Oxidant Creme SPF15 N/C 50ml,Estée Lauder,40.5,Moisturiser,"[""water\\aqua\\eau"", ""ethylhexyl salicylate"", ""dimethicone"", ""butyloctyl salicylate"", ""butylene glycol"", ""butyl methoxydibenzoylmethane"", ""polyester-8"", ""cetyl ricinoleate"", ""steareth-21"", ""steareth-2"", ""di-c12-15 alkyl fumarate"", ""caprylic/capric/myristic/stearic triglyceride"", ""polysilicone-11"", ""psidium guajava  fruit extract"", ""gentiana lutea  root extract"", ""polygonum cuspidatum root extract"", ""stearyl alcohol"", ""hordeum vulgare  extract\\extrait d'orge"", ""laminaria ochroleuca extract"", ""rosmarinus officinalis  leaf extract"", ""triticum vulgare  germ extract"", ""artemia extract"", ""fumaria officinalis flower/leaf/stem extract"", ""caffeine"", ""pentylene glycol"", ""citrus medica limonum  fruit extract"", ""hydrolyzed rice extract"", ""vitis vinifera  seed extract"", ""hydrolyzed rice bran extract"", ""lauryl peg-9 polydimethylsiloxyethyl dimethicone"", ""thermus thermophillus ferment"", ""behenyl alcohol"", ""acrylic acid/vp crosspolymer"", ""triacontanyl pvp"", ""glycerin"", ""c12-15 alkyl benzoate"", ""linoleic acid"", ""cholesterol"", ""squalane"", ""sodium pca"", ""1"", ""2-hexanediol"", ""urea"", ""caprylic/capric triglyceride"", ""dipropylene glycol dibenzoate"", ""tocopheryl acetate"", ""acrylamide/sodium acryloyldimethyltaurate copolymer"", ""tetrahexyldecyl ascorbate"", ""sodium hyaluronate"", ""ergothioneine"", ""isohexadecane"", ""ppg-15 stearyl ether benzoate"", ""glycyrrhetinic acid"", ""trehalose"", ""polyquaternium-51"", ""polysorbate 80"", ""lecithin"", ""hydrogenated lecithin"", ""fumaric acid"", ""palmitoyl hydroxypropyltrimonium amylopectin/glycerin crosspolymer"", ""caprylyl glycol"", ""cyclodextrin"", ""sodium hydroxide"", ""nordihydroguaiaretic acid"", ""sodium chloride"", ""ascorbyl tocopheryl maleate"", ""fragrance"", ""citric acid"", ""ethylbisiminomethylguaiacol manganese chloride"", ""pentaerythrityl tetra-di-t-butyl hydroxyhydrocinnamate"", ""disodium edta"", ""bht"", ""sodium dehydroacetate"", ""phenoxyethanol"", ""blue 1"", ""yellow 5"", ""chromium hydroxide green""]"
p00029,Embryolisse Lait-Crème Concentré (30ml),Embryolisse,13.0,Moisturiser,"[""aqua. paraffinum liquidum. stearic acid. glyceryl stearate. triethanolamine. cera alba. cetyl palmitate. butyrospermum parkii.\u00a0steareth-10. polyacrylamide c13-14 isoparaffin"", ""laureth-7. propylene glycol"", ""hydrolyzed soy protein"", ""aloe barbadensis. 1"", ""2-hexanediol"", ""caprylyl glycol. tropolone. parfum""]"
p00030,The Chemistry Brand Intense Youth Complex Hand Cream 100ml,The Chemistry Brand,18.99,Moisturiser,"[""water"", ""propanediol"", ""caprylic/capric triglyceride"", ""cetearyl alcohol"", ""cetearyl glucoside"", ""cyclopentasiloxane"", ""cetyl alcohol"", ""glycerin"", ""tremella fuciformis sporocarp extract"", ""cellulose"", ""pseudoalteromonas ferment extract"", ""calendula officinalis flower extract"", ""alanine"", ""proline"", ""serine"", ""tocopherol"", ""glycine soja oil"", ""dimethicone/vinyl dimethicone crosspolymer"", ""sodium polyacrylate"", ""menthol"", ""betaine"", ""xanthan gum"", ""caprylyl glycol"", ""potassium sorbate"", ""acrylates/c12-22 alkyl methacrylate copolymer"", ""ethyl menthane carboxamide"", ""hydroxypropylcellulose"", ""menthyl lactate"", ""propylene glycol"", ""methyl diisopropyl propionamide"", ""ethylhexylglycerin"", ""sodium phosphate"", ""sodium hydroxide"", ""chlorphenesin phenoxyethanol"", ""fragrance"", ""citral"", ""coumarin"", ""geraniol"", ""limonene"", ""linalool""]"
p00031,Avène Tolérance Extrême Cream 50ml,Avène,15.0,Moisturiser,"[""avene thermal spring water"", ""caprylic/capric triglyceride"", ""glycerin"", ""butyrospermum parkii  butter"", ""carthamus tinctorius  seed oil"", ""behenyl alcohol"", ""sodium acrylates/c10-30 alkyl acrylate crosspolymer"", ""water ""]"
p00032,La Roche-Posay Toleriane Ultra Overnight Moisturiser 40ml,La Roche-Posay,19.0,Moisturiser,"[""aqua / water"", ""glycerin"", ""squalane"", ""propanediol"", ""butylene glycol"", ""butyrospermum parkii butter / shea butter"", ""pentylene glycol"", ""niacinamide"", ""dimethicone"", ""ammonium polyacryldimethyltauramide / ammonium polyacryloyldimethyl taurate"", ""polymethylsilsesquioxane"", ""polysorbate 20"", ""allantoin"", ""glyceryl acrylate/acrylic acid copolymer"", ""dimethiconol"", ""aluminum starch octenylsuccinate"", ""carnosine"", ""disodium edta"", ""citric acid"", ""acetyl dipeptide-1 cetyl ester"", ""xanthan gum"", ""t-butyl alcohol"", ""toluene sulfonic acid"", ""tocopherol""]"
p00033,First Aid Beauty Hello FAB Coconut Water Cream,First Aid Beauty,30.0,Moisturiser,"[""cocos nucifera  fruit juice"", ""glucose"", ""maltodextrin"", ""water"", ""dimethicone"", ""cyclopentasiloxane"", ""sodium acrylate/sodium acryloyldimethyl taurate copolymer"", ""cocos nu-cifera  fruit extract"", ""alteromonas\u00a0ferment filtrate"", ""pyrus malus  fruit extract"", ""prunus armeniaca  fruit extract"", ""vanilla planifolia\u00a0fruit extract"", ""sodium hyaluronate"", ""sea salt"", ""lycium barbarum fruit extract"", ""glycyrrhiza\u00a0glabra  root extract"", ""chrysanthemum parthenium  extract"", ""camellia sinensis leaf extract"", ""dip-teryx odorata seed extract"", ""coffea arabica  seed extract"", ""caprylyl glycol"", ""caprylic/capric triglyceride"", ""butylene glycol"", ""hydrogenated polydecene"", ""dimethicone cross-polymer"", ""dipropylene glycol"", ""cetyl diglyceryl tris silylethyl dimethicone"", ""phe-noxyethanol"", ""laureth-8""]"
p00034,Elemis Pro-Collagen Marine Cream SPF30 50ml,Elemis,87.0,Moisturiser,"[""aqua/water/eau"", ""glycerin"", ""caprylic/capric triglyceride"", ""glyceryl stearate se"", ""isononyl isononanoate"", ""dicaprylyl carbonate"", ""dimethicone"", ""butyl methoxydibenzoylmethane"", ""ethylhexyl methoxycinnamate"", ""phenoxyethanol"", ""polyacrylate-13"", ""butylene glycol"", ""cetyl alcohol"", ""hydroxyacetophenone"", ""octocrylene"", ""stearic acid"", ""tocopheryl acetate"", ""coco-caprylate"", ""xanthan gum"", ""chlorphenesin"", ""polyisobutene"", ""fragrance"", ""disodium edta"", ""lecithin"", ""tocopherol"", ""butyrospermum parkii  butter"", ""citric acid"", ""daucus carota sativa  root extract"", ""triticum vulgare  germ oil"", ""chlorella vulgaris extract"", ""glyceryl polyacrylate"", ""benzyl benzoate"", ""glyceryl acrylate/acrylic acid copolymer"", ""padina pavonica thallus extract"", ""sodium dehydroacetate"", ""polysorbate 20"", ""sorbitan isostearate"", ""ginkgo biloba leaf extract"", ""porphyridium cruentum extract"", ""dipropylene glycol"", ""citronellol"", ""geraniol"", ""hydroxycitronellal"", ""citrus limon  peel oil"", ""limonene"", ""potassium sorbate"", ""sodium benzoate"", ""citrus aurantium amara  peel oil""]"
p00035,Avène Aqua Gel 50ml,Avène,20.0,Moisturiser,"[""avene thermal spring water . glycerin. pentylene glycol. 1"", ""2-hexanediol. dimethicone. isocetyl stearoyl stearate. triethylhexanoin. caprylic/capric triglyceride. betaine. methyl gluceth-20. polyglyceryl-10 myristate. acrylates/c10-30 alkyl acrylate crosspolymer. bht. bis-peg-18 methyl ether dimethyl silane. c12-20 alkyl glucoside. c14-22 alcohols. carbomer. citric acid. cucurbita pepo  seed oil . fragrance . phytosterols. potassium hydroxide. sodium citrate. sodium dextran sulfate. sodium hyaluronate. squalane. tocopheryl glucoside. water ""]"
p00036,La Roche-Posay Effaclar K(+) Anti-Blackhead Moisturiser 40ml,La Roche-Posay,17.0,Moisturiser,"[""aqua / water"", ""propylene glycol"", ""octyldodecanol"", ""dimethicone"", ""peg-100 stearate"", ""glyceryl stearate"", ""salicylic acid"", ""ammonium polyacryldimethyltauramide / ammonium polyacryloyldimethyl taurate"", ""zinc pca"", ""sarcosine"", ""sodium hydroxide"", ""silica"", ""silica silylate"", ""perlite"", ""carnosine"", ""disodium edta"", ""capryloyl salicylic acid"", ""xanthan gum"", ""pentylene glycol"", ""acrylates copolymer"", ""cetyl alcohol"", ""butylene glycol"", ""tocopherol"", ""parfum / fragrance""]"
p00037,The INKEY List Snow Mushroom,The INKEY List,9.99,Moisturiser,"[""water"", ""butylene glycol"", ""glycerin"", ""sodium acrylates copolymer"", ""phenoxyethanol"", ""sodium caproyl prolinate"", ""lecithin"", ""tremella fuciformis  extract"", ""carbomer"", ""madecassoside"", ""sodium hydroxide"", ""ethylhexylglycerin"", ""glyceryl polyacrylate"", ""trisodium ethylenediamine disuccinate""]"
p00038,Weleda Skin Food (30ml),Weleda,7.95,Moisturiser,"[""water"", ""helianthus annuus  seed oil"", ""lanolin"", ""prunus amygdalus dulcis  oil"", ""beeswax"", ""alcohol"", ""polyglyceryl-3 polyricinoleate"", ""glycerin"", ""limonene"", ""viola tricolor extract"", ""fragrance"", ""hydrolyzed beeswax"", ""sobitan olivate"", ""rosmarinus officinalis  leaf extract"", ""chamomilla recutita  flower extract"", ""calendula officinalis flower extract"", ""arginine"", ""zinc sulfate"", ""linalool"", ""geraniol"", ""citral"", ""coumarin""]"
p00039,Egyptian Magic All Purpose Skin Cream 59ml/2oz,Egyptian Magic,20.0,Moisturiser,"[""olive oil"", ""beeswax"", ""honey"", ""bee pollen"", ""royal jelly"", ""propolis extract""]"
p00040,La Roche-Posay Nutritic Intense Rich 50ml,La Roche-Posay,18.0,Moisturiser,"[""water"", ""water"", ""glycerin"", ""cetearyl alcohol"", ""caprylic/capric triglyceride"", ""glyceryl stearate"", ""alcohol denat"", ""ethylhexyl palmitate"", ""dimethicone"", ""butyrospermum parkii butter / shea butter"", ""myristyl myristate"", ""niacinamide"", ""peg-100 stearate"", ""glycine soja oil / soybean oil"", ""sodium polyacrylate"", ""myristyl malate phosphonic acid"", ""disodium edta"", ""caprylyl glycol"", ""citric acid"", ""tocopherol"", ""pentaerythrityl tetra-di-t-butyl hydroxyhydrocinnamate"", ""phenoxyethanol"", ""parfum / fragrance""]"
p00041,Origins GinZing™ Energy-Boosting Tinted Moisturiser SPF40 50ml,Origins,32.0,Moisturiser,"[""water\\aqua\\eau"", ""ethylhexyl methoxycinnamate"", ""butylene glycol"", ""titanium dioxide"", ""cetyl alcohol"", ""zinc oxide"", ""neopentyl glycol diheptanoate"", ""c12-15 alkyl benzoate"", ""dimethicone"", ""laureth-4"", ""octocrylene"", ""ethylhexyl salicylate"", ""polyethylene"", ""peg-100 stearate"", ""hydrogenated lecithin"", ""citrus limon  peel oil"", ""citrus grandis peel oil"", ""menthaviridis  leaf oil"", ""citrus aurantium dulcis  peel oil"", ""limonene"", ""linalool"", ""citral"", ""garcinia mangostana peel extract"", ""panax ginseng  root extract"", ""citrus aurantium amara  flower wax"", ""castanea sativa  seed extract"", ""psidium guajava  fruit extract"", ""citrus aurantium amara  flower water"", ""luminaria"", ""saccharina extract"", ""triticum vulgare  germ extract"", ""adenosine phosphate"", ""pantethine"", ""creatine"", ""hordeum vulgare  extract\\extrait d\u2019orge"", ""folic acid"", ""tourmaline"", ""cordyceps sinensis extract"", ""ethylhexylglycerin"", ""acetyl carnitine hel"", ""caffeine"", ""rhodochrosite"", ""sodium hyaluronate"", ""isopropyl myristate"", ""hydroxyethyl acrylate/sodium acryloyldimethyl taurate copolymer"", ""trehalose"", ""polyglyceryl-3 beeswax"", ""pvp/hexadecane copolymer"", ""squalance"", ""capryly glycol"", ""tocopheryl acetate"", ""yeast extract\\faex\\extrait de levure"", ""isostearic acid"", ""polymethyl methacrylate"", ""dimethicone"", ""silylate"", ""polyhydroxystearic acid"", ""magnesium ascorbyl phosphate"", ""nylon-12"", ""xanthan gum"", ""hexylene"", ""glycol"", ""polysorbate 60"", ""silica"", ""bht"", ""phenoxyethanol"", ""ci 77491"", ""ci 77492"", ""ci 77499"", ""titanium dioxide ""]"
p00042,Estée Lauder DayWear Multi-Protection Anti-Oxidant Creme SPF 15 30ml,Estée Lauder,25.2,Moisturiser,"[""water\\aqua\\eau"", ""ethylhexyl salicylate"", ""dimethicone"", ""butyloctyl salicylate"", ""butylene glycol"", ""butyl methoxydibenzoylmethane"", ""polyester-8"", ""cetyl ricinoleate"", ""steareth-21"", ""steareth-2"", ""di-c12-15 alkyl fumarate"", ""caprylic/capric/myristic/stearic triglyceride"", ""polysilicone-11"", ""psidium guajava  fruit extract"", ""gentiana lutea  root extract"", ""polygonum cuspidatum root extract"", ""stearyl alcohol"", ""hordeum vulgare  extract\\extrait d'orge"", ""laminaria ochroleuca extract"", ""rosmarinus officinalis  leaf extract"", ""triticum vulgare  germ extract"", ""artemia extract"", ""fumaria officinalis flower/leaf/stem extract"", ""caffeine"", ""pentylene glycol"", ""citrus medica limonum  fruit extract"", ""hydrolyzed rice extract"", ""vitis vinifera  seed extract"", ""hydrolyzed rice bran extract"", ""lauryl peg-9 polydimethylsiloxyethyl dimethicone"", ""thermus thermophillus ferment"", ""behenyl alcohol"", ""acrylic acid/vp crosspolymer"", ""triacontanyl pvp"", ""glycerin"", ""c12-15 alkyl benzoate"", ""linoleic acid"", ""cholesterol"", ""squalane"", ""sodium pca"", ""1"", ""2-hexanediol"", ""urea"", ""caprylic/capric triglyceride"", ""dipropylene glycol dibenzoate"", ""tocopheryl acetate"", ""acrylamide/sodium acryloyldimethyltaurate copolymer"", ""tetrahexyldecyl ascorbate"", ""sodium hyaluronate"", ""ergothioneine"", ""isohexadecane"", ""ppg-15 stearyl ether benzoate"", ""glycyrrhetinic acid"", ""trehalose"", ""polyquaternium-51"", ""polysorbate 80"", ""lecithin"", ""hydrogenated lecithin"", ""fumaric acid"", ""palmitoyl hydroxypropyltrimonium amylopectin/glycerin crosspolymer"", ""caprylyl glycol"", ""cyclodextrin"", ""sodium hydroxide"", ""nordihydroguaiaretic acid"", ""sodium chloride"", ""ascorbyl tocopheryl maleate"", ""fragrance"", ""citric acid"", ""ethylbisiminomethylguaiacol manganese chloride"", ""pentaerythrityl tetra-di-t-butyl hydroxyhydrocinnamate"", ""disodium edta"", ""bht"", ""sodium dehydroacetate"", ""phenoxyethanol"", ""blue 1"", ""yellow 5"", ""chromium hydroxide green ""]"
p00043,Elizabeth Arden Eight Hour Great 8 Daily Defense Moisturizer 45ml,Elizabeth Arden,36.0,Moisturiser,"[""aqua/water/eau"", ""homosalate"", ""ethylhexyl salicylate"", ""dipropylene glycol"", ""butyl methoxydibenzoylmethane"", ""glycerin"", ""thermus thermophillus ferment"", ""butylene glycol"", ""imperata cylindrica root extract"", ""enantia chlorantha bark extract"", ""marrubium vulgare extract"", ""acrylates/c10-30 alkyl acrylate crosspolymer"", ""ammonium acryloyldimethyltaurate/beheneth-25 methacrylate crosspolymer"", ""caprylyl glycol"", ""carbomer"", ""dimethylmethoxy chromanol"", ""disodium edta"", ""hydroxyacetophenone"", ""oleanolic acid"", ""clareolide"", ""triethanolamine"", ""parfum"", ""geraniol"", ""hexyl cinnamal"", ""limonene"", ""linalool"", ""chlorphenesin""]"
p00044,Skin Doctors Sd White & Bright (50ml),Skin Doctors,21.99,Moisturiser,"[""water"", ""butylene glycol"", ""ethylhexyl"", ""methoxycinnamate"", ""c12-15 alkyl benzoate"", ""sorbitan stearate"", ""dimethicone"", ""hydroxyethyl acrylate/sodium acryloyldimethyl taurate copolymer"", ""ceteareth-20"", ""squalane"", ""butyl methoxydibenzoylmethane"", ""hydrogenated lecithin"", ""oligopeptide-68"", ""sodium oleate"", ""disodium edta"", ""cetyl alcohol"", ""polysorbate 60"", ""caprylyl glycol"", ""tocopheryl acetate"", ""cyclopentasiloxane"", ""phenoxyethanol"", ""sodium hydroxide"", ""fragrance"", ""citronellol"", ""hexyl cinnamal"", ""linalool"", ""butlyphenyl"", ""methylpropional""]"
p00045,Origins GinZing Ultra Hydrating Energy-Boosting Cream Moisturiser 50ml,Origins,25.0,Moisturiser,"[""water\\aqua\\eau"", ""glycerin"", ""caprylic/capric triglyceride"", ""c12-20 acid peg-8 ester"", ""simmondsia chinensis  seed oil"", ""caprylic/capric/myristic/stearic triglyceride"", ""hydroxyethyl urea"", ""cetyl alcohol"", ""niacinamide"", ""dimethicone"", ""butylene glycol"", ""sodium polyaspartate"", ""ammonium acryloyldimethyltaurate/vp copolymer"", ""citrus limon  peel oil"", ""citrus grandis  peel oil"", ""mentha viridis  leaf oil"", ""citrus aurantium dulcis  peel oil"", ""limonene"", ""linalool"", ""citral"", ""panax ginseng  root extract"", ""hordeum vulgare  extract\\extrait d'orge"", ""salicylic acid"", ""algae extract"", ""linoleic acid"", ""caffeine"", ""sucrose"", ""cucumis sativus  fruit extract"", ""trehalose"", ""ophiopogon japonicus root extract"", ""sorbitol"", ""phospholipids"", ""tocopheryl acetate"", ""tocopherol"", ""coffea arabica  seed oil"", ""arginine"", ""sodium hyaluronate"", ""butyrospermum parkii"", ""helianthus annuus  seedcake"", ""squalane"", ""ethylhexylglycerin"", ""caprylyl glycol"", ""peg-100 stearate"", ""glyceryl stearate"", ""potassium cetyl phosphate"", ""acrylates/c10-30 alkyl acrylate crosspolymer"", ""behenyl alcohol"", ""xanthan gum"", ""carbomer"", ""sodium hydroxide"", ""disodium edta"", ""chlorphenesin"", ""potassium sorbate"", ""phenoxyethanol""]"
p00046,Elizabeth Arden Eight Hour Cream Skin Protectant (50ml),Elizabeth Arden,28.0,Moisturiser,"[""petrolatum"", ""lanolin"", ""mineral oil"", ""tocopherol"", ""bht"", ""salicylic acid"", ""ricinus communis seed oil"", ""vegetable oil"", ""zea mays oil"", ""fragrance"", ""citral"", ""citronellol"", ""geraniol"", ""limonene"", ""linalool"", ""propylparaben"", ""iron oxides""]"
p00047,PRAI AGELESS Throat & Decolletage Crème 50ml,PRAI,24.99,Moisturiser,"[""aqua/water/eau"", ""glycerin"", ""butyrospermum parkii  butter"", ""cyclopentasiloxane"", ""isopropyl myristate"", ""dimethicone"", ""polysorbate 20"", ""carbomer"", ""aluminum starch octenylsuccinate"", ""octyldodecyl stearate"", ""dipalmitoyl hydroxyproline"", ""cyclomethicone"", ""dimethicone crosspolymer"", ""sodium hyaluronate"", ""squalane"", ""aloe barbadensis leaf juice"", ""vitis vinifera  fruit extract"", ""morus alba leaf extract"", ""scutellaria galericulata extract"", ""saxifraga sarmentosa extract"", ""zingiber cassumunar root oil"", ""tocopheryl acetate"", ""nylon-6"", ""ethylhexyl isononanoate"", ""sodium hydroxide"", ""propylene glycol"", ""butylene glycol"", ""trisodium edta"", ""potassium sorbate"", ""sodium benzoate"", ""phenoxyethanol"", ""fragrance"", ""benzyl salicylate"", ""hexyl cinnamal"", ""butylphenyl methylpropional"", ""limonene"", ""alpha-isomethyl ionone"", ""titanium dioxide ""]"
p00048,La Roche-Posay Toleriane Sensitive Fluid Moisturiser 40ml,La Roche-Posay,16.5,Moisturiser,"[""aqua / water"", ""caprylic/capric triglyceride"", ""glycerin"", ""propanediol"", ""pentylene glycol"", ""niacinamide"", ""ammonium polyacryloyldimethyl taurate"", ""caprylyl glycol"", ""citric acid"", ""xanthan gum""]"
p00049,La Roche-Posay Effaclar MAT+ 40ml,La Roche-Posay,17.0,Moisturiser,"[""water"", ""water"", ""cyclopentasiloxane"", ""glycerin"", ""isocetyl stearate"", ""alcohol denat"", ""dimethicone"", ""dimethicone/vinyl dimethicone crosspolymer"", ""acrylamide/sodium acryloyldimethyltaurate copolymer"", ""methyl methacrylate crosspolymer"", ""silica"", ""cyclohexasiloxane"", ""peg-100 sterate"", ""cocamide mea"", ""zinc pca"", ""glyceryl stearate"", ""triethanolamine"", ""isohexadecane"", ""sodium citrate"", ""ascorbyl glucoside"", ""nylon-12"", ""capryloyl salicylic acid"", ""tetrasodium edta"", ""polysorbate 80"", ""acrylates/c10-30 alyl acrylate crosspolymer"", ""tocopherol"", ""methylparaben"", ""salicylic acid"", ""parfum/fragrance""]"
p00050,Mama Mio The Tummy Rub Butter 120ml - Fragrance Free,Mama Mio,24.0,Moisturiser,"[""aloe barbadensis leaf juice"", ""aqua/water/eau"", ""ethylhexyl palmitate"", ""coconut alkanes"", ""butyrospermum parkii  butter"", ""cetyl alcohol"", ""glycerin"", ""prunus amygdalus dulcis  oil"", ""cetearyl alcohol"", ""caprylic/capric triglyceride"", ""sodium acrylate/sodium acryloyldimethyl taurate copolymer"", ""glyceryl stearate citrate"", ""myristyl myristate"", ""phenoxyethanol"", ""isohexadecane"", ""hydroxyacetophenone"", ""sodium stearoyl glutamate"", ""coco-caprylate/caprate"", ""polysorbate 80"", ""ethylhexylglycerin"", ""tocopherol"", ""argania spinosa kernel oil"", ""cocos nucifera  oil"", ""olea europaea  fruit oil"", ""persea gratissima  oil"", ""rosa canina fruit oil"", ""plukenetia volubilis seed oil"", ""sorbitan oleate"", ""glyceryl caprylate"", ""1"", ""2-hexanediol"", ""beta-glucan"", ""caprylyl glycol"", ""sodium benzoate"", ""citric acid"", ""sodium hydroxide""]"
p00051,Clinique Moisture Surge 72 Hour Auto Replenishing Hydrator 50ml,Clinique,37.0,Moisturiser,"[""water\\aqua\\eau"", ""dimethicone"", ""butylene glycol"", ""glycerin"", ""trisiloxane"", ""trehalose"", ""sucrose"", ""ammonium acryloyldimethyltaurate/vp copolymer"", ""hydroxyethyl urea"", ""camellia sinensis  leaf extract"", ""silybum marianum  extract"", ""betula alba  bark extract"", ""saccharomyces lysate extract"", ""aloe barbadensis leaf water"", ""thermus thermophillus ferment"", ""caffeine"", ""sorbitol"", ""palmitoyl hexapeptide-12"", ""sodium hyaluronate"", ""caprylyl glycol"", ""oleth-10"", ""sodium polyaspartate"", ""saccharide isomerate"", ""hydrogenated lecithin"", ""tocopheryl acetate"", ""acrylates/c10-30 alkyl acrylate crosspolymer"", ""glyceryl polymethacrylate"", ""peg-8"", ""hexylene glycol"", ""magnesium ascorbyl phosphate"", ""disodium edta"", ""bht"", ""phenoxyethanol"", ""red 4"", ""yellow 5 ""]"
p00052,Elemis Pro-Collagen Marine Cream 50ml,Elemis,87.0,Moisturiser,"[""water"", ""glyceryl stearate se"", ""glycerin"", ""glyceryl polyacrylate"", ""glyceryl polymethacrylate"", ""propylene glycol"", ""dimethicone"", ""isononyl isononanoate"", ""triticum vulgare  germ oil"", ""butyrospermum parkii"", ""simmondsia chinensis  seed oil"", ""chlorella vulgaris extract"", ""padina pavonica extract"", ""daucus carota sativa  seed extract"", ""porphyridium cruentum extract"", ""acacia decurrens absolute"", ""rosa damascena flower absolute"", ""lecithin"", ""ginkgo biloba extract"", ""phenoxyethanol"", ""cetyl alcohol"", ""stearic acid"", ""polyacrylamide"", ""xanthan gum"", ""chlorphenesin"", ""methylparaben"", ""fragrance"", ""laureth-7"", ""disodium edta"", ""butylparaben"", ""ethylparaben"", ""tocopheryl acetate"", ""propylparaben"", ""isobutylparaben"", ""hydroxyisohexyl 3-cyclohexene carboxaldehyde"", ""butylphenyl methylpropional"", ""linalool"", ""citronellol""]"
p00053,La Roche-Posay Toleriane Ultra Fluid 40ml,La Roche-Posay,18.5,Moisturiser,"[""water"", ""glycerin"", ""squalane"", ""propanediol"", ""butylene glycol"", ""butyrospermum parkii butter"", ""pentylene glycol"", ""dimethicone"", ""polymethysilsesquioxane"", ""polysorbate 20"", ""glyceryl acrylate/acrylic acide copolymer"", ""dimethiconol"", ""aluminum starch octenylsuccinate"", ""ammonium polyacrydimethyltauramide"", ""disodium edta"", ""acetyl dipeptide-1 cetyl""]"
p00054,Clinique Moisture Surge 72-Hour Auto-Replenishing Hydrator 15ml,Clinique,12.0,Moisturiser,"[""water\\aqua\\eau"", ""dimethicone"", ""butylene glycol"", ""glycerin"", ""trisiloxane"", ""trehalose"", ""sucrose"", ""ammonium acryloyldimethyltaurate/vp copolymer"", ""hydroxyethyl urea"", ""camellia sinensis  leaf extract"", ""silybum marianum  extract"", ""betula alba  bark extract"", ""saccharomyces lysate extract"", ""aloe barbadensis leaf water"", ""thermus thermophillus ferment"", ""caffeine"", ""sorbitol"", ""palmitoyl hexapeptide-12"", ""sodium hyaluronate"", ""caprylyl glycol"", ""oleth-10"", ""sodium polyaspartate"", ""saccharide isomerate"", ""hydrogenated lecithin"", ""tocopheryl acetate"", ""acrylates/c10-30 alkyl acrylate crosspolymer"", ""glyceryl polymethacrylate"", ""peg-8"", ""hexylene glycol"", ""magnesium ascorbyl phosphate"", ""disodium edta"", ""bht"", ""phenoxyethanol"", ""red 4"", ""yellow 5 ""]"
p00055,Clinique for Men Moisturising Lotion 100ml,Clinique,25.4,Moisturiser,"[""water\\aqua\\eau"", ""mineral oil\\paraffinum liquidum\\huile minerale"", ""glycerin"", ""petrolatum"", ""stearic acid"", ""glyceryl stearate"", ""sesamum indicum  oil"", ""urea"", ""lanolin alcohol"", ""triethanolamine"", ""cucumis sativus  fruit extract"", ""hordeum vulgare  extract\\extrait d'orge"", ""propylene glycol dicaprate"", ""helianthus annuus  seedcake"", ""butylene glycol"", ""sodium hyaluronate"", ""pentylene glycol"", ""trisodium edta"", ""phenoxyethanol"", ""red 33"", ""yellow 5"", ""yellow 6 ""]"
p00056,Bulldog Oil Control Moisturiser 100ml,Bulldog,4.5,Moisturiser,"[""water"", ""c12-15 alkyl benzoate"", ""tapioca starch"", ""glycerin"", ""sorbitan stearate"", ""hamamelis virginiana  water"", ""sodium polyacrylate"", ""pentaerythrityl distearate"", ""phenoxyethanol"", ""sodium stearoyl glutamate"", ""alcohol"", ""carbomer"", ""benzoic acid"", ""parfum"", ""tocopheryl acetate"", ""dehydroacetic acid"", ""sodium hydroxide"", ""salix alba  bark extract"", ""limonene"", ""linalool"", ""juniperus communis fruit extract"", ""potassium sorbate"", ""sodium benzoate""]"
p00057,Bulldog Age Defence Moisturiser 100ml,Bulldog,6.75,Moisturiser,"[""water"", ""ethylhexyl palmitate"", ""caprylic/capric triglyceride"", ""glycerin"", ""sorbitan stearate"", ""pentaerythrityl distearate"", ""phenoxyethanol"", ""sodium polyacrylate"", ""tocopherol"", ""sodium stearoyl glutamate"", ""helianthus annuus  seed oil"", ""parfum"", ""carbomer"", ""benzoic acid"", ""echinacea purpurea flower/leaf/stem extract"", ""dehydroacetic acid"", ""amorphophallus konjac root extract"", ""limonene"", ""sodium hydroxide"", ""linalool"", ""rosmarinus officinalis  leaf extract"", ""citric acid"", ""sodium benzoate"", ""potassium sorbate""]"
p00058,The INKEY List Multi-Biotic Moisturiser 30ml,The INKEY List,12.99,Moisturiser,"[""water"", ""inulin"", ""glycerin"", ""isoamyl laurate"", ""propanediol"", ""squalane"", ""cetearyl olivate"", ""sorbitan olivate"", ""avena sativa  kernel oil"", ""phenoxyethanol"", ""yogurt powder"", ""sodium caproyl prolinate"", ""carbomer"", ""isoamyl cocoate"", ""benzyl alcohol"", ""sodium hyaluronate"", ""sodium stearoyl glutamate"", ""ethylhexylglycerin"", ""diglucosyl gallic acid"", ""trisodium ethylenediamine disuccinate"", ""dehydroacetic acid polysorbate 60"", ""dehydroacetic acid"", ""citric acid"", ""heptapeptide-7"", ""lecithin"", ""potassium sorbate"", ""propanediol"", ""sodium benzoate"", ""xanthan gum"", ""sorbitan isostearate""]"
p00059,Caudalie Vinosource Moisturising Sorbet 40ml,Caudalie,23.0,Moisturiser,"[""water"", ""vitis vinifera  fruit water"", ""dicaprylyl ether"", ""glycerin"", ""butyrospermum parkii  butter extract"", ""hexyldecanol"", ""hexyldecyl laurate"", ""behenyl alcohol"", ""glyceryl stearate"", ""acrylates/c10-30 alkyl acrylate crosspolymer"", ""erythritol"", ""parfum"", ""tocopherol"", ""lecithin"", ""caprylyl glycol"", ""mannitol"", ""sodium benzoate"", ""xanthan gum"", ""palmitoyl grape seed extract"", ""vitis vinifera  juice"", ""glycine soja  sterols"", ""butylene glycol"", ""sodium hydroxide"", ""sodium citrate"", ""citric acid"", ""chamomilla recutita  flower extract"", ""sodium carboxymethyl betaglucan"", ""sodium phytate"", ""potassium sorbate"", ""biosaccharide gum-1"", ""sodium hyaluronate"", ""homarine hcl"", ""glyceryl caprylate"", ""acetyl tetrapeptide-15""]"
p00060,Neutrogena Refreshingly Clear Oil-Free Moisturiser 50ml,Neutrogena,5.24,Moisturiser,"[""water"", ""glycerin"", ""propylene glycol"", ""cetyl alcohol"", ""c12-15 alkyl benzoate"", ""glyceryl stearate"", ""peg-100 stearate"", ""stearyl alcohol"", ""c12-15 alkyl lactate"", ""salicylic acid"", ""aloe barbadensis leaf extract"", ""cetyl lactate"", ""chamomilla recutita extract"", ""cocamidopropyl pg-dimonium chloride phosphate"", ""menthyl lactate"", ""dimethicone"", ""propylene glycol isostearate"", ""sodium isostearoyl lactylate"", ""acrylates/c10-30 alkyl acrylate crosspolymer"", ""carbomer"", ""sodium chloride"", ""palmitic acid"", ""stearic acid"", ""disodium edta"", ""sodium hydroxide"", ""benzalkonium chloride"", ""ethylparaben"", ""methylparaben"", ""propylparaben"", ""phenoxyethanol"", ""parfum"", ""benzyl alcohol""]"
p00061,The INKEY List Turmeric Moisturiser 30ml,The INKEY List,7.99,Moisturiser,"[""water"", ""squalane"", ""cocos nucifera  oil"", ""c12-16 alcohols"", ""avena sativa  kernel flour"", ""curcuma longa root  root extract"", ""avena sativa  kernel oil"", ""palmitic acid"", ""tocopheryl acetate"", ""phenoxyethanol"", ""lecithin"", ""glycerin"", ""xanthan gum"", ""sodium levulinate"", ""sodium anisate"", ""ethylhexylglycerin"", ""sodium stearoyl glutamate"", ""trisodium ethylenediamine disuccinate"", ""tocopherol""]"
p00062,The Ordinary Vitamin C Suspension Cream 30% in Silicone 30ml,The Ordinary,6.1,Moisturiser,"[""dimethicone"", ""ascorbic acid"", ""polysilicone-11"", ""peg-10 dimethicone""]"
p00063,La Roche-Posay Toleriane Sensitive Moisturiser 40ml,La Roche-Posay,16.5,Moisturiser,"[""water"", ""caprylic/capric triglyceride"", ""glycerin"", ""propanediol"", ""pentylene glycol"", ""niacinamide"", ""ammonium polyacryloyldimethyl taurate"", ""caprylyl glycol"", ""citric acid"", ""xanthan gum""]"
p00064,Avene Hydrance Hydrating Cream 40ml,Avene,15.5,Moisturiser,"[""avene thermal spring water"", ""mineral oil"", ""glycerin"", ""isohexadecane"", ""dimethicone"", ""cetearyl alcohol"", ""carthamus tinctorius  seed oil"", ""isocetyl stearoyl stearate"", ""triethylhexanoin"", ""glyceryl stearate"", ""peg-100 stearate"", ""1"", ""2-hexanediol"", ""butyrospermum parkii  butter"", ""cetearyl glucoside"", ""benzoic acid"", ""beta-sitosterol"", ""bht"", ""disodium edta"", ""fragrance"", ""polyacrylate-13"", ""polyisobutene"", ""polysorbate 20"", ""sodium hydroxide"", ""sorbitan isostearate"", ""water"", ""xanthan gum""]"
p00065,Caudalie Vinoperfect Dark Spot Correcting Glycolic Night Cream 50ml,Caudalie,34.0,Moisturiser,"[""aqua/water/eau"", ""butylene glycol"", ""glycerin"", ""cetearyl alcohol"", ""coco-caprylate/ caprate"", ""glyceryl stearate se"", ""butyrospermum parkii  butter extract"", ""caprylic/capric triglyceride"", ""vitis vinifera  seed oil"", ""hydrogenated vegetable oil"", ""triheptanoin"", ""potassium cetyl phosphate"", ""panthenol"", ""squalane"", ""glycolic acid"", ""palmitoyl grapevine shoot extract"", ""cetearyl glucoside"", ""bisabolol"", ""sodium hyaluronate"", ""tocopheryl acetate"", ""acacia senegal gum"", ""xanthan gum"", ""caprylyl glycol"", ""cassia angustifolia seed polysaccharide"", ""papain"", ""tocopherol"", ""arginine"", ""benzyl alcohol"", ""dehydroacetic acid"", ""carbomer"", ""1"", ""2-hexanediol"", ""algin"", ""sodium hydroxide"", ""sodium phytate"", ""parfum"", ""geraniol"", ""limonene"", ""linalool""]"
p00066,L'Oréal Men Expert Pure & Matte Anti-Shine Moisturising Gel (50ml),L'Oréal,4.99,Moisturiser,"[""aqua / water"", ""glycerin"", ""alcohol denat"", ""dimethicone"", ""silica"", ""mentha piperita extract / peppermint leaf extract"", ""c12-13 pareth-23"", ""c12-13 pareth-3"", ""peg/ppg-18/18"", ""dimethicone"", ""divinyldimethicone/dimethicone copolymer"", ""ammonium polyacryldimethyltauramide / ammonium polyacryloyldimethyl taurate"", ""caprylyl glycol"", ""tocopheryl acetate"", ""phenoxyethanol"", ""ci 19140 / yellow 5"", ""ci 42090 / blue 1"", ""linalool"", ""limonene"", ""parfum / fragrance""]"
p00067,Estée Lauder Revitalising Supreme + Global Anti-ageing Cell Power Crème 30ml,Estée Lauder,44.1,Moisturiser,"[""water\\aqua\\eau"", ""dimethicone"", ""glycerin"", ""isohexadecane"", ""butylene glycol"", ""bis-peg-18 methyl ether dimethyl silane"", ""peg-10 dimethicone"", ""disteardimonium hectorite"", ""pentylene glycol"", ""cucumis sativus  fruit extract"", ""narcissus tazetta bulb extract"", ""magnolia officinalis bark extract"", ""hordeum vulgare  extract\\extrait d'orge"", ""sigesbeckia orientalis  extract"", ""lens esculenta  fruit extract"", ""pyrus malus  fruit extract"", ""whey protein\\lactis protein\\proteine du petit-lait"", ""citrullus vulgaris  fruit extract"", ""moringa oleifera seed extract"", ""laminaria digitata extract"", ""triticum vulgare  germ extract"", ""opuntia tuna extract"", ""acetyl hexapeptide-8"", ""sorbitol"", ""helianthus annuus  seedcake"", ""caffeine"", ""algae extract"", ""sodium hyaluronate"", ""sodium lactate"", ""squalane"", ""polysilicone-11"", ""isododecane"", ""tocopheryl acetate"", ""sucrose"", ""acetyl glucosamine"", ""polyethylene"", ""propylene carbonate"", ""citric acid"", ""peg-32"", ""propylene glycol dicaprate"", ""peg-6"", ""isoceteth-20"", ""sodium dehydroacetate"", ""aminopropyl ascorbyl phosphate"", ""fragrance"", ""sodium pca"", ""sodium citrate"", ""disodium edta"", ""bht"", ""phenoxyethanol"", ""iron oxides ""]"
p00068,The Chemistry Brand Heel Hydration Complex 100ml,The Chemistry Brand,14.99,Moisturiser,"[""water"", ""propanediol"", ""caprylic/capric triglyceride"", ""cetearyl alcohol"", ""cetearyl glucoside"", ""cyclopentasiloxane"", ""cetyl alcohol"", ""glycerin"", ""tremella fuciformis sporocarp extract"", ""cellulose"", ""pseudoalteromonas ferment extract"", ""calendula officinalis flower extract"", ""alanine"", ""proline"", ""serine"", ""tocopherol"", ""glycine soja oil"", ""dimethicone/vinyl dimethicone crosspolymer"", ""sodium polyacrylate"", ""menthol"", ""betaine"", ""xanthan gum"", ""caprylyl glycol"", ""potassium sorbate"", ""acrylates/c12-22 alkyl methacrylate copolymer"", ""ethyl menthane carboxamide"", ""hydroxypropylcellulose"", ""menthyl lactate"", ""propylene glycol"", ""methyl diisopropyl propionamide"", ""ethylhexylglycerin"", ""sodium phosphate"", ""sodium hydroxide"", ""chlorphenesin"", ""phenoxyethanol"", ""fragrance"", ""citral"", ""coumarin"", ""geraniol"", ""limonene"", ""linalool""]"
p00069,Elizabeth Arden Visible Difference Refining Moisture Cream (75ml),Elizabeth Arden,30.0,Moisturiser,"[""water/aqua/eau"", ""glycerin"", ""squalane"", ""cetearyl alcohol"", ""polysorbate 60"", ""isopropyl myristate"", ""beeswax/cera alba/cire d'abeille"", ""olea\u00a0europaea  fruit oil"", ""retinyl palmitate"", ""allantoin"", ""panthenol"", ""laureth-7"", ""c13-14 isoparaffin"", ""polyacrylamide"", ""sodium\u00a0hydroxide"", ""disodium edta"", ""parfum/fragrance"", ""benzyl benzoate"", ""geraniol"", ""hexyl cinnamal"", ""hydroxycitronellal"", ""limonene"", ""linalool"", ""methylisothiazolinone"", ""methylparaben""]"
p00070,Antipodes Baptise H20 Ultra-Hydrating Water Gel 60ml,Antipodes,25.58,Moisturiser,"[""water"", ""glycerin"", ""sodium acrylates copolymer & lecithin"", ""dehydroacetic acid"", ""benzyl alcohol"", ""glyceryl caprylate"", ""polysorbate 20"", ""hyaluronic acid"", ""glycerine & water & terminalia ferdinandiana  fruit extract"", ""sodium citrate"", ""lysolecithin & sclerotium gum & xanthan gum & pullulan"", ""phormium tenax  flax extract"", ""hibiscus sabdariffa  flower extract"", ""leptospermum scoparium mel  honey"", ""cyathea medullaris  extract"", ""zingiber officinale  root extract"", ""aloe barbadensis  leaf extract"", ""mica"", ""titanium dioxide"", ""vegetone rich red t2/lycopene red w/s"", ""rose anatolia: citral"", ""citronellol"", ""eugenol"", ""geraniol"", ""linalool""]"
p00071,L'Oréal Paris Dermo Expertise Triple Active Hydrating Night Moisturiser (50ml),L'Oréal Paris,7.49,Moisturiser,"[""aqua / water"", ""hydrogenated polyisobutene"", ""dimethicone"", ""glycerin"", ""paraffinum liquidum / mineral oil"", ""cetyl alcohol"", ""peg-100 stearate"", ""glyceryl stearate"", ""oryzasativa bran oil / rice bran oil"", ""zea mays oil / corn oil"", ""hydroxyethylpiperazine ethane sulfonic acid"", ""cera microcristallina / microcrystalline wax"", ""paraffin"", ""sesamum indicum oil / sesame seed oil"", ""sorbitan tristearate"", ""isohexadecane"", ""bifida ferment lysate"", ""ascorbyl glucoside"", ""hydroxypalmitoyl sphinganine"", ""citric acid"", ""triticum vulgare germ oil / wheat germ oil"", ""panthenol"", ""polysorbate 80"", ""acrylamide/sodium acryloyldimethyltaurate copolymer"", ""retinyl palmitate"", ""pentaerythrityl tetra-di-t-butyl hydroxyhydrocinnamate"", ""sodium benzoate"", ""phenoxyethanol"", ""chlorhexidine digluconate"", ""ci 14700 / red 4"", ""alpha-isomethyl ionone"", ""limonene"", ""hydroxyisohexyl 3-cyclohexene carboxaldehyde"", ""butylphenyl methylpropional"", ""benzyl alcohol"", ""benzyl benzoate"", ""benzyl salicylate"", ""parfum / fragrance""]"
p00072,Bulldog Sensitive Moisturiser 100ml,Bulldog,4.5,Moisturiser,"[""water"", ""ethylhexyl palmitate"", ""caprylic/capric triglyceride"", ""glycerin"", ""sodium polyacrylate"", ""sorbitan stearate"", ""pentaerythrityl distearate"", ""phenoxyethanol"", ""tocopheryl acetate"", ""sodium stearoyl glutamate"", ""benzoic acid"", ""carbomer"", ""cedrus atlantica bark oil"", ""dehydroacetic acid"", ""mannan"", ""camellia sinensis leaf extract"", ""hydrolyzed algin"", ""sodium hydroxide"", ""ethylhexylglycerin"", ""maris aqua"", ""pogostemon cablin oil"", ""polyaminopropyl biguanide"", ""chlorella vulgaris extract""]"
p00073,Dr.Jart+ Ceramidin Cream 50ml,Dr.Jart+,35.5,Moisturiser,"[""water"", ""glycerin"", ""dipropylene glycol"", ""cetearyl alcohol"", ""caprylic/capric triglyceride"", ""hydrogenated poly"", ""hydrogenated polydecene"", ""methyl trimethicone"", ""1"", ""2-hexanediol"", ""bifida ferment lysate"", ""phenyl trimethicone"", ""vegetable oil"", ""butyrospermum parkii  butter"", ""glyceryl stearate se"", ""ceramide np"", ""stearic acid"", ""algae extract"", ""eclipta prostrata leaf extract"", ""cetearyl glucoside"", ""hydrogenated lecithin"", ""microcrystalline cellulose"", ""butylene glycol"", ""c12-16 alcohols"", ""ammonium acryloyldimethyltaurate/vp copolymer"", ""malt extract"", ""beta vulgaris  root extract"", ""melia azadirachta flower extract"", ""melia azadirachta leaf extract"", ""throbroma caco  seed extract"", ""curuma longa  root extract"", ""ocimum sanctum leaf extract"", ""amaranthus caudatus seed extract"", ""ulmus davidiana root extract"", ""avena sativa  kernel extract"", ""cynara scolymus  leaf extract"", ""pteris multifida extract"", ""artemisia vulgaris extract"", ""corallina officinalis extract"", ""pyracantha fortuneana fruit extract"", ""glycerly polymethacrylate"", ""cholesterol"", ""citrus aurantium bergamia  fruit oil"", ""hydrolyzed corn starch"", ""sodium hyaluronate"", ""pelargonium graveolens flower oil"", ""fructooligosaccharides"", ""beta-glucan"", ""dextrin"", ""disodium edta"", ""panthenol"", ""polyquaternium-51"", ""raffinose"", ""hydrolyzed hyaluronic acid"", ""folic acid"", ""salvia officinalis  oil"", ""pogostemon cablin oil"", ""tromethamine"", ""ceramide ap"", ""ceramide as"", ""ceramide ns"", ""palmitoyl pentapeptide-4"", ""ceramide eop""]"
p00074,"
Erno Laszlo Phelityl Night Cream 50ml",Erno,135.0,Moisturiser,"[""water"", ""glyceryl stearate"", ""dimethicone"", ""peg-8"", ""cetearyl alcohol"", ""paraffinum liquidum"", ""c10-13 cholesterol/lanosterol esters"", ""caprylic/capric triglyceride"", ""ppg-10 cetyl ether"", ""petrolatum"", ""ceteareth-20"", ""magnesium aluminum silicate"", ""imidazolidinyl urea"", ""carbomer"", ""methylparaben"", ""sodium hydroxide"", ""propylparaben"", ""parfum"", ""benzyl salicylate"", ""citral"", ""coumarin"", ""eugenol"", ""hexyl cinnamal"", ""hydroxycitronellal"", ""isoeugenol"", ""limonene"", ""linalool"", ""caramel""]"
p00075,Antipodes Avocado Pear Nourishing Night Cream 60ml,Antipodes,34.99,Moisturiser,"[""water"", ""squalane  extract"", ""butyrospermum parkii  butter"", ""glycerin"", ""leptospermum scoparium  manuka honey"", ""macadamia integrifolia  nut oil"", ""persea gratissima  oil"", ""cetearyl alcohol"", ""calendula officinalis  flower oil"", ""cocos nucifera  oil"", ""lecithin"", ""tocopherol"", ""helianthus annuus  seed oil"", ""dehydroacetic acid"", ""benzyl alcohol"", ""bisabolol"", ""vitis vinifera  seed extract. fragrance of sandalwood"", ""ylang ylang & patchouli: benzyl alcohol"", ""benzyl benzoate"", ""benzyl salicylate"", ""citral"", ""citronellol"", ""limonene"", ""eugenol"", ""farnesol"", ""geraniol"", ""isoeugenol"", ""linalool""]"
p00076,Fade Out ADVANCED Even Skin Tone Night Cream 50ml,Fade Out,9.99,Moisturiser,"[""water"", ""sodium lactate"", ""c12-15 alkyl benzoate"", ""lactic acid"", ""dimethicone"", ""glyceryl stearate"", ""peg-100 stearate"", ""cetearyl\u00a0alcohol"", ""glycerin"", ""stearyl alcohol"", ""hexylene glycol"", ""niacinamide"", ""ceteareth 20"", ""phenoxyethanol"", ""inulin"", ""rosa canina fruit oil"", ""parfum"", ""sodium saccharin"", ""panthenol"", ""tocopheryl acetate"", ""plukenetia volubilis seed oil"", ""ethylhexylglycerin"", ""alpha-glucan oligosaccharide"", ""arbutin"", ""morus nigra leaf extract"", ""glycyrrhiza glabra  root extract"", ""disodium edta"", ""glyceryl\u00a0oleate"", ""tocopherol"", ""ascorbyl palmitate"", ""ascorbic acid polypeptide"", ""citric acid"", ""citronellol"", ""linalool"", ""hydroxyisohexyl 3-cyclohexene""]"
p00077,NIOD Hydration Vaccine Face Cream 50ml,NIOD,35.0,Moisturiser,"[""caprylyl methicone"", ""water"", ""peg-12 dimethicone/ppg-20 crosspolymer"", ""glycerin"", ""propanediol"", ""sodium polyacrylate"", ""leontopodium alpinum callus culture extract"", ""n-acetyl-d-glucosamine-6-phosphate disodium salt"", ""proline"", ""alanine"", ""serine"", ""glucose"", ""xylitol"", ""xylitylglucoside"", ""anhydroxylitol"", ""adansonia digitata fruit extract"", ""polypodium vulgare rhizome extract"", ""cetraria\u00a0islandica thallus extract"", ""sphagnum magellanicum extract"", ""pseudoalteromonas ferment extract"", ""tocopherol"", ""tocopheryl acetate"", ""mangifera indica seed butter"", ""orbignya oleifera seed oil"", ""squalane"", ""lecithin"", ""hexamethyldisiloxane"", ""trimethylsiloxysilicate"", ""cyclopentasiloxane"", ""dimethicone"", ""polysilicone-11"", ""dimethicone/vinyl dimethicone crosspolymer"", ""hydroxyethyl acrylate/sodium\u00a0acryloyldimethyl taurate copolymer"", ""xanthan gum"", ""caprylyl glycol"", ""sodium benzoate"", ""potassium sorbate"", ""citric acid"", ""sodium\u00a0phosphate"", ""sodium hydroxide"", ""ethylhexylglycerin"", ""phenoxyethanol"", ""chlorphenesin""]"
p00078,The INKEY List Peptide Moisturizer 50ml,The INKEY List,14.99,Moisturiser,"[""water"", ""caprylic/capric triglyceride"", ""glycerin"", ""c12-15 alkyl benzoate"", ""cetearyl alcohol"", ""glyceryl stearate se"", ""betaine"", ""butylene glycol"", ""phenoxyethanol"", ""benzyl alcohol"", ""carbomer"", ""butyrospermum parkii  butter"", ""sodium stearoyl glutamate"", ""sodium hydroxide"", ""ethylhexylglycerin"", ""sodium gluconate"", ""tocopheryl acetate"", ""dehydroacetic acid"", ""hydrogenated lecithin"", ""phenethyl alcohol"", ""acetyl hexapeptide-37"", ""maltodextrin"", ""pentapeptide-48""]"
p00079,Clinique Moisture Surge Intense Skin Fortifying Hydrator 50ml,Clinique,37.0,Moisturiser,"[""water\\aqua\\eau"", ""cyclopentasiloxane"", ""glycerin"", ""butylene glycol"", ""dimethicone"", ""cetyl ethylhexanoate"", ""squalane"", ""disteardimonium hectorite"", ""peg/ppg-18/18 dimethicone"", ""lauryl peg-9 polydimethylsiloxyethyl dimethicone"", ""ahnfeltia concinna extract"", ""olea europaea  fruit extract"", ""caffeine"", ""whey protein\\lactis protein\\prot\u00e9ine du petit-lait"", ""cholesterol"", ""sodium hyaluronate"", ""petrolatum"", ""peg-150"", ""sucrose"", ""pyridoxine dipalmitate"", ""linoleic acid"", ""tocopheryl acetate"", ""citric acid"", ""polysilicone-11"", ""propylene carbonate"", ""glyceryl polymethacrylate"", ""peg-8"", ""aloe barbadensis leaf extract"", ""triticum vulgare  bran extract"", ""pentaerythrityl tetra-di-t-butyl hydroxyhydrocinnamate"", ""palmitoyl hexapeptide-12"", ""sodium citrate"", ""sodium hexametaphosphate"", ""chlorphenesin"", ""phenoxyethanol""]"
p00080,Clinique Moisture Surge 72-Hour Auto Replenishing Hydrator 30ml,Clinique,25.0,Moisturiser,"[""water"", ""dimethicone"", ""butylene glycol"", ""glycerin"", ""trisiloxane"", ""trehalose"", ""sucrose"", ""ammonium acryloyldimethyltaurate/vp copolymer"", ""hydroxyethyl urea"", ""camellia sinensis  leaf extract"", ""silybum marianum  extract"", ""betula alba  bark extract"", ""saccharomyces lysate extract"", ""aloe barbadensis leaf water"", ""thermus thermophillus ferment"", ""caffeine"", ""sorbitol"", ""palmitoyl hexapeptide-12"", ""sodium hyaluronate"", ""caprylyl glycol"", ""oleth-10"", ""sodium polyasparate"", ""saccharide isomerate"", ""hydrogenated lecithin"", ""tocopheryl acetate"", ""acrylates/c10-30 alkyl acrylate crosspolymer"", ""glyceryl polymethacrylate"", ""tromethamine"", ""peg-8"", ""hexylene glycol"", ""magnesium ascorbyl phosphate"", ""disodium edta"", ""bht"", ""phenoxyethanol"", ""red 4"", ""yellow 5""]"
p00081,L'Oréal Paris Hydra Genius Liquid Care Moisturiser for Normal Combination Skin 70ml 2 Pack Exclusive,L'Oréal Paris,13.99,Moisturiser,"[""aqua / water"", ""glycerin"", ""alcohol denat"", ""dimethicone"", ""isononyl isononanoate"", ""silanetriol"", ""carbomer"", ""triethanolamine"", ""dimethiconol"", ""aloe barbadensis leaf juice"", ""sodium hyaluronate"", ""silica dimethyl silylate [nano] / silica dimethyl silylate"", ""hyaluronic acid"", ""phyllostachys bambusoides extract"", ""caprylyl glycol"", ""tetrasodium edta"", ""citric acid"", ""biosaccharide gum-1"", ""xanthan gum"", ""panthenol"", ""menthoxypropanediol"", ""ethylhexyl palmitate"", ""butylene glycol"", ""hexylene glycol"", ""tocopherol"", ""potassium sorbate"", ""sorbic acid"", ""methylparaben"", ""sodium benzoate"", ""phenoxyethanol"", ""chlorphenesin"", ""ci 42090 / blue 1"", ""linalool"", ""limonene"", ""parfum / fragrance""]"
p00082,Murad Hydro-Dynamic™ Ultimate Moisture (50ml),Murad,60.0,Moisturiser,"[""water"", ""c12-15 alkyl benzoate"", ""caprylic/capric triglyceride"", ""glycerin"", ""helianthus annuus  seed oil"", ""butylene glycol"", ""glyceryl stearate"", ""glyceryl behenate/eicosadioate"", ""dicaprylyl carbonate"", ""butyrospermum parkii"", ""cetearyl alcohol"", ""myristyl myristate"", ""cetyl alcohol"", ""ethoxydiglycol"", ""phenyl trimethicone"", ""stearic acid"", ""avena sativa  kernel extract"", ""yeast extract"", ""algae extract"", ""glycine soja  sterols"", ""zea mays  starch"", ""olea europaea  fruit oil"", ""persea gratissima  oil"", ""sodium hyaluronate"", ""dipotassium glycyrrhizate"", ""tetrahexyldecyl ascorbate"", ""tocopheryl acetate"", ""linoleic acid"", ""phospholipids"", ""polysorbate 60"", ""acrylamide/sodium acryloyldimethyltaurate copolymer"", ""isohexadecane"", ""glyceryl polymethacrylate"", ""panthenol"", ""jojoba alcohol"", ""potassium jojobate"", ""polysorbate 80"", ""urea"", ""glucosamine hcl"", ""peg-8"", ""bisabolol"", ""sorbitan oleate"", ""cetearyl methicone"", ""dimethicone"", ""palmitoyl oligopeptide"", ""retinyl palmitate"", ""allantoin"", ""xanthan gum"", ""disodium edta"", ""bht"", ""ethylhexylglycerin"", ""chlorphenesin"", ""phenoxyethanol""]"
p00083,Clinique Redness Solutions Daily Relief Cream 50ml,Clinique,42.0,Moisturiser,"[""water\\aqua\\eau"", ""dimethicone"", ""butyrospermum parkii"", ""cetearyl alcohol"", ""hydrogenated polyisobutene"", ""trisiloxane"", ""butylene glycol"", ""glycerin"", ""sucrose"", ""isostearyl palmitate"", ""peg-100 stearate"", ""camellia sinensis  leaf extract"", ""polygonum cuspidatum root extract"", ""hordeum vulgare  extract\\extrait d'orge"", ""triticum vulgare  germ extract"", ""cetearyl glucoside"", ""camellia sinensis  leaf extract"", ""aspalathus linearis  leaf extract"", ""saccharomyces lysate extract"", ""ascophyllum nodosum extract"", ""asparagopsis armata extract"", ""camellia sinensis  leaf extract"", ""algae extract"", ""caffeine"", ""lactobacillus ferment"", ""sodium lauroyl oat amino acids"", ""hydrogenated lecithin"", ""polyethylene"", ""glyceryl stearate"", ""salicylic acid"", ""sorbitol"", ""methyl glucose sesquistearate"", ""cholesterol"", ""linoleic acid"", ""glycine"", ""inulin"", ""tromethamine"", ""decarboxy carnosine hcl"", ""phytosphingosine"", ""cetyl alcohol"", ""tocopheryl acetate"", ""bisabolol"", ""squalane"", ""hdi/trimethylol hexyllactone crosspolymer"", ""behenyl alcohol"", ""sodium hyaluronate"", ""carbomer"", ""silica"", ""disodium edta"", ""potassium sorbate"", ""phenoxyethanol"", ""blue 1"", ""yellow 5"", ""chromium hydroxide green"", ""titanium dioxide"", ""mica""]"
p00084,DECLÉOR Hydra Floral Anti-Pollution Hydrating Rich Cream,DECLÉOR,32.2,Moisturiser,"[""water"", ""ethylhexyl hydroxystearate"", ""caprylic/capric triglyceride"", ""glycerin"", ""persea gratissima oil/avocado oil"", ""pentylene glycol"", ""cetearyl alcohol"", ""sunflower seed oil"", ""sorbitol esters"", ""rosa rubiginosa seed oil"", ""peg-32"", ""peg-6"", ""peg-100 stearate"", ""glyceryl stearate"", ""dimethicone"", ""panthenol"", ""sodium polyacrylate"", ""cetearyl glucoside"", ""pentaerythrityl distearate"", ""cetyl palmitate"", ""1-2-hexanediol"", ""caprylyl glycol"", ""glyceryl acrylate/acrylic acid copolymer"", ""phenoxyethanol"", ""butylphenyl methylpropional"", ""polyquaternium-39"", ""glycine soja/soybean oil"", ""viola tricolor extract"", ""tocopherol"", ""disodium edta"", ""hexyl cinnamal"", ""moringa oleifera seed extract"", ""maltodextrin"", ""crithmum maritimum extract"", ""citrus aurantium amara flower oil/bitter orange flower oil"", ""citronellol"", ""helianthus annuus seed extract/sunflower seed extract"", ""alpha-isomethyl ionone"", ""citric acid"", ""linalool"", ""ethylhexylglycerin"", ""benzyl alcohol"", ""sodium benzoate"", ""limonene"", ""geraniol"", ""farnesol"", ""ascorbyl palmitate"", ""parfum/fragrance""]"
p00085,Elemis Pro-Collagen Oxygenating Night Cream 50ml,Elemis,99.0,Moisturiser,"[""water"", ""glycerin"", ""glyceryl stearate se"", ""butyrospermum parkii"", ""isononyl isononanoate"", ""lauryl laurate"", ""ethyl macadamiate"", ""simmondsia chinensis  seed oil"", ""oryza sativa  hull powder"", ""laminaria digitata extract"", ""persea gratissima  oil"", ""sesamum indicum  oil unsaponifiables"", ""triticum vulgare  germ oil unsaponifiables"", ""persea gratissima  oil unsaponifiables"", ""padina pavonica extract"", ""corallina officinalis extract"", ""acacia decurrens absolute"", ""rosa damascena flower oil"", ""hexapeptide-9"", ""phenoxyethanol"", ""cetyl alcohol"", ""potassium cetyl phosphate"", ""sodium polyacrylate"", ""butylene glycol"", ""fragrance"", ""methylparaben"", ""o-cymen-5-ol"", ""glyceryl acrylate/acrylic acid copolymer"", ""ethylparaben"", ""disodium edta"", ""tocopheryl linoleate"", ""propylene glycol"", ""glyceryl polyacrylate"", ""propylparaben"", ""hydroxyisohexyl 3-cyclohexene carboxaldehyde"", ""butylphenyl methylpropional"", ""linalool"", ""tocopherol"", ""citronellol"", ""malic acid""]"
p00086,Weleda Skin Food 75ml - Light,Weleda,12.95,Moisturiser,"[""water"", ""helianthus annuus seed oil"", ""glycerin"", ""alcohol"", ""glyceryl stearate citrate"", ""beeswax"", ""theobroma cacao seed butter"", ""cetearyl alcohol"", ""butyrospermum parkii butter"", ""limonene"", ""viola tricolor extract"", ""rosmarinus officinalis leaf extract"", ""chamomilla recutita  flower extract"", ""calendula officinalis flower extract"", ""lanolin"", ""carrageenan"", ""xanthan gum"", ""lactic acid"", ""glyceryl caprylate"", ""fragrance"", ""linalool"", ""geraniol"", ""citral""]"
p00087,Clinique Moisture Surge SPF25 Sheertint Hydrator - Universal Light Medium 40ml,Clinique,30.0,Moisturiser,"[""water\\aqua\\eau"", ""ethylhexyl methoxycinnamate"", ""c12-15 alkyl benzoate"", ""ethylhexyl salicylate"", ""titanium dioxide"", ""zinc oxide"", ""caprylyl methicone"", ""neopentyl glycol diheptanoate"", ""butylene glycol"", ""pentylene glycol"", ""glycerin"", ""polyglyceryl-10 pentastearate"", ""hydrogenated lecithin"", ""behenyl alcohol"", ""peg-100 stearate"", ""sucrose"", ""laminaria saccharina extract"", ""cucumis sativus  fruit extract"", ""aloe barbadensis leaf water"", ""hordeum vulgare  extract\\extrait d'orge"", ""caffeine"", ""tocopheryl acetate"", ""isohexadecane"", ""lecithin"", ""sodium stearoyl lactylate"", ""propylene glycol dicaprate"", ""sodium hyaluronate"", ""helianthus annuus  seedcake"", ""trehalose"", ""isostearic acid"", ""polyhydroxystearic acid"", ""polysorbate 80"", ""dimethicone"", ""xanthan gum"", ""polyethylene"", ""acrylamide/sodium acryloyldimethyltaurate copolymer"", ""silica"", ""disodium edta"", ""tetrasodium edta"", ""bht"", ""phenoxyethanol"", ""[+/- iron oxides"", ""iron oxides"", ""iron oxides"", ""titanium dioxide ]""]"
p00088,The INKEY List Bakuchiol Moisturiser 30ml,The INKEY List,9.99,Moisturiser,"[""water"", ""squalane"", ""glycerin"", ""propanediol"", ""plukenetia volubilis seed oil"", ""dicaprylyl carbonate"", ""bakuchiol"", ""phenoxyethanol"", ""sodium caproyl prolinate"", ""hydroxyethyl acrylate/sodium acryloyldimethyl taurate copolymer"", ""carbomer"", ""sodium hydroxide"", ""ethylhexylglycerin"", ""sodium stearoyl glutamate"", ""polysorbate 60"", ""phytic acid"", ""glyceryl polyacrylate"", ""sorbitan isostearate"", ""tocopherol""]"
p00089,COSRX Advanced Snail 92 All in One Cream 100ml,COSRX,27.0,Moisturiser,"[""snail secretion filtrate"", ""betaine"", ""caprylic/capric triglyceride"", ""cetearyl olivate"", ""sorbitan olivate"", ""sodium hyaluronate"", ""cetearyl\u00a0alcohol"", ""stearic acid"", ""arginine"", ""dimethicone"", ""carbomer"", ""panthenol"", ""allantoin"", ""sodium polyacrylate"", ""xanthan gum"", ""ethyl hexanediol"", ""adenosine"", ""phenoxyethanol""]"
p00090,bareMinerals Butter Drench Intense Moisurising Day Cream,bareMinerals,32.0,Moisturiser,"[""water"", ""glycerin"", ""butylene glycol"", ""dimethicone"", ""pentaerythrityl tetraethylhexanoate"", ""propanediol"", ""tricaprylin"", ""glyceryl stearate se"", ""cetyl alcohol"", ""silica"", ""myristyl myristate"", ""peg-100 stearate"", ""butyrospermum parkii  butter"", ""copernicia cerifera  wax"", ""hydrogenated polyisobutene"", ""hydrogenated polydecene"", ""behenyl alcohol"", ""dimethylacrylamide/sodium acryloyldimethyltaurate crosspolymer"", ""isostearic acid"", ""stearyl alcohol"", ""urea"", ""glucosamine hcl"", ""algae extract"", ""saccharomyces cerevisiae extract"", ""sodium pca"", ""allantoin"", ""ethylhexylglycerin"", ""lauryl betaine"", ""sodium citrate"", ""disodium edta"", ""sorbitan tristearate"", ""phytosteryl/octyldodecyl lauroyl glutamate"", ""alcohol"", ""citric acid"", ""carbomer"", ""polysorbate 20"", ""sodium hyaluronate"", ""hypericum erectum extract"", ""palmitoyl tetrapeptide-7"", ""palmitoyl tripeptide-1"", ""ceramide np"", ""tocopherol"", ""fragrance"", ""geraniol"", ""limonene"", ""linalool"", ""citral"", ""sodium benzoate"", ""phenoxyethanol""]"
p00091,Eucerin Anti-Pigment SPF30 Day Cream 50ml,Eucerin,25.0,Moisturiser,"[""water"", ""homosalate"", ""alcohol denat"", ""butyl methoxydibenzoylmethane"", ""ethylhexyl salicylate"", ""ethylhexyl triazone"", ""bis-ethylhexyloxyphenol methoxyphenyl triazine"", ""butylene glycol"", ""dicaprylate/dicaprate"", ""tapioca starch"", ""distarch phosphate"", ""c12-15 alkyl benzoate"", ""phenylbenzimidazole sulfonic acid"", ""isobutylamido thiazolyl resorcinol"", ""glycyrrhiza inflata root extract"", ""tocopherol"", ""glucosylrutin"", ""isoquercitrin"", ""glycerin"", ""cetyl alcohol"", ""stearyl alcohol"", ""sodium chloride"", ""xanthan gum"", ""carbomer"", ""sodium hydroxide"", ""glyceryl stearate"", ""sodium stearoyl glutamate"", ""dimethicone"", ""phenoxyethanol"", ""trisodium edta"", ""parfum""]"
p00092,Clinique for Men Oil-Control Moisturiser 100ml,Clinique,25.5,Moisturiser,"[""water\\aqua\\eau"", ""isododecane"", ""butylene glycol"", ""polypropylene"", ""dimethicone"", ""bis-peg-18 methyl ether dimethyl silane"", ""glycerin"", ""ammonium acryloyldimethyltaurate/vp copolymer"", ""polygonum cuspidatum root extract"", ""cucumis sativus  fruit extract"", ""laminaria saccharina extract"", ""hordeum vulgare  extract\\extrait d'orge"", ""saccharomyces lysate extract"", ""lactobacillus ferment"", ""helianthus annuus  seedcake"", ""caffeine"", ""sodium hyaluronate"", ""trehalose"", ""oleth-10"", ""caprylyl glycol"", ""polysilicone-11"", ""tocopheryl acetate"", ""propylene glycol dicaprate"", ""hexylene glycol"", ""laureth-23"", ""laureth-4"", ""acrylates/c10-30 alkyl acrylate crosspolymer"", ""silica"", ""disodium edta"", ""phenoxyethanol"", ""yellow 6"", ""red 4"", ""yellow 5 ""]"
p00093,Sukin Sensitive Facial Moisturiser (125ml),Sukin,7.95,Moisturiser,"[""water"", ""aloe barbadensis leaf juice"", ""sesamum indicum  seed oil"", ""cetearyl alcohol"", ""glycerin"", ""cetyl alcohol"", ""ceteareth-20"", ""rosa canina fruit oil"", ""theobroma cacao  seed butter"", ""butyrospermum parkii"", ""simmondsia chinensis  seed oil"", ""persea gratissima  oil"", ""triticum vulgare  germ oil"", ""tocopherol"", ""cucumis sativus  fruit extract"", ""chamomilla recutita  flower extract"", ""vanillin"", ""vanilla planifolia fruit extract"", ""phenoxyethanol"", ""benzyl alcohol""]"
p00094,Fade Out ADVANCED Even Skin Tone Day Cream SPF 25 50ml,Fade Out,9.99,Moisturiser,"[""water"", ""ethylhexyl methoxycinnamate"", ""sodium lactate"", ""homosalate"", ""lactic acid"", ""cetearyl alcohol"", ""glyceryl stearate"", ""peg-100\u00a0stearate"", ""dimethicone"", ""glycerin"", ""stearyl alcohol"", ""hexylene glycol"", ""niacinamide"", ""titanium dioxide"", ""ceteareth 20"", ""phenoxyethanol"", ""parfum"", ""sodium saccharin"", ""tocopheryl acetate"", ""panthenol"", ""alumina"", ""ethylhexylglycerin"", ""glycyrrhiza glabra \u00a0root extract"", ""morus nigra leaf extract"", ""arbutin"", ""disodium edta"", ""simethicone"", ""glyceryl oleate"", ""ascorbyl palmitate"", ""tocopherol"", ""ascorbic acid polypeptide"", ""citric acid"", ""citronellol"", ""linalool"", ""hydroxyisohexyl 3-cyclohexene""]"
p00095,First Aid Beauty Coconut Skin Smoothie Priming Moisturiser,First Aid Beauty,20.5,Moisturiser,"[""cocos nucifera  fruit juice"", ""glucose"", ""c12-15 alkyl benzoate"", ""maltodextrin"", ""water"", ""cyclopentasiloxane"", ""butylene glycol"", ""glycerin"", ""caprylic/capric triglyceride"", ""mica"", ""sodium acrylate/sodium acryloyldimethyl taurate copolymer"", ""cocos nucifera  fruit extract"", ""selaginella lepidophylla extract"", ""prunus armeniaca  fruit extract"", ""pyrus malus  fruit extract"", ""vanilla planifolia fruit extract"", ""hydrolyzed quinoa"", ""coffea arabica  seed extract"", ""dipteryx odorata seed extract"", ""saccharomyces/copper ferment"", ""saccharomyces/iron ferment"", ""saccharomyces/magnesium ferment"", ""saccharomyces/silicon ferment"", ""saccharomyces/zinc ferment"", ""camellia sinensis leaf extract"", ""chrysanthemum parthenium  extract"", ""glycyrrhiza glabra  root extract"", ""ethylhexylglycerin"", ""sorbitan oleate"", ""dimethicone crosspolymer"", ""isohexadecane"", ""acrylates/c10-30 alkyl acrylate crosspolymer"", ""polysorbate 80"", ""lactobacillus ferment"", ""leuconostoc/radish root ferment filtrate"", ""phenoxyethanol"", ""disodium edta"", ""tin oxide"", ""benzyl alcohol"", ""potassium sorbate"", ""sodium benzoate"", ""sodium hydroxide"", ""ci 77891"", ""ci 77491 ""]"
p00096,Avène Rich Revitalizing Nourishing Cream 50ml,Avène,17.5,Moisturiser,"[""avene thermal spring water . butyrospermum parkii  butter . glycerin. octyldodecanol. mineral oil . cetearyl alcohol. dimethicone. isododecane. methyl gluceth-20. pentylene glycol. water . silica. cetyl esters. cetearyl glucoside. glyceryl stearate. peg-100 stearate. benzoic acid. caprylic/capric triglyceride. ethylhexylglycerin. fragrance . hydrogenated starch hydrolysate. polyacrylate-13. polyisobutene. polysorbate 20. ribes rubrum  fruit extract . rubus idaeus  fruit extract . sodium benzoate. sodium hydroxide. sorbitan isostearate. tocopherol. tocopheryl glucoside. vaccinium myrtillus fruit extract. xanthan gum""]"
p00097,REN Clean Skincare Evercalm Global Protection Day Cream,REN,34.0,Moisturiser,"[""anthemis nobilis  flower extract"", ""camellia oleifera seed oil"", ""cetearyl ethylhexanoate"", ""myristyl myristate"", ""cetearyl alcohol"", ""sesamum indicum  seed oil"", ""butyrospermum parkii"", ""cetearyl glucoside"", ""glycerin"", ""caprylic/capric triglyceride"", ""triheptanoin"", ""oryzanol"", ""helianthus annuus  seed oil"", ""phenoxyethanol"", ""vaccinium macrocarpon  seed oil"", ""ribes nigrum  seed oil"", ""bisabolol"", ""calendula officinalis flower extract"", ""laminaria ochroleuca extract"", ""cassia alata leaf extract"", ""pueraria lobata  symbiozome extract"", ""carbomer"", ""sodium hydroxymethylglycinate"", ""hippophae rhamnoides fruit extract"", ""citrus nobilis  peel oil"", ""pelargonium graveolens flower oil"", ""cinnamomum camphora linalloliferum  leaf oil"", ""anthemis nobilis  flower oil"", ""limonene"", ""citronellol"", ""geraniol"", ""linalool"", ""tocopherol""]"
p00098,Fade Out ADVANCED + Age Protection Even Skin Tone Day Cream SPF 25 50ml,Fade Out,12.99,Moisturiser,"[""water"", ""ethylhexyl methoxycinnamate"", ""sodium lactate"", ""homosalate"", ""lactic acid"", ""cetearyl alcohol"", ""glyceryl stearate"", ""peg-100 stearate"", ""dimethicone"", ""glycerin"", ""stearyl alcohol"", ""hexylene glycol"", ""niacinamide"", ""titanium dioxide"", ""ceteareth-20"", ""phenoxyethanol"", ""sucrose palmitate"", ""tocopheryl acetate"", ""parfum"", ""sodium saccharin"", ""panthenol"", ""glyceryl linoleate"", ""alumina"", ""ethylhexylglycerin"", ""glycyrrhiza glabra  root extract"", ""morus nigra leaf extract"", ""disodium edta"", ""simethicone"", ""glyceryl oleate"", ""sodium hyaluronate"", ""potassium sorbate"", ""ascorbyl palmitate"", ""tocopherol"", ""citric acid"", ""citronellol"", ""linalool"", ""hydroxyisohexyl 3-cyclohexene carboxaldehyde""]"
p00099,Bulldog Protective Moisturiser 100ml,Bulldog,6.75,Moisturiser,"[""water"", ""aloe barbadensis  leaf juice"", ""octocrylene"", ""ethylhexyl salicylate"", ""ethylhexyl palmitate"", ""caprylic/capric\u00a0triglyceride"", ""butyl methoxydibenzoylmethane"", ""glycerin"", ""sodium polyacrylate"", ""sorbitan stearate"", ""pentaerythrityl distearate"", ""phenoxyethanol"", ""sodium stearoyl glutamate"", ""benzoic acid"", ""carbomer"", ""tocopherol"", ""mannan"", ""dehydroacetic acid"", ""camellia sinensis  leaf extract"", ""sodium hydroxide"", ""citrus aurantium bergamia  peel oil"", ""citrus limon  peel oil"", ""potassium\u00a0sorbate"", ""artemesia vulgaris oil"", ""juniperus virginiana oil"", ""pelargonium graveolens oil"", ""pogostemon cablin leaf oil"", ""pogostemon cablin\u00a0oil"", ""citric acid"", ""citrus aurantifolia  oil"", ""vetiveria zizanoides root oil"", ""zingiber officinale  root oil"", ""citronellol"", ""limonene"", ""linalool""]"
p00100,Alpha-H Daily Essential Moisturiser Spf50+ (50ml),Alpha-H,29.0,Moisturiser,"[""water"", ""homosalate"", ""octocrylene"", ""cyclomethicone"", ""c12-15 alkyl benzoate"", ""butyl methoxydibenzoylmethane"", ""ethylhexyl salicylate"", ""isostearyl neopentanoate"", ""ethylhexyl triazone"", ""cyclohexasiloxane"", ""ceteareth-20"", ""cetearyl alcohol"", ""caprylyl glycol"", ""glycerin"", ""peg-40 stearate"", ""silica"", ""triethanolamine"", ""ammonium acryloyldimethyltaurate/vp copolymer"", ""xanthan gum"", ""cetyl dimethicone"", ""caprylhydroxamic acid"", ""citric acid"", ""disodium edta"", ""panthenol"", ""tocopherols ""]"
p00101,Pai Skincare Chamomile and Rosehip Calming Day Cream 50ml,Pai Skincare,38.0,Moisturiser,"[""water"", ""prunus armeniaca kernel oil"", ""simmondsia chinensis seed oil"", ""carthamus tinctorius seed oil"", ""cetearyl alcohol"", ""glycerin"", ""rosa canina seed extract"", ""butyrospermum parkii butter"", ""cetearyl glucoside"", ""leptospermum scoparium leaf oil"", ""sodium levulinate"", ""mixed tocopherols"", ""chamomilla recutita extract"", ""lavandula officinalis flower oil"", ""sodium anisate"", ""pelargonium graveolens oil"", ""lactic acid"", ""glyceryl stearate citrate"", ""sodium lauroyl lactylate ""]"
p00102,Estée Lauder DayWear Anti-Oxidant 72H-Hydration Sorbet Creme SPF 15 50ml,Estée Lauder,40.5,Moisturiser,"[""water/aqua/eau"", ""glycerin"", ""alcohol denat"", ""ethylhexyl salicylate"", ""homosalate"", ""butyl methoxydibenzoylmethane"", ""octocrylene"", ""pentylene glycol"", ""caprylyl methicone"", ""biosaccharide gum - 1"", ""ammonium acryloyldimethyltaurate/vp copolymer"", ""cucumis sativus  fruit extract"", ""sodium hyaluronate"", ""thermus thermophillus ferment"", ""ethylbisiminomethylguaiacol manganese chloride"", ""ergothioneine"", ""tocopheryl acetate"", ""tetrahexyldecyl ascorbate"", ""cyclodextrin"", ""psidium guajava  fruit extract"", ""fumaria officinalis flower/leaf/stem extract"", ""caffeine"", ""narcissus tazetta bulb extract"", ""polygonum cuspidatum root extract"", ""algae extract"", ""citrus limon  fruit extract"", ""helianthus annuus  seedcake"", ""vitis vinifera  seed extract"", ""triticum vulgare  germ extract"", ""hordeum vulgare  extract\\extrait d'orge"", ""gentiana lutea  root extract"", ""linoleic acid"", ""cholesterol"", ""glycyrrhetinic acid"", ""saccharomyces lysate extract"", ""palmitoyl hydroxypropyltrimonium amylopectin/glycerin crosspolymer"", ""artemia extract"", ""propylene glycol dicaprate"", ""fumaric acid"", ""ethylhexylglycerin"", ""propanediol"", ""squalane"", ""acrylates/c10-30 alkyl acrylate crosspolymer"", ""butylene glycol"", ""citric acid"", ""sodium hydroxide"", ""fragrance"", ""disodium edta"", ""bht"", ""phenoxyethanol"", ""blue 1""]"
p00103,Liz Earle Skin Repair Light,Liz Earle,23.0,Moisturiser,"[""water"", ""propanediol"", ""diheptyl succinate"", ""glycerin"", ""cetearyl alcohol"", ""borago officinalis seed oil"", ""persea gratissima  oil"", ""glyceryl stearate citrate"", ""humulus lupulus  extract"", ""echinacea purpurea extract"", ""phenoxyethanol"", ""sodium polyacrylate"", ""cetearyl glucoside"", ""caprylyl glycol"", ""parfum"", ""capryloyl glycerin/sebacic acid copolymer"", ""tocopherol"", ""xanthan gum"", ""trisodium ethylenediamine disuccinate"", ""hydrolyzed hyaluronic acid"", ""citric acid"", ""benzyl salicylate"", ""limonene"", ""linalool"", ""citronellol"", ""eugenol"", ""benzoic acid"", ""dehydroacetic acid"", ""aspartic acid"", ""sodium hydroxide"", ""sodium chloride""]"
p00104,Elemis Peptide4 Plumping Pillow Facial,Elemis,52.0,Moisturiser,"[""aqua/water/eau"", ""peg-8"", ""dicaprylyl carbonate"", ""glycerin"", ""diheptyl succinate"", ""capryloyl glycerin/sebacic acid copolymer"", ""sodium polyacrylate"", ""phenoxyethanol"", ""hydroxyacetophenone"", ""fragrance"", ""disodium edta"", ""chondrus crispus extract"", ""buglossoides arvensis  seed oil"", ""benzyl benzoate"", ""glyceryl acrylate/acrylic acid copolymer"", ""benzyl alcohol"", ""linalool"", ""maltodextrin"", ""limonene"", ""lithothamnion calcareum extract"", ""tocopherol"", ""veronica officinalis  flower/leaf/stem extract"", ""hexyl cinnamal"", ""dehydroacetic acid"", ""nyctanthes arbor-tristis  flower extract"", ""cananga odorata flower oil"", ""citrus aurantium dulcis  peel oil"", ""myristica fragrans  kernel oil"", ""gardenia florida fruit extract"", ""hydrolyzed yeast protein"", ""sodium benzoate"", ""citric acid"", ""citrus aurantium amara  leaf/twig oil"", ""citrus aurantium amara  peel oil"", ""coriandrum sativum  fruit oil"", ""benzoic acid"", ""ethylhexylglycerin""]"
p00105,Murad Oil and Pore Control Mattifier SPF45 PA 50ml,Murad,35.0,Moisturiser,"[""water/aqua/eau"", ""homosalate"", ""tapioca starch"", ""polysilicone-11"", ""ethylhexyl salicylate"", ""octocrylene"", ""methyl methacrylate crosspolymer"", ""butyl methoxydibenzoylmethane"", ""propanediol dicaprylate"", ""butylene glycol"", ""coconut alkanes"", ""cetearyl alcohol"", ""c20-22 alkyl phosphate"", ""enantia chlorantha bark extract"", ""butyl avocadate"", ""retinyl palmitate"", ""tocopheryl acetate"", ""ascorbyl palmitate"", ""sodium hyaluronate"", ""allantoin"", ""zinc gluconate"", ""glycerin"", ""oleanolic acid"", ""urea"", ""yeast amino acids"", ""trehalose"", ""inositol"", ""taurine"", ""betaine"", ""coco-caprylate/caprate"", ""hydrogenated lecithin"", ""coco-glucoside"", ""c20-22 alcohols"", ""laureth-12"", ""polyacrylate crosspolymer-6"", ""sodium hydroxide"", ""disodium edta"", ""ethylhexylglycerin"", ""phenoxyethanol"", ""fragrance"", ""limonene"", ""linalool"", ""citral""]"
p00106,Clinique for Men Anti-Age Moisturiser 100ml,Clinique,32.5,Moisturiser,"[""water\\aqua\\eau"", ""squalane"", ""glycerin"", ""isostearyl neopentanoate"", ""butyrospermum parkii"", ""butylene glycol"", ""peg-100 stearate"", ""cetyl alcohol"", ""dimethicone"", ""polyethylene"", ""glyceryl stearate"", ""cucumis sativus  fruit extract"", ""hordeum vulgare  extract\\extrait d'orge"", ""sigesbeckia orientalis  extract"", ""whey protein\\lactis protein\\prot\u00e9ine du petit-lait"", ""caffeine"", ""acetyl hexapeptide-8"", ""sucrose"", ""petrolatum"", ""sodium polyacrylate"", ""acetyl glucosamine"", ""caprylyl glycol"", ""propylene glycol dicaprate"", ""helianthus annuus  seedcake"", ""glyceryl polymethacrylate"", ""palmitoyl oligopeptide"", ""tocopheryl acetate"", ""sodium hyaluronate"", ""dimethicone crosspolymer-3"", ""hexylene glycol"", ""ptfe"", ""peg-8"", ""xanthan gum"", ""disodium edta"", ""phenoxyethanol""]"
p00107,AMELIORATE Transforming Body Cream 225ml,AMELIORATE,27.5,Moisturiser,"[""aqua/water/eau"", ""ammonium lactate"", ""octyldodecanol"", ""cetearyl alcohol"", ""c12-15 alkyl benzoate"", ""squalane"", ""theobroma cacao  seed butter"", ""butyrospermum parkii  butter"", ""glyceryl stearate"", ""cetyl alcohol"", ""camelina sativa  seed oil"", ""peg-75 stearate"", ""fragrance"", ""sodium benzoate"", ""xanthan gum"", ""ceteth-20"", ""steareth-20"", ""glycerin"", ""peg-100 stearate"", ""disodium edta"", ""potassium sorbate"", ""pentylene glycol"", ""hydrolyzed milk protein"", ""lactic acid"", ""serine"", ""sodium lactate"", ""sorbitol"", ""urea"", ""linalool"", ""citronellol"", ""citrus aurantium dulcis  oil"", ""limonene"", ""coumarin"", ""juniperus mexicana  oil"", ""alpha-isomethyl ionone"", ""sodium chloride"", ""pelargonium graveolens  oil"", ""geraniol"", ""allantoin"", ""sodium hydroxide"", ""tocopherol""]"
p00108,"JASON Age Renewal Vitamin E 25,000iu Cream (120g)",JASON,9.99,Moisturiser,"[""water"", ""glycerin"", ""caprylic/capric triglyceride"", ""tocopheryl acetate"", ""helianthus annuus  seed oil"", ""stearic acid"", ""cetyl alcohol"", ""benzyl alcohol"", ""glyceryl stearate se"", ""persea gratissima  oil"", ""prunus amygdalus dulcis  oil"", ""triticum vulgare  germ oil"", ""aloe barbadensis leaf juice"", ""citrus grandis  fruit extract"", ""ascorbic acid"", ""carbomer"", ""potassium cetyl phosphate"", ""potassium hydroxide"", ""sorbic acid"", ""potassium sorbate"", ""sodium benzoate""]"
p00109,Clinique Smart SPF 15 Custom Repair Moisturiser - Dry to Combination Skin - 50ml,Clinique,52.0,Moisturiser,"[""water\\aqua\\eau"", ""ethylhexyl salicylate"", ""butyloctyl salicylate"", ""glycerin"", ""butyl methoxydibenzoylmethane"", ""polyester-8"", ""polysorbate 60"", ""cetyl alcohol"", ""butylene glycol"", ""sorbitan stearate"", ""dimethicone"", ""tridecyl stearate"", ""peg-100 stearate"", ""saccharomyces ferment filtrate"", ""sodium hyaluronate"", ""camellia sinensis leaf extract"", ""astrocaryum murumuru seed butter"", ""tridecyl trimellitate"", ""dipentaerythrityl hexacaprylate/hexacaprate"", ""algae extract"", ""plankton extract"", ""laminaria saccharina extract"", ""tamarindus indica seed extract"", ""whey protein\\lactis protein\\prot\u00e9ine du petit-lait"", ""acetyl glucosamine"", ""sigesbeckia orientalis  extract"", ""glycine soja  protein"", ""centaurium erythraea  extract"", ""styrene/acrylates copolymer"", ""cetyl palmitate"", ""polyethylene"", ""acrylates/c10-30 alkyl acrylate crosspolymer"", ""acetyl hexapeptide-8"", ""biotin"", ""aminopropyl ascorbyl phosphate"", ""sorbitan palmitate"", ""sorbitan olivate"", ""caffeine"", ""ethylhexylglycerin"", ""tocopheryl acetate"", ""sodium polyacrylate"", ""peg-8 laurate"", ""trehalose"", ""ergothioneine"", ""lecithin"", ""calcium chloride"", ""hydroxyethylcellulose"", ""sodium benzoate"", ""sodium hydroxide"", ""pentylene glycol"", ""disodium edta"", ""phenoxyethanol"", ""chlorphenesin"", ""yellow 5"", ""red 4 ""]"
p00110,Mama Mio The Tummy Rub Butter 120ml - Lavender and Mint,Mama Mio,24.0,Moisturiser,"[""aloe barbadensis leaf juice"", ""aqua/water/eau"", ""ethylhexyl palmitate"", ""coconut alkanes"", ""butyrospermum parkii  butter"", ""cetyl alcohol"", ""glycerin"", ""prunus amygdalus dulcis  oil"", ""cetearyl alcohol"", ""caprylic/capric triglyceride"", ""sodium acrylate/sodium acryloyldimethyl taurate copolymer"", ""glyceryl stearate citrate"", ""myristyl myristate"", ""phenoxyethanol"", ""isohexadecane"", ""fragrance"", ""hydroxyacetophenone"", ""sodium stearoyl glutamate"", ""coco-caprylate/caprate"", ""linalool"", ""mentha arvensis leaf oil"", ""polysorbate 80"", ""lavandula angustifolia  flower oil"", ""citrus limon  peel oil"", ""lavandula hybrida oil"", ""ethylhexylglycerin"", ""argania spinosa kernel oil"", ""cocos nucifera  oil"", ""olea europaea  fruit oil"", ""persea gratissima  oil"", ""rosa canina fruit oil"", ""plukenetia volubilis seed oil"", ""limonene"", ""sorbitan oleate"", ""glyceryl caprylate"", ""tocopherol"", ""helianthus annuus  seed oil"", ""cistus ladaniferus oil"", ""cupressus sempervirens oil"", ""geraniol"", ""citral"", ""1"", ""2-hexanediol"", ""beta-glucan"", ""caprylyl glycol"", ""coumarin"", ""sodium benzoate"", ""citric acid"", ""sodium hydroxide""]"
p00111,Neal's Yard Remedies Vitamin E and Avocado Night Cream 50g,Neal's Yard Remedies,22.0,Moisturiser,"[""water"", ""glycerin"", ""cetearyl alcohol"", ""glyceryl stearate"", ""triticum vulgare  germ oil"", ""persea gratissima  oil"", ""prunus amygdalus  dulcis oil"", ""polysorbate 60"", ""alcohol denat"", ""symphytum officinale  leaf extract"", ""althea officinalis  root extract"", ""simmondsia chinensis  seed oil"", ""pelargonium graveolens  flower oil"", ""citrus limon  peel oil"", ""tocopheryl acetate"", ""sorbitan stearate"", ""phenoxyethanol"", ""citral"", ""citronellol"", ""coumarin"", ""geraniol"", ""limonene"", ""linalool""]"
p00112,First Aid Beauty Ultra Repair Face Moisturiser (50ml),First Aid Beauty,20.0,Moisturiser,"[""water"", ""glyceryl stearate se"", ""glycerin"", ""caprylic/capric triglyceride"", ""colloidal oatmeal"", ""urea"", ""squalane"", ""dimethicone"", ""cetyl alcohol"", ""cetearyl alcohol"", ""caprylyl glycol"", ""phenoxyethanol"", ""allantoin"", ""butyrospermum parkii  butter"", ""limnanthes alba  seed oil"", ""persea gratissima  oil"", ""carbomer"", ""sodium hydroxide"", ""camellia sinensis  leaf extract"", ""chrysanthemum parthenium  extract"", ""glycyrrhiza glabra  root extract"", ""ceramide 3""]"
p00113,Bioderma Hydrabio Gel Cream 40ml,Bioderma,15.2,Moisturiser,"[""aqua/water/eau"", ""glycerin"", ""isododecane"", ""cyclopentasiloxane"", ""dipropylene glycol"", ""niacinamide"", ""squalane"", ""polymethylsilsesquioxane"", ""c14-22 alcohols"", ""hdi/trimethylol hexyllactone crosspolymer"", ""ammonium cryloyldimethyltaurate/vp copolymer"", ""c30-45 alkyl cetearyl dimethicone crosspolymer"", ""carbomer"", ""pentylene\u00a0glycol"", ""tocopheryl acetate"", ""c12-20 alkyl glucoside"", ""steareth-21"", ""disodium edta"", ""salicylic acid"", ""sodium hydroxide"", ""mannitol"", ""xylitol"", ""hexyldecanol"", ""peg/ppg-18/18 dimethicone"", ""rhamnose"", ""malachite extract"", ""pyrus malus  seed extract"", ""brassica campestris  sterols"", ""tocopherol"", ""fragrance ""]"
p00114,Estée Lauder NightWear Plus Anti-Oxidant Night Detox Crème 50ml,Estée Lauder,44.1,Moisturiser,"[""water/aqua/eau"", ""dimethicone"", ""glycerin"", ""polysorbate 60"", ""butyrospermum parkii"", ""hydrogenated polydecene"", ""propanediol"", ""squalane"", ""sorbitan stearate"", ""cetyl palmitate"", ""tridecyl stearate"", ""laminaria saccharina extract"", ""laminaria ochroleuca extract"", ""gentiana lutea  root extract"", ""hydrolyzed rice bran extract"", ""citrus reticulata  peel extract"", ""psidium guajava  fruit extract"", ""hydrolyzed rice extract"", ""citrus limon  fruit extract"", ""fumaria officinalis flower/leaf/stem extract"", ""triticum vulgare  germ extract"", ""hordeum vulgare  extract/extrait d'orge"", ""polygonum cuspidatum root extract"", ""thermus thermophillus ferment"", ""coffea arabica  seed extract"", ""vitis vinifera  seed extract"", ""saccharomyces lysate extract"", ""limonium vulgare flower/leaf/stem extract"", ""ethylbisiminomethylguaiacol manganese chloride"", ""palmitoyl hydroxypropyltrimonium amylopectin/glycerin crosspolymer"", ""artemia extract"", ""cholesterol"", ""algae extract"", ""linoleic acid"", ""dimethiconol"", ""isohexadecane"", ""sodium hyaluronate"", ""lecithin"", ""tridecyl trimellitate"", ""lauryl alcohol"", ""glycyrrhetinic acid"", ""trehalose"", ""sucrose"", ""ergothioneine"", ""acrylates/c10-30 alkyl acrylate crosspolymer"", ""dipentaerythrityl hexacaprylate/hexacaprate"", ""acetyl glucosamine"", ""ethylhexylglycerin"", ""butylene glycol"", ""glyceryl stearate"", ""behenyl alcohol"", ""caffeine"", ""palmitic acid"", ""sodium pca"", ""stearic acid"", ""urea"", ""caprylic/capric triglyceride"", ""acrylamide/sodium acryloyldimethyltaurate copolymer"", ""tocopheryl acetate"", ""tetrahexyldecyl ascorbate"", ""cetyl alcohol"", ""myristyl alcohol"", ""polyquaternium-51"", ""citric acid"", ""sodium hydroxide"", ""polysorbate 80"", ""sodium benzoate"", ""fumaric acid"", ""cyclodextrin"", ""fragrance"", ""disodium edta"", ""bht"", ""phenoxyethanol"", ""chlorphenesin"", ""linalool"", ""butylphenyl methylpropional"", ""hydroxyisohexyl 3-cyclohexene carboxaldehyde"", ""benzyl salicylate"", ""blue 1"", ""yellow 5""]"
p00115,The Ordinary 10% Agireline Solution 30ml,The Ordinary,5.8,Serum,"[""water"", ""propanediol"", ""acetyl hexapeptide-8"", ""trisodium ethylenediamine disuccinate"", ""gellan gum"", ""sodium chloride"", ""isoceteth-20"", ""dimethyl isosorbide"", ""potassium sorbate"", ""phenoxyethanol"", ""chlorphenesin""]"
p00116,The Ordinary Buffet Supersize Serum 60ml,The Ordinary,24.4,Serum,"[""water"", ""glycerin"", ""lactococcus ferment lysate"", ""acetyl hexapeptide-8"", ""pentapeptide-18"", ""palmitoyl tripeptide-1"", ""palmitoyl tetrapeptide-7"", ""palmitoyl tripeptide-38"", ""dipeptide diaminobutyroyl benzylamide diacetate"", ""acetylarginyltryptophyl diphenylglycine"", ""sodium hyaluronate crosspolymer"", ""sodium hyaluronate"", ""allantoin"", ""glycine"", ""alanine"", ""serine"", ""valine"", ""isoleucine"", ""proline"", ""threonine"", ""histidine"", ""phenylalanine"", ""arginine"", ""aspartic acid"", ""trehalose"", ""fructose"", ""glucose"", ""maltose"", ""urea"", ""sodium pca"", ""pca"", ""sodium lactate"", ""citric acid"", ""hydroxypropyl cyclodextrin"", ""sodium chloride"", ""sodium hydroxide"", ""butylene glycol"", ""pentylene glycol"", ""acacia senegal gum"", ""xanthan gum"", ""carbomer"", ""polysorbate 20"", ""ppg-26-buteth-26"", ""peg-40 hydrogenated castor oil"", ""trisodium ethylenediamine disuccinate"", ""ethoxydiglycol"", ""sodium benzoate"", ""caprylyl glycol"", ""ethylhexylglycerin"", ""phenoxyethanol"", ""chlorphenesin""]"
p00117,The Ordinary 100% Pycnogenol 5% 15ml,The Ordinary,8.9,Serum,"[""propanediol"", ""pinus pinaster bark extract""]"
p00118,Medik8 C-Tetra Serum 30ml,Medik8,35.0,Serum,"[""simmondsia chinensis  seed oil"", ""cyclopentasiloxane"", ""cyclohexasiloxane"", ""tetrahexyldecyl ascorbate"", ""tocopheryl\u00a0acetate"", ""ppg-12/smdi copolymer"", ""citrus grandis  peel oil"", ""limonene""]"
p00119,Estée Lauder Advanced Night Repair Synchronized Recovery Complex II 30ml,Estée Lauder,52.2,Serum,"[""water\\aqua\\eau"", ""bifida ferment lysate"", ""methyl gluceth-20"", ""peg-75"", ""bis-peg-18 methyl ether dimethyl silane"", ""butylene glycol"", ""propanediol"", ""cola acuminata  seed extract"", ""hydrolyzed algin"", ""pantethine"", ""caffeine"", ""lecithin"", ""tripeptide-32"", ""ethylhexylglycerin"", ""sodium rna"", ""bisabolol"", ""glycereth-26"", ""squalane"", ""sodium hyaluronate"", ""oleth-3 phosphate"", ""caprylyl glycol"", ""lactobacillus ferment"", ""oleth-3"", ""oleth-5"", ""anthemis nobilis"", ""yeast extract\\faex\\extrait de levure"", ""choleth-24"", ""hydrogenated lecithin"", ""ceteth-24"", ""tocopheryl acetate"", ""ethylhexyl methoxycinnamate"", ""hexylene glycol"", ""carbomer"", ""triethanolamine"", ""trisodium edta"", ""bht"", ""xanthan gum"", ""phenoxyethanol"", ""red 4"", ""yellow 5 ""]"
p00120,Estée Lauder Advanced Night Repair Synchronized Recovery Complex II 50ml,Estée Lauder,70.2,Serum,"[""water\\aqua\\eau"", ""bifida ferment lysate"", ""methyl gluceth-20"", ""peg-75"", ""bis-peg-18 methyl ether dimethyl silane"", ""butylene glycol"", ""propanediol"", ""cola acuminata  seed extract"", ""hydrolyzed algin"", ""pantethine"", ""caffeine"", ""lecithin"", ""tripeptide-32"", ""ethylhexylglycerin"", ""sodium rna"", ""bisabolol"", ""glycereth-26"", ""squalane"", ""sodium hyaluronate"", ""oleth-3 phosphate"", ""caprylyl glycol"", ""lactobacillus ferment"", ""oleth-3"", ""oleth-5"", ""anthemis nobilis"", ""yeast extract\\faex\\extrait de levure"", ""choleth-24"", ""hydrogenated lecithin"", ""ceteth-24"", ""tocopheryl acetate"", ""ethylhexyl methoxycinnamate"", ""hexylene glycol"", ""carbomer"", ""triethanolamine"", ""trisodium edta"", ""bht"", ""xanthan gum"", ""phenoxyethanol"", ""red 4"", ""yellow 5 ""]"
p00121,The Ordinary Hyaluronic Acid 2% + B5 Supersize Serum 60ml,The Ordinary,11.0,Serum,"[""water"", ""sodium hyaluronate"", ""sodium hyaluronate crosspolymer"", ""panthenol"", ""ahnfeltia concinna extract"", ""glycerin"", ""pentylene glycol"", ""propanediol"", ""polyacrylate crosspolymer-6"", ""ppg-26-buteth-26"", ""peg-40 hydrogenated castor oil"", ""trisodium ethylenediamine disuccinate"", ""citric acid"", ""ethoxydiglycol"", ""caprylyl glycol"", ""hexylene glycol"", ""ethylhexylglycerin"", ""phenoxyethanol"", ""chlorphenesin""]"
p00122,The Ordinary Marine Hyaluronics 30ml,The Ordinary,6.2,Serum,"[""water"", ""glycerin"", ""algae extract"", ""pseudoalteromonas exopolysaccharides"", ""pseudoalteromonas ferment extract"", ""ahnfeltia concinna extract"", ""arginine"", ""glycine"", ""alanine"", ""serine"", ""valine"", ""isoleucine"", ""proline"", ""threonine"", ""histidine"", ""phenylalanine"", ""aspartic acid"", ""pca"", ""sodium pca"", ""sodium lactate"", ""salicylic acid"", ""citric acid"", ""propanediol"", ""dimethyl isosorbide"", ""ethoxydiglycol"", ""polysorbate 20"", ""potassium sorbate"", ""sodium salicylate"", ""sodium benzoate"", ""hexylene glycol"", ""1"", ""2-hexanediol"", ""phenoxyethanol"", ""caprylyl glycol""]"
p00123,Avene Hydrance Intense Serum 30ml,Avene,20.0,Serum,"[""avene thermal spring water"", ""caprylic/capric triglyceride"", ""isocetyl stearoyl stearate"", ""triethylhexanoin"", ""glycerin"", ""1"", ""2-hexanediol"", ""hydrogenated starch hydrolysate"", ""methyl gluceth-20"", ""benzoic acid"", ""beta-sitosterol"", ""c12-20 alkyl glucoside"", ""c14-22 alcohols"", ""carbomer"", ""disodium edta"", ""fragrance"", ""polyglyceryl-10 myristate"", ""sodium hydroxide"", ""tocopheryl acetate"", ""water ""]"
p00124,VICHY Minéral 89 Hyaluronic Acid Hydration Booster 50ml,VICHY,25.0,Serum,"[""aqua / water / eau"", ""peg/ppg/polybutylene glycol-8/5/3 glycerin"", ""glycerin"", ""butylene glycol"", ""methyl gluceth-20"", ""carbomer"", ""sodium hyaluronate"", ""phenoxyethanol"", ""caprylyl glycol"", ""citric acid"", ""biosaccharide gum-1""]"
p00125,La Roche-Posay Pure Vitamin C10 Serum 30ml,La Roche-Posay,38.0,Serum,"[""aqua / water"", ""ascorbic acid"", ""cyclohexasiloxane"", ""glycerin"", ""alcohol denat"", ""potassium hydroxide"", ""polymethylsilsesquioxane"", ""polysilicone-11"", ""dimethicone"", ""propylene glycol"", ""pentaerythrityl tetraethylhexanoate"", ""c13-14 isoparaffin"", ""peg-20 methyl glucose sesquistearate"", ""sodium hyaluronate"", ""adenosine"", ""poloxamer 338"", ""ammonium polyacryloyldimethyl taurate"", ""disodium edta"", ""hydrolyzed hyaluronic acid"", ""caprylyl glycol"", ""laureth-7"", ""acetyl dipeptide-1 cetyl ester"", ""xanthan gum"", ""toluene sulfonic acid"", ""polyacrylamide"", ""tocopherol"", ""salicylic acid"", ""parfum / fragrance""]"
p00126,PIXI Overnight Glow Serum,PIXI,26.0,Serum,"[""water"", ""glycerin"", ""glycolic acid"", ""polysorbate 20"", ""hydroxyethylcellulose"", ""ammonium hydroxide"", ""phenoxyethanol"", ""propylene glycol"", ""ethylhexylglycerin"", ""aloe barbadensis leaf extract"", ""cucumis sativus  fruit extract"", ""arginine"", ""disodium edta"", ""tocopheryl acetate"", ""retinyl palmitate"", ""ascorbyl palmitate"", ""lecithin"", ""sucrose"", ""hydrogenated lecithin"", ""caprylic/capric triglyceride"", ""cyclopentasiloxane"", ""bht"", ""cyclohexasiloxane"", ""xanthan gum"", ""ascorbic acid""]"
p00127,Clinique Even Better Clinical Radical Dark Spot Corrector + Interrupter 50ml,Clinique,64.0,Serum,"[""water\\aqua\\eau"", ""cyclopentasiloxane"", ""dimethicone"", ""polysilicone-11"", ""isododecane"", ""butylene glycol"", ""ascorbyl glucoside"", ""peg-10 dimethicone"", ""peg-6"", ""morus bombycis  root extract"", ""scutellaria baicalensis root extract"", ""camellia sinensis leaf extract"", ""cucumis sativus  fruit extract"", ""saccharomyces lysate extract"", ""hordeum vulgare  extract\\extrait d'orge"", ""salicylic acid"", ""triticum vulgare  germ extract"", ""cholesterol"", ""oryza sativa  bran extract"", ""squalane"", ""acetyl glucosamine"", ""sodium hyaluronate"", ""caffeine"", ""isohexadecane"", ""betula alba  bark extract"", ""trametes versicolor extract"", ""sodium rna"", ""glycyrrhetinic acid"", ""dimethoxytolyl propylresorcinol"", ""di-c12-18 alkyl dimonium chloride"", ""helianthus annuus  seedcake"", ""yeast extract\\faex\\extrait de levure"", ""caprylyl glycol"", ""propylene glycol dicaprate"", ""ammonium acryloyldimethyltaurate/vp copolymer"", ""acrylamide/sodium acryloyldimethyltaurate copolymer"", ""polysorbate 20"", ""tocopheryl acetate"", ""polysorbate 80"", ""tromethamine"", ""sodium hydroxide"", ""hexylene glycol"", ""disodium edta"", ""sodium benzoate"", ""sodium metabisulfite"", ""sodium sulfite"", ""phenoxyethanol"", ""yellow 6"", ""yellow 5 ""]"
p00128,Medik8 Hydr8 B5 Serum 30ml,Medik8,40.0,Serum,"[""water"", ""panthenol"", ""sodium hyaluronate"", ""calcium pantothenate"", ""phenoxyethanol"", ""ethylhexylglycerin"", ""citric acid""]"
p00129,NIP+FAB Dragons Blood Fix Serum 50ml,NIP+FAB,19.95,Serum,"[""water"", ""alcohol denat"", ""butylene glycol"", ""polysilicone-11"", ""glycerin"", ""ethylhexylglycerin"", ""phenoxyethanol"", ""tapioca starch"", ""carbomer"", ""propylene glycol"", ""benzyl alcohol"", ""peg-40 hydrogenated castor oil"", ""parfum"", ""sodium hyaluronate"", ""disodium edta"", ""sodium hydroxide"", ""amaranthus caudatus  seed extract"", ""linalool"", ""dehydroacetic acid"", ""croton lechleri resin extract"", ""butylphenyl methylpropional"", ""laureth-12"", ""limonene"", ""benzyl salicylate"", ""citronellol"", ""polymethylsilsequioxane"", ""potassium sorbate"", ""geraniol"", ""sorbic acid""]"
p00130,By Terry Cellularose CC Serum 30ml (Various Shades),By,61.0,Serum,"[""water"", ""glycereth-7"", ""bis-peg-18 methyl ether dimethyl silane"", ""dimethicone"", ""butylene glycol"", ""peg 7 methyl ether"", ""peg-32"", ""nylon-12"", ""boron nitride"", ""cyclomethicone"", ""dimethicone crosspolymer"", ""glycerin"", ""lecithin"", ""tocopherol"", ""acrylates/\u00a0palmeth-25 acrylate copolymer"", ""phenoxyethanol"", ""chlorphenesin"", ""methylparaben"", ""ethylparaben"", ""parfum/ fragrance"", ""polymethylsilsesquioxane"", ""sodium styrene/acrylates copolymer"", ""potassium hydroxide"", ""benzophenone-4"", ""cyclotetrasiloxane"", ""helianthus annuus  seed oil"", ""potassium sorbate"", ""xanthan gum"", ""geraniol"", ""papain"", ""bht"", ""citronellol"", ""rosa alba flower extract"", ""1"", ""2 hexanediol"", ""caprylyl glycol"", ""carbomer"", ""rosmarinus officinalis \u00a0leaf extract"", ""eugenol"", ""algin"", ""may contain : mica"", ""titanium dioxide/ci 77891"", ""iron oxides"", ""bismuth oxychloride"", ""iron oxides"", ""iron oxides"", ""tin oxide"", ""carmine\u00a0""]"
p00131,NIP+FAB Salicylic Fix Serum Extreme 2% 50ml,NIP+FAB,19.95,Serum,"[""water"", ""propylene glycol"", ""glycerin"", ""ammonium acryloyldimethyltaurate/vp copolymer"", ""salicylic acid"", ""peg-40 hydrogenated castor oil"", ""phenoxyethanol"", ""propanediol"", ""sodium hydroxide"", ""parfum"", ""benzyl alcohol"", ""disodium edta"", ""ethylhexylglycerin"", ""dehydroacetic acid"", ""alcohol"", ""polygonum bistorta root extract"", ""nelumbo nucifera flower extract"", ""nymphaea coerulea flower extract"", ""aloe barbadensis leaf juice"", ""ci 17200 ""]"
p00132,NIOD Multi-Molecular Hyaluronic Complex 15ml,NIOD,25.0,Serum,"[""water"", ""glycerin"", ""hydrolyzed yeast extract"", ""sodium hyaluronate crosspolymer"", ""dimethyl isosorbide"", ""pentylene glycol"", ""sodium\u00a0hyaluronate"", ""hydrolyzed sodium hyaluronate"", ""sodium butyroyl hyaluronate"", ""polyacrylate crosspolymer-6"", ""n-acetyl-d-glucosamine-6-\u00a0phosphate disodium salt"", ""betaine"", ""trisodium ethylenediamine disuccinate"", ""yeast extract"", ""cetyl hydroxyethylcellulose"", ""tamarindus\u00a0indica seed gum"", ""tremella fuciformis sporocarp extract"", ""lecithin"", ""tetradecyl aminobutyroylvalylaminobutyric urea trifluoroacetate"", ""myristoyl nonapeptide-3"", ""magnesium chloride"", ""sodium benzoate"", ""potassium sorbate"", ""ppg-26-buteth-26"", ""peg-40 hydrogenated castor oil"", ""ethylhexylglycerin"", ""chlorphenesin"", ""phenoxyethanol"", ""polyglucuronic acid""]"
p00133,Medik8 Crystal Retinal 6,Medik8,59.0,Serum,"[""water"", ""caprylic/capric triglyceride"", ""glycerin"", ""isododecane"", ""cyclodextrin"", ""cetearyl alcohol"", ""cetearyl olivate"", ""sodium acrylate/sodium acryloyldimethyl taurate copolymer"", ""sorbitan olivate"", ""tocopheryl acetate"", ""squalane"", ""sodium hyaluronate"", ""retinal"", ""ethyl ascorbic acid"", ""daucus carota sativa  seed oil"", ""hydroxyethyl acrylate/sodium acryloyldimethyl taurate copolymer"", ""ethylhexylglycerin"", ""pentylene glycol"", ""vanilla planifolia  fruit extract"", ""hydroxypropyl methylcellulose"", ""rubus chamaemorus  seed oil"", ""sodium polyaspartate"", ""tetrahexyldecyl ascorbate"", ""dipteryx odorata  bean extract"", ""bht"", ""polyhydroxystearic acid"", ""disodium edta"", ""titanium dioxide"", ""phenoxyethanol"", ""alumina"", ""lonicera caprifolium  flower extract"", ""isostearic acid"", ""lecithin"", ""lonicera japonica  flower extract"", ""polyglyceryl-3 polyricinoleate"", ""stearic acid"", ""coumarin"", ""ci 14700 ""]"
p00134,PIXI Collagen and Retinol Serum 30ml,PIXI,26.0,Serum,"[""aqua/water/eau"", ""glycerin"", ""acacia seyal gum extract"", ""retinol"", ""methyl methacrylate/glycol dimethacrylate crosspolymer"", ""acetyl\u00a0heptapeptide-4"", ""niacinamide"", ""rosmarinus officinalis  extract"", ""anthemis nobilis  extract"", ""ascorbic\u00a0acid"", ""tocopheryl acetate"", ""citric acid"", ""carbomer"", ""potassium sorbate"", ""hydroxyethyl cellulose"", ""caprylyl glycol"", ""disodium\u00a0edta"", ""propyl gallate"", ""bht""]"
p00135,Elizabeth Arden Ceramide Capsules Advanced (90 Capsules),Elizabeth Arden,84.0,Serum,"[""isononyl isononanoate"", ""isodecyl neopentanoate"", ""isododecane"", ""isopropyl myristate"", ""dimethicone"", ""camellia japonica seed oil"", ""divinyldimethicone/dimethicone crosspolymer"", ""caprylic/capric triglyceride"", ""cyclopentasiloxane"", ""ceramide 1"", ""ceramide 3"", ""ceramide 6 ii"", ""cholesterol"", ""cocos nucifera  oil"", ""crithmum maritimum extract"", ""dimethiconol"", ""lecithin"", ""linoleic acid"", ""linolenic acid"", ""medicago sativa  extract"", ""phytosphingosine"", ""retinyl palmitate"", ""squalene"", ""tocopherol""]"
p00136,Elizabeth Arden Retinol Ceramide Capsules Line Erasing Night Serum - 30 Pieces (Sleeved Version),Elizabeth Arden,42.0,Serum,"[""cyclopentasiloxane"", ""dimethicone crosspolymer"", ""c12-15 alkyl benzoate"", ""bht"", ""c18-36 acid triglyceride"", ""camellia senensis leaf extract"", ""ceramide np"", ""ceamide ns"", ""cyclohexasiloxane"", ""dimethiconol"", ""ethylhexyl cocoate"", ""helianthus annuus  seed oil"", ""laurylmethacrylate/glycol dimethacrylate crosspolymer"", ""lecithin"", ""olea europaea  fruit oil"", ""palmitoyl tetrapeptide-7"", ""palmitoyl tripeptide-1"", ""persea gratissima  oil"", ""phytosphingosine"", ""phytosterols"", ""polysorbate 20"", ""propylene glycol dicaprylate/dicaprate"", ""retinol"", ""sorbitan laurate"", ""tetrahydrodiferuloylmethane"", ""phenoxyethanol""]"
p00137,Tan-Luxe Super Glow Body Hyaluronic Self-Tan Serum 150ml,Tan-Luxe,35.0,Serum,"[""water"", ""glycerin"", ""dihydroxyacetone"", ""hydrolyzed soybean fiber"", ""hyaluronic acid"", ""beta vulgaris  root extract"", ""brassica oleracea acephala  leaf extract"", ""sodium hyaluronate"", ""rubus idaeus  seed oil"", ""cocos nucifera  oil"", ""persea gratissima  oil"", ""salvia hispanica  seed oil"", ""vaccinium myrtillus  fruit extract"", ""theobroma cacoa  seed extract"", ""aloe barbadensis  leaf juice"", ""caffeine"", ""palmitoyl carnitine"", ""tocopheryl acetate"", ""ascorbic acid"", ""retinyl acetate"", ""erythrulose"", ""cyclopentasiloxane"", ""polyacrylamide"", ""c13-14 isoparaffin"", ""glyceryl acrylate/acrylic acid copolymer"", ""dimethicone crosspolymer"", ""dimethicone"", ""pvm/ma copolymer"", ""laureth-7"", ""laureth-23"", ""laureth-4"", ""butylene glycol"", ""ethylhexylglycerin"", ""parfum"", ""limonene"", ""geraniol"", ""hexyl cinnamal"", ""benzyl salicylate"", ""sodium metabisulfite"", ""citric acid"", ""tetrasodium edta"", ""phenoxyethanol"", ""sclerotium gum"", ""lecithin"", ""xanthan gum"", ""triethylene glycol"", ""potassium sorbate"", ""ci 17200 ""]"
p00138,La Roche-Posay Rosaliac AR Intense Serum 40ml,La Roche-Posay,19.5,Serum,"[""aqua / water / eau"", ""glycerin"", ""isostearyl neopentanoate"", ""butylene glycol"", ""pentylene glycol"", ""polysorbate 20"", ""tambourissa trichophylla leaf extract"", ""glyceryl acrylate/acrylic acid copolymer"", ""dimethicone"", ""dimethiconol"", ""ammonium polyacryldimethyltauramide /ammonium polyacryloyldimethyl taurate"", ""disodium edta"", ""acetyl dipeptide-1 cetyl ester""]"
p00139,La Roche-Posay Toleriane Ultra Cream,La Roche-Posay,18.5,Serum,"[""aqua / water"", ""isocetyl stearate"", ""squalane"", ""butyrospermum parkii butter / shea butter"", ""dimethicone"", ""glycerin"", ""aluminum starch octenylsuccinate"", ""pentylene glycol"", ""peg-100 stearate"", ""glyceryl stearate"", ""cetyl alcohol"", ""dimethiconol"", ""sodium hydroxide"", ""acetyl dipeptide-1 cetyl ester"", ""acrylates/c10-30 alkyl acrylate crosspolymer""]"
p00140,Clinique Even Better Clinical Radical Dark Spot Corrector + Interrupter 30ml,Clinique,45.0,Serum,"[""water\\aqua\\eau"", ""cyclopentasiloxane"", ""dimethicone"", ""polysilicone-11"", ""isododecane"", ""butylene glycol"", ""ascorbyl glucoside"", ""peg-10 dimethicone"", ""peg-6"", ""morus bombycis  root extract"", ""scutellaria baicalensis root extract"", ""camellia sinensis leaf extract"", ""cucumis sativus  fruit extract"", ""saccharomyces lysate extract"", ""hordeum vulgare  extract\\extrait d'orge"", ""salicylic acid"", ""triticum vulgare  germ extract"", ""cholesterol"", ""oryza sativa  bran extract"", ""squalane"", ""acetyl glucosamine"", ""sodium hyaluronate"", ""caffeine"", ""isohexadecane"", ""betula alba  bark extract"", ""trametes versicolor extract"", ""sodium rna"", ""glycyrrhetinic acid"", ""dimethoxytolyl propylresorcinol"", ""di-c12-18 alkyl dimonium chloride"", ""helianthus annuus  seedcake"", ""yeast extract\\faex\\extrait de levure"", ""caprylyl glycol"", ""propylene glycol dicaprate"", ""ammonium acryloyldimethyltaurate/vp copolymer"", ""acrylamide/sodium acryloyldimethyltaurate copolymer"", ""polysorbate 20"", ""tocopheryl acetate"", ""polysorbate 80"", ""tromethamine"", ""sodium hydroxide"", ""hexylene glycol"", ""disodium edta"", ""sodium benzoate"", ""sodium metabisulfite"", ""sodium sulfite"", ""phenoxyethanol"", ""yellow 6"", ""yellow 5 ""]"
p00141,Elizabeth Arden Retinol Ceramide Capsules Line Erasing Night Serum - 60 Pieces (Sleeved Version),Elizabeth Arden,72.0,Serum,"[""cyclopentasiloxane"", ""dimethicone crosspolymer"", ""c12-15 alkyl benzoate"", ""bht"", ""c18-36 acid triglyceride"", ""camellia senensis leaf extract"", ""ceramide np"", ""ceamide ns"", ""cyclohexasiloxane"", ""dimethiconol"", ""ethylhexyl cocoate"", ""helianthus annuus  seed oil"", ""laurylmethacrylate/glycol dimethacrylate crosspolymer"", ""lecithin"", ""olea europaea  fruit oil"", ""palmitoyl tetrapeptide-7"", ""palmitoyl tripeptide-1"", ""persea gratissima  oil"", ""phytosphingosine"", ""phytosterols"", ""polysorbate 20"", ""propylene glycol dicaprylate/dicaprate"", ""retinol"", ""sorbitan laurate"", ""tetrahydrodiferuloylmethane"", ""phenoxyethanol""]"
p00142,VICHY Minéral 89 Hyaluronic Acid Hydration Booster 75ml,VICHY,30.0,Serum,"[""aqua / water"", ""peg/ppg/polybutylene glycol-8/5/3 glycerin"", ""glycerin"", ""butylene glycol"", ""methyl gluceth-20"", ""carbomer"", ""sodium hyaluronate"", ""phenoxyethanol"", ""caprylyl glycol"", ""citric acid"", ""biosaccharide gum-1""]"
p00143,PIXI Glow Tonic Serum 30ml,PIXI,26.0,Serum,"[""aqua/water/eau"", ""glycerin"", ""glycolic acid"", ""polysorbate 20"", ""ammonium hydroxide"", ""hydroxyethylcellulose"", ""phenoxyethanol"", ""ethylhexylglycerin"", ""arginine"", ""cucumis sativus  fruit extract"", ""aloe barbadensis leaf extract"", ""panax ginseng root extract"", ""parfum/fragrance"", ""tocopheryl acetate"", ""ascorbic acid"", ""ascorbyl palmitate"", ""retinyl palmitate"", ""triethanolamine"", ""cyclohexasiloxane"", ""hydrogenated lecithin"", ""lecithin"", ""cyclopentasiloxane"", ""caprylic/capric triglyceride"", ""sucrose"", ""xanthan gum"", ""bht"", ""disodium edta""]"
p00144,DECLÉOR Aromessence Neroli Amara Serum 15ml,DECLÉOR,36.4,Serum,"[""corylus avellana  seed oil"", ""citrus aurantium amara  oil"", ""citrus aurantium amara  neroli oil"", ""santalum album  oil"", ""juniperus communis fruit oil"", ""salvia sclarea  oil"", ""carum petroselinum  oil"", ""linalool"", ""d-limonene"", ""geraniol"", ""farnesol""]"
p00145,The Ordinary Amino Acids + B5,The Ordinary,5.9,Serum,"[""water"", ""propanediol"", ""betaine"", ""sodium pca"", ""panthenol"", ""sodium lactate"", ""arginine"", ""pca"", ""aspartic acid"", ""glycine"", ""alanine"", ""serine"", ""threonine"", ""valine"", ""proline"", ""isoleucine"", ""lysine hcl"", ""histidine"", ""phenylalanine"", ""glutamic acid"", ""citric acid"", ""dimethyl isosorbide"", ""polysorbate 20"", ""trisodium ethylenediamine disuccinate"", ""1"", ""2-hexanediol"", ""caprylyl glycol""]"
p00146,Lancôme Advanced Génifique Eye and Lash Serum - Light Pearl 20ml,Lancôme,44.55,Serum,"[""water"", ""bifdia ferment lysate"", ""propanediol"", ""glycerin"", ""alochol denat"", ""dimethicone"", ""c13-14 isoparaffin"", ""escin"", ""tocopheryl acetate"", ""sodium benzoate"", ""phenoxethanol"", ""adenosine"", ""caffeine"", ""polyacrylamide"", ""chlorphenesin"", ""polymethylsilsesquioxane"", ""chilorella vulgaris extract"", ""salicyloyl phytosphingosine"", ""dimethiconevinyl dimethicone crosspolymer"", ""ammonium polyacryldimethyltauramide/ammonium polyacryloyldmethyl taurate"", ""dimethiconol"", ""pentaerythrityl etraethylhexanoate"", ""xanthan gum"", ""caprylic/capric triglyceride"", ""bis-peg/ppg-16/16 dimethicone"", ""bht"", ""laureth-7""]"
p00147,REN Clean Skincare Radiance Perfection Serum,REN,38.0,Serum,"[""water"", ""glycerin"", ""alcohol denat"", ""cetearyl olivate"", ""ascorbyl tetraisopalmitate"", ""oryza sativa  bran oil"", ""oryza sativa  germ oil"", ""phospholipids"", ""sorbitan olivate"", ""mannitol"", ""vaccinium vitis-idaea  seed oil"", ""faex  extract"", ""sodium hyaluronate"", ""hippophae rhamnoides fruit extract"", ""panax ginseng root extract"", ""tocopherol"", ""xanthan gum"", ""lactic acid"", ""glycyrrhiza glabra  root extract"", ""glycogen"", ""magnesium ascorbyl phosphate"", ""rumex occidentalis extract"", ""parfum"", ""citrus limon  fruit extract"", ""gynostemma pentaphyllum leaf extract"", ""ananas sativus  fruit extract"", ""passiflora edulis fruit extract"", ""vitis vinifera  fruit extract"", ""citrus aurantium amara  flower water extract"", ""phenoxyethanol"", ""sodium hydroxymethylglycinate"", ""helianthus annuus  seed oil"", ""rosmarinus officinalis  leaf extract"", ""potassium sorbate"", ""sodium bisulfite"", ""limonene"", ""linalool""]"
p00148,Sanctuary Spa Hyaluronic Wonder Oil Serum 30ml,Sanctuary Spa,20.0,Serum,"[""water"", ""sodium laureth sulfate"", ""acrylates copolymer"", ""cocamidopropyl betaine"", ""coco-glucoside"", ""glyceryl oleate"", ""phenoxyethanol"", ""benzyl alcohol"", ""sodium benzoate"", ""peg-40 hydrogenated castor oil"", ""trideceth-9"", ""sodium chloride"", ""citric acid"", ""pelargonium graveolens flower oil"", ""sodium gluconate"", ""propylene glycol"", ""quaternium-80"", ""sodium hydroxide"", ""benzophenone-4"", ""pentylene glycol"", ""agar"", ""polyquaternium-11"", ""1"", ""2-hexanediol"", ""caprylyl glycol"", ""simmondsia chinensis  seed oil"", ""prunus amygdalus dulcis  oil"", ""ci 77019"", ""tocopheryl acetate"", ""tin oxide"", ""ci 77891"", ""ci 73360 ""]"
p00149,La Roche-Posay Hydraphase Intense Serum (30ml),La Roche-Posay,22.0,Serum,"[""water"", ""butylene glycol"", ""alcohol denat"", ""glycerin"", ""bis-peg-18 methyl ether dimethyl silane"", ""paraffinum liquidum"", ""carbomer"", ""sodium hydroxide"", ""arginine"", ""pca"", ""serine"", ""ascorbyl glucoside"", ""ammonium polyacryldimethyltauramide"", ""hydrolyzed hyaluronic acid"", ""xanthan gum"", ""phenoxyethanol"", ""parfum""]"
p00150,L'Oréal Paris Hydra Genius Liquid Care Moisturiser Combination Skin 70ml,L'Oréal Paris,9.99,Serum,"[""aqua / water"", ""glycerin"", ""alcohol denat"", ""dimethicone"", ""isononyl isononanoate"", ""silanetriol"", ""carbomer"", ""triethanolamine"", ""dimethiconol"", ""aloe barbadensis leaf juice"", ""sodium hyaluronate"", ""silica dimethyl silylate [nano] / silica dimethyl silylate"", ""hyaluronic acid"", ""phyllostachys bambusoides extract"", ""caprylyl glycol"", ""tetrasodium edta"", ""citric acid"", ""biosaccharide gum-1"", ""xanthan gum"", ""panthenol"", ""menthoxypropanediol"", ""ethylhexyl palmitate"", ""butylene glycol"", ""hexylene glycol"", ""tocopherol"", ""potassium sorbate"", ""sorbic acid"", ""methylparaben"", ""sodium benzoate"", ""phenoxyethanol"", ""chlorphenesin"", ""ci 42090 / blue 1"", ""linalool"", ""limonene"", ""parfum / fragrance""]"
p00151,bareMinerals SkinLongevity Vital Power Infusion Serum 50ml,bareMinerals,48.0,Serum,"[""water"", ""propanediol"", ""peg-6"", ""niacinamide"", ""ascorbyl glucoside"", ""glycerin"", ""peg/ppg-17/4 dimethyl ether"", ""isodecyl neopentanoate"", ""squalane"", ""butylene glycol"", ""dimethicone"", ""peg-400"", ""potassium hydroxide"", ""isostearic acid"", ""carbomer"", ""alcohol"", ""ethylhexylglycerin"", ""lauryl betaine"", ""behenyl alcohol"", ""stearamidopropyl dimethylamine"", ""xanthan gum"", ""sodium citrate"", ""beheneth-20"", ""acrylates/c10-30 alkyl acrylate crosspolymer"", ""tocopherol"", ""batyl alcohol"", ""disodium edta"", ""sodium metaphosphate"", ""citric acid"", ""polysorbate 20"", ""sodium metabisulfite"", ""peucedanum japonicum leaf/ stem extract"", ""eschscholtzia californica leaf cell extract"", ""saccharomyces ferment lysate filtrate"", ""citrus unshiu peel extract"", ""palmitoyl tetrapeptide-7"", ""palmitoyl tripeptide-1"", ""zingiber aromaticus extract"", ""fragrance"", ""limonene"", ""linalool"", ""geraniol"", ""sodium benzoate"", ""phenoxyethanol"", ""iron oxides ""]"
p00152,REN Clean Skincare Evercalm Anti-Redness Serum,REN,32.0,Serum,"[""citrus aurantium dulcis  flower water"", ""glycerin"", ""caprylic/capric triglyceride"", ""alcohol"", ""cetearyl olivate"", ""phospholipids"", ""glycine soja  oil"", ""sorbitan olivate"", ""vaccinium vitis-idaea  seed oil"", ""phenoxyethanol"", ""inulin"", ""lactose"", ""milk protein"", ""alaria esculenta extract"", ""aster maritima extract"", ""laminaria ochroleuca extract"", ""arnica montana flower extract"", ""laminaria digitata extract"", ""sodium hyaluronate"", ""sodium carboxymethyl betaglucan"", ""oryza sativa  extract"", ""alpha-glucan oligosaccharide"", ""rumex occidentalis extract"", ""tocopherol"", ""xanthan gum"", ""sodium hydroxymethylglycinate"", ""lactic acid"", ""sodium citrate""]"
p00153,Elizabeth Arden Advanced Ceramide Capsules Daily Youth Restoring Eye Serum (60 Pack),Elizabeth Arden,52.0,Serum,"[""cyclopentasiloxane"", ""isononyl"", ""isononanoate"", ""isododecane"", ""isopropyl myristate"", ""isopropyl palmitate"", ""caprylic/capric triglyceride"", ""camellia japonica seed oil"", ""dimethicone"", ""ceramide 1"", ""ceramide 3"", ""ceramide 6 ii"", ""cholesterol"", ""cocos nucifera  oil"", ""crithmum maritimum extract"", ""dimethiconol"", ""dimethyl isosorbide"", ""humulus lupulus  strobile"", ""lecithin"", ""medicago sativa  extract"", ""neoruscogenin"", ""palmitoyl hexapeptide-14"", ""phytosphingosine"", ""polysilicone-11"", ""retinyl palmitate"", ""ruscogenin"", ""squalene"", ""tocopherol""]"
p00154,Estée Lauder Perfectionist Pro Multi-Defense Aqua UV Gel SPF 50 with 8 Anti-Oxidants,Estée Lauder,32.4,Serum,"[""water\\aqua\\eau"", ""homosalate"", ""alcohol denat"", ""ethylhexyl salicylate"", ""butyl methoxydibenzoylmethane"", ""benzophenone-3"", ""octocrylene"", ""butylene glycol"", ""polymethylsilsesquioxane"", ""camellia sinensis  leaf extract"", ""thermus thermophillus ferment"", ""alcaligenes polysaccharides"", ""glycerin"", ""anthemis nobilis  flower extract"", ""triticum vulgare  germ extract"", ""polygonum cuspidatum root extract"", ""opuntia tuna extract"", ""lilium tigrinum extract"", ""laminaria ochroleuca extract"", ""hordeum vulgare  extract\\extrait d'orge"", ""sucrose"", ""caffeine"", ""cholesterol"", ""ergothioneine"", ""squalane"", ""dextrin palmitate"", ""glyceryl stearate"", ""algae extract"", ""acrylates copolymer"", ""caprylic/capric triglyceride"", ""caprylyl glycol"", ""tocopheryl acetate"", ""sorbeth-30 tetraisostearate"", ""acrylates/c10-30 alkyl acrylate crosspolymer"", ""dipropylene glycol"", ""dehydroxanthan gum"", ""tetrahexyldecyl ascorbate"", ""sorbitan sesquiisostearate"", ""ethylbisiminomethylguaiacol manganese chloride"", ""acrylates/beheneth-25 methacrylate copolymer"", ""carbomer"", ""sodium hyaluronate"", ""ammonium acryloyldimethyltaurate/vp copolymer"", ""ppg-8-ceteth-20"", ""hexylene glycol"", ""sodium hydroxide"", ""cyclodextrin"", ""disodium edta"", ""bht"", ""phenoxyethanol""]"
p00155,NIP+FAB Retinol Fix Serum Extreme 50ml,NIP+FAB,29.95,Serum,"[""water"", ""glycerin"", ""ammonium acryloyldimethyltaurate/vp copolymer"", ""dimethicone"", ""peg-40 hydrogenated castor oil"", ""phenoxyethanol"", ""butylene glycol"", ""bisabolol"", ""benzyl alcohol"", ""retinyl palmitate"", ""parfum"", ""disodium edta"", ""ethylhexylglycerin"", ""dehydroacetic acid"", ""carbomer"", ""sodium lactate"", ""benzyl salicylate"", ""sodium hydroxide"", ""polysorbate 20"", ""hexyl cinnamal"", ""tocopherol"", ""linalool"", ""limonene"", ""aloe barbadensis leaf juice"", ""palmitoyl tripeptide-1"", ""palmitoyl tetrapeptide-7""]"
p00156,Origins Plantscription Anti-Aging Power Serum 50ml,Origins,65.0,Serum,"[""water\\aqua\\eau"", ""butylene glycol"", ""dimethicone"", ""jojoba esters"", ""glycerin"", ""rosa damascena flower oil"", ""lavandula angustifolia  oil"", ""pelargonium\u00a0graveolens flower oil"", ""illicium verum  fruit/seed oil"", ""citrus aurantium bergamia  fruit oil"", ""carthamus tinctorius  seed oil"", ""myristica fragrans  kernel oil"", ""citrus aurantium dulcis  peel oil"", ""citrus nobilis  peel oil"", ""citrus limon  peel\u00a0oil"", ""litsea cubeba fruit oil"", ""hibiscus abelmoschus extract"", ""limonene"", ""linalool"", ""geraniol"", ""citronellol"", ""sigesbeckia orientalis  extract"", ""prunus amygdalus dulcis  seed extract"", ""anogeissus leiocarpus bark extract"", ""pisum sativum  extract"", ""bambusa vulgaris  extract"", ""crithmum maritimum extract"", ""centaurium erythraea  extract"", ""laminaria digitata extract"", ""coffea arabica  seed extract"", ""rosmarinus officinalis\u00a0 leaf extract"", ""rubus idaeus  leaf extract"", ""polymethylsilsesquioxane"", ""cucumis sativus  fruit extract"", ""pyrus malus  fruit\u00a0extract"", ""commiphora mukul resin extract"", ""scutellaria baicalensis root extract"", ""dicaprylyl carbonate"", ""acetyl hexapeptide-8"", ""caffeine"", ""phytosphingosine"", ""sodium\u00a0hyaluronate"", ""lecithin"", ""methyl trimethicone"", ""glucosamine hcl"", ""hydrogenated vegetable oil"", ""hydrolyzed algin"", ""micrococcus lysate"", ""carbomer"", ""caprylic/capric\u00a0triglyceride"", ""ammonium acryloyldimethyltaurate/vp copolymer"", ""caprylyl glycol"", ""tetrahexyldecyl ascorbate"", ""polysilicone-11"", ""tromethamine"", ""sodium phytate"", ""hexylene glycol"", ""silica"", ""phenoxyethanol""]"
p00157,Estée Lauder Perfectionist Pro Rapid Brightening Treatment with Ferment2+ Vitamin C 50ml,Estée Lauder,77.4,Serum,"[""water\\aqua\\eau"", ""butylene glycol"", ""glycerin"", ""glycereth-26"", ""isononyl isononanoate"", ""dimethicone"", ""propanediol"", ""ascorbyl glucoside"", ""algae extract"", ""sucrose"", ""acetyl glucosamine"", ""hydroxyethyl urea"", ""lens esculenta  fruit extract"", ""citrullus lanatus  fruit extract"", ""pyrus malus  fruit extract"", ""molasses extract\\saccharum officinarum\\extrait de melasse"", ""myrtus communis leaf extract"", ""avena sativa  kernel extract"", ""triticum vulgare  germ extract"", ""hordeum vulgare  extract\\extrait d'orge"", ""cladosiphon okamuranus extract"", ""salicylic acid"", ""hydrolyzed prunus domestica"", ""caffeine"", ""sodium lactate"", ""dipotassium glycyrrhizate"", ""squalane"", ""oryzanol"", ""resveratrol"", ""sodium hyaluronate"", ""sodium pca"", ""ethylhexylglycerin"", ""bis-peg-18 methyl ether dimethyl silane"", ""tocopheryl acetate"", ""peg-75"", ""oleth-3 phosphate"", ""sorbitol"", ""caprylyl glycol"", ""oleth-3"", ""sodium polyaspartate"", ""oleth-5"", ""acrylates/c10-30 alkyl acrylate crosspolymer"", ""propylene glycol caprylate"", ""dextrin"", ""yeast extract\\faex\\extrait de levure"", ""choleth-24"", ""carbomer"", ""sodium hydroxide"", ""ceteth-24"", ""xanthan gum"", ""fragrance"", ""glyceryl acrylate/acrylic acid copolymer"", ""citric acid"", ""sodium citrate"", ""disodium edta"", ""bht"", ""potassium sorbate"", ""sodium benzoate"", ""phenoxyethanol""]"
p00158,Peter Thomas Roth Retinol Fusion PM 30ml,Peter Thomas Roth,55.5,Serum,"[""cyclopentasiloxane"", ""squalane"", ""water/aqua/eau"", ""retinol"", ""tocopheryl acetate"", ""ascorbyl palmitate"", ""bisabolol"", ""lecithin"", ""potassium phosphate"", ""pentylene glycol"", ""polysorbate- 20"", ""alcohol""]"
p00159,Elizabeth Arden Skin Illuminating Advanced Brightening Night Capsules (50 Capsules),Elizabeth Arden,60.0,Serum,"[""cyclopentasiloxane"", ""cyclohexasiloxane"", ""caprylic/capric triglyceride"", ""dimethicone/vinyl dimethicone crosspolymer"", ""neopentyl glycol diheptanoate"", ""silica"", ""tetrahexyldecyl ascorbate"", ""brassica campestris  sterols"", ""glycolic acid"", ""glycyrrhiza glabra  root extract"", ""humulus lupulus  strobile"", ""isoceteth-10"", ""lactic acid"", ""niacinamide"", ""parfum/fragrance"", ""phoenix dactylifera  seed"", ""polyvinyl alcohol"", ""sodium ascorbyl phosphate"", ""spilanthes acmella flower extract"", ""tocopherol"", ""tocopheryl acetate"", ""tryptophan"", ""butylphenyl methylpropional"", ""citronellol"", ""geraniol"", ""hexyl cinnamal"", ""limonene"", ""linalool""]"
p00160,Caudalie VineActiv Glow Activating Anti-Wrinkle Serum 30ml,Caudalie,36.0,Serum,"[""aqua/water/eau"", ""squalane"", ""butylene glycol"", ""glycerin"", ""c14-22 alcohols"", ""ethylhexylglycerin"", ""ascorbyl tetraisopalmitate"", ""polyacrylate crosspolymer-6"", ""parfum"", ""tocopherol"", ""glyceryl stearate se"", ""palmitoyl grape seed extract"", ""c12-20 alkyl glucoside"", ""hydrolyzed hyaluronic acid"", ""phenylpropanol"", ""picea abies extract"", ""propanediol"", ""acacia senegal gum"", ""caprylyl glycol"", ""xanthan gum"", ""sodium phytate"", ""citric acid""]"
p00161,Sukin Super Greens Recovery Serum 30ml,Sukin,13.95,Serum,"[""water"", ""caprylic/capric triglyceride"", ""glycerin"", ""glyceryl stearate"", ""decyl oleate"", ""theobroma cacao  seed butter"", ""vitis vinifera  seed oil"", ""persea gratissima  oil"", ""tocopherol"", ""xanthan gum"", ""sodium stearoyl glutamate"", ""daucus carota sativa  seed oil"", ""euterpe oleracea fruit extract"", ""lycium barbarum fruit extract"", ""spirulina platensis extract"", ""chlorella vulgaris extract"", ""petroselinum crispum  extract"", ""brassica oleracea acephala leaf extract"", ""fragrance"", ""lactic acid"", ""phenoxyethanol"", ""benzyl alcohol""]"
p00162,Pai Skincare Back to Life Hydration Serum 30ml,Pai Skincare,42.0,Serum,"[""water"", ""glycerin"", ""lactobacillus ferment"", ""cocos nucifera  fruit extract"", ""simmondsia chinensis seed oil"", ""hyaluronic acid"", ""kunzea pomifera fruit extract"", ""syzygium luehmannii fruit extract"", ""tasmannia\u00a0lanceolata fruit extract"", ""sodium levulinate"", ""lysolecithin"", ""sclerotium gum"", ""sodium anisate"", ""xanthan gum"", ""pullulan"", ""helianthus annuus seed oil"", ""jasminum grandiflorum flower extract"", ""litsea cubeba fruit oil"", ""pelargonium graveolens oil"", ""lactic acid"", ""tocopherol"", ""silica""]"
p00163,OSKIA Super 16 Serum (30ml),OSKIA,90.0,Serum,"[""aqua; helianthus annuus seed oil; glycerin; caprylic/capric triglyceride; bakuchiol; butylene glycol; dimethyl sulfone; boerhavia diffusa root extract; lupinus albus seed extract; chondrus crispus extract; crithmum maritimum callus culture filtrate; crithmum maritimum extract; malus domestica fruit cell culture extract; sodium hyaluronate; opuntia ficus-indica stem dry matter; retinyl palmitate; rosa damascena flower oil; disodium edta; glucose; glyceryl linoleate; glyceryl linolenate; inulin lauryl carbamate; lecithin; sodium ascorbyl phosphate; sodium lactate; sodium pca; sorbitol; tocopherol; tocopheryl acetate; xanthan gum; caprylyl glycol; ethylhexylglycerin; phenethyl alcohol; phenoxyethanol; citronellol; geraniol; linalool""]"
p00164,La Roche-Posay Pigmentclar Serum 30ml,La Roche-Posay,30.0,Serum,"[""aqua/water/eau"", ""glycerin"", ""dimethicone"", ""alcohol denat"", ""niacinamide"", ""isopropyl lauroyl sarcosinate"", ""octyldodecanol"", ""peg-20 methyl glucose sesquistearate"", ""dimethiconol"", ""cetearyl ethylhexanoate"", ""isohexadecane"", ""sodium hyaluronate"", ""ginkgo biloba extract/ ginkgo biloba leaf extract"", ""phenylethyl resorcinol"", ""poloxamer 338"", ""ammonium polyacryldimethyltauramide/ammonium polyacryloyldimethyl taurate"", ""disodium edta"", ""isopropyl myristate"", ""capryloyl"", ""salicylic acid"", ""xanthan gum"", ""ferulic acid"", ""polysorbate 80"", ""acrylamide/sodium"", ""acryloyldimethyl taurate copolymer"", ""phenoxyethanol"", ""ci 77891/titanium dioxide"", ""mica"", ""parfum/fragrance""]"
p00165,"Clinique Repairwear Laser Focus Smooths, Restores, Refines 50ml",Clinique,47.0,Serum,"[""water\\aqua\\eau"", ""dimethicone"", ""butylene glycol"", ""methyl trimethicone"", ""vinyl dimethicone/methicone silsesquioxane crosspolymer"", ""polysorbate 20"", ""bis-peg-18 methyl ether dimethyl silane"", ""glycerin"", ""silica"", ""polymethylsilsesquioxane"", ""lauryl peg-9 polydimethylsiloxyethyl dimethicone"", ""methyl gluceth-20"", ""polysilicone-11"", ""sigesbeckia orientalis  extract"", ""salvia sclarea  extract"", ""acetyl glucosamine"", ""plankton extract"", ""whey protein\\lactis protein\\prot\u00e9ine du petit-lait"", ""sea whip extract"", ""arabidopsis thaliana extract"", ""caffeine"", ""acetyl hexapeptide-8"", ""glycine soja  protein"", ""sodium hyaluronate"", ""micrococcus lysate"", ""palmitoyl oligopeptide"", ""ergothioneine"", ""aminopropyl ascorbyl phosphate"", ""caprylyl glycol"", ""ethylhexylglycerin"", ""tocopheryl acetate"", ""cholesterol"", ""glyceryl polymethacrylate"", ""sodium hydroxide"", ""lecithin"", ""carbomer"", ""peg-8"", ""xanthan gum"", ""citric acid"", ""disodium edta"", ""phenoxyethanol""]"
p00166,DECLÉOR Aromessence Green Mandarin Essential Oil Serum 15ml,DECLÉOR,38.5,Serum,"[""macadamia integrifolia seed oil"", ""helianthus annuus seed oil / sunflower seed oil"", ""prunus armeniaca kernel oil / apricot kernel oil"", ""limonene"", ""citrus nobilis peel oil / mandarin orange peel oil"", ""sclerocarya birrea seed oil"", ""citrus limon peel oil / lemon peel oil"", ""citrus aurantium dulcis peel oil / orange peel oil"", ""daucus carota sativa root extract / carrot root extract"", ""tocopherol"", ""fusanus spicatus wood oil"", ""jasminum sambac flower extract / jasmine flower extract"", ""citrus paradisi peel oil / grapefruit peel oil"", ""citral"", ""linalool"", ""benzyl alcohol"", ""farnesol"", ""haematococcus pluvialis extract"", ""caprylic/capric triglyceride"", ""geraniol""]"
p00167,DECLÉOR Organic Aromessence Rose d'Orient Soothing Comfort Oil Serum,DECLÉOR,36.4,Serum,"[""prunus amygdalus dulcis oil / sweet almond oil"", ""prunus armeniaca kernel oil / apricot kernel oil"", ""tocopherol"", ""pelargonium graveolens flower oil"", ""anthemis nobilis flower oil"", ""fusanus spicatus wood oil"", ""citronellol"", ""citrus aurantium bergamia peel oil / bergamot peel oil"", ""geraniol"", ""rosa damascena flower oil"", ""helianthus annuus seed oil / sunflower seed oil"", ""linalool"", ""limonene"", ""farnesol"", ""citral""]"
p00168,Lancôme Advanced Génifique Youth Activating Serum 30ml,Lancôme,53.55,Serum,"[""aqua / water"", ""bifida ferment lysate"", ""glycerin"", ""alcohol denat"", ""dimethicone"", ""hydroxyethylpiperazine ethane sulfonic acid"", ""ascorbyl glucoside"", ""lactobacillus"", ""tocopherol"", ""sodium hyaluronate"", ""sodium hydroxide"", ""sodium benzoate"", ""phenoxyethanol"", ""adenosine"", ""faex extract / yeast extract"", ""peg-20 methyl glucose sesquistearate"", ""peg-60 hydrogenated castor oil"", ""polymnia sonchifolia root juice"", ""maltodextrin"", ""salicyloyl phytosphingosine"", ""ammonium polyacryloyldimethyl taurate"", ""limonene"", ""mannose"", ""xanthan gum"", ""pentylene glycol"", ""propylene glycol"", ""caprylyl glycol"", ""alpha-glucan oligosaccharide"", ""sorbitol"", ""disodium edta"", ""rosa gallica flower extract"", ""octyldodecanol"", ""citronellol"", ""parfum / fragrance""]"
p00169,Lancôme Advanced Génifique Youth Activating Serum 50ml,Lancôme,75.15,Serum,"[""aqua / water"", ""bifida ferment lysate"", ""glycerin"", ""alcohol denat"", ""dimethicone"", ""hydroxyethylpiperazine ethane sulfonic acid"", ""ascorbyl glucoside"", ""lactobacillus"", ""tocopherol"", ""sodium hyaluronate"", ""sodium hydroxide"", ""sodium benzoate"", ""phenoxyethanol"", ""adenosine"", ""faex extract / yeast extract"", ""peg-20 methyl glucose sesquistearate"", ""peg-60 hydrogenated castor oil"", ""polymnia sonchifolia root juice"", ""maltodextrin"", ""salicyloyl phytosphingosine"", ""ammonium polyacryloyldimethyl taurate"", ""limonene"", ""mannose"", ""xanthan gum"", ""pentylene glycol"", ""propylene glycol"", ""caprylyl glycol"", ""alpha-glucan oligosaccharide"", ""sorbitol"", ""disodium edta"", ""rosa gallica flower extract"", ""octyldodecanol"", ""citronellol"", ""parfum / fragrance""]"
p00170,Lancôme Advanced Génifique Youth Activating Serum 75ml,Lancôme,90.45,Serum,"[""aqua / water"", ""bifida ferment lysate"", ""glycerin"", ""alcohol denat"", ""dimethicone"", ""hydroxyethylpiperazine ethane sulfonic acid"", ""ascorbyl glucoside"", ""lactobacillus"", ""tocopherol"", ""sodium hyaluronate"", ""sodium hydroxide"", ""sodium benzoate"", ""phenoxyethanol"", ""adenosine"", ""faex extract / yeast extract"", ""peg-20 methyl glucose sesquistearate"", ""peg-60 hydrogenated castor oil"", ""polymnia sonchifolia root juice"", ""maltodextrin"", ""salicyloyl phytosphingosine"", ""ammonium polyacryloyldimethyl taurate"", ""limonene"", ""mannose"", ""xanthan gum"", ""pentylene glycol"", ""propylene glycol"", ""caprylyl glycol"", ""alpha-glucan oligosaccharide"", ""sorbitol"", ""disodium edta"", ""rosa gallica flower extract"", ""octyldodecanol"", ""citronellol"", ""parfum / fragrance""]"
p00171,Lancôme Advanced Génifique Youth Activating Serum 115ml,Lancôme,114.3,Serum,"[""aqua / water"", ""bifida ferment lysate"", ""glycerin"", ""alcohol denat"", ""dimethicone"", ""hydroxyethylpiperazine ethane sulfonic acid"", ""ascorbyl glucoside"", ""lactobacillus"", ""tocopherol"", ""sodium hyaluronate"", ""sodium hydroxide"", ""sodium benzoate"", ""phenoxyethanol"", ""adenosine"", ""faex extract / yeast extract"", ""peg-20 methyl glucose sesquistearate"", ""peg-60 hydrogenated castor oil"", ""polymnia sonchifolia root juice"", ""maltodextrin"", ""salicyloyl phytosphingosine"", ""ammonium polyacryloyldimethyl taurate"", ""limonene"", ""mannose"", ""xanthan gum"", ""pentylene glycol"", ""propylene glycol"", ""caprylyl glycol"", ""alpha-glucan oligosaccharide"", ""sorbitol"", ""disodium edta"", ""rosa gallica flower extract"", ""octyldodecanol"", ""citronellol"", ""parfum / fragrance""]"
p00172,COSRX AC Collection Blemish Spot Clearing Serum 40ml,COSRX,27.0,Serum,"[""propolis extract"", ""butylene glycol"", ""niacinamide"", ""panthenol"", ""1"", ""2-hexanediol"", ""hydroxyethyl acrylate/sodium acryloyldimethyl taurate copolymer"", ""ethylhexylglycerin"", ""glycerin"", ""polyglyceryl-10 laurate"", ""polyglyceryl-10 myristate"", ""allantoin"", ""melaleuca alternifolia  leaf oil"", ""sodium hyaluronate"", ""asiaticoside"", ""asiatic acid"", ""madecassic acid"", ""helianthus annus  seed oil"", ""macadamia ternifolia seed oil"", ""sucrose distearate"", ""glyceryl strearate"", ""hydrogenated lecithin"", ""dipropylene glycol"", ""ceramide np"", ""rh-oligopeptide-1""]"
p00173,Holika Holika 3 Seconds Starter (Hyaluronic Acid),Holika Holika,12.95,Serum,"[""water"", ""disodium edta"", ""bis-peg-18 methyl ether dimethyl silane"", ""glyceryl acrylate/acrylic acid copolymer"", ""propylene glycol"", ""glycerin"", ""butylene glycol"", ""betaine"", ""peucedanum ostruthium leaf extract"", ""hydrolyzed viola tricolor extract"", ""polysorbate 80"", ""platinum powder"", ""vaccinium myrtillus fruit/leaf extract"", ""saccharum officinarum  extract"", ""acer saccharum  extract"", ""citrus aurantium dulcis  fruit extract"", ""citrus medica limonum  fruit extract"", ""nelumbium nucifera flower extract"", ""nelumbo nucifera leaf extract"", ""nelumbo nucifera root extract"", ""nelumbo nucifera seed extract"", ""portulaca oleracea extract"", ""glacier water"", ""phospholipid"", ""carbomer"", ""xanthan gum"", ""sodium hyaluronate"", ""ammonium acryloyldimethyl taurate/vp copolymer"", ""glycereth-26"", ""triethanolamine"", ""ethanol"", ""peg-7 caprylic/capric glycerides"", ""methylparaben"", ""phenoxyethanol"", ""peg-60 hydrogenated castor oil"", ""fragrance""]"
p00174,Dermalogica AGE Bright Clearing Serum 30ml,Dermalogica,52.65,Serum,"[""water/aqua/eau"", ""niacinamide"", ""butylene glycol"", ""peg-40 hydrogenated castor oil"", ""salicylic acid"", ""lentinus edodes mycelium extract"", ""glyceryl glucoside"", ""salvia sclarea  oil"", ""phytic acid"", ""terpineol"", ""thymol"", ""citrus aurantium dulcis  peel oil"", ""rosmarinus officinalis  leaf oil"", ""lavandula hybrida oil"", ""pelargonium graveolens flower oil"", ""lavandula angustifolia  oil"", ""citrus limon  peel oi"", ""polydextrose"", ""glycerin"", ""dextrin"", ""amylopectin"", ""caprylyl glycol"", ""ethylhexylglycerin"", ""xanthan gum"", ""pentyleneglycol"", ""sodium hydroxide"", ""isoamyl laurate"", ""limonene"", ""linalool"", ""geraniol"", ""citronellol"", ""phenoxyethanol""]"
p00175,Dr. Hauschka Night Serum 20ml,Dr. Hauschka,29.5,Serum,"[""water"", ""alcohol"", ""glycerin"", ""pyrus malus fruit water"", ""chondrus crispus extract"", ""hamamelis virginiana bark/leaf extract"", ""hectorite"", ""pyrus malus flower extract"", ""parfum"", ""citronellol"", ""limonene"", ""linalool"", ""geraniol"", ""citral"", ""sodium chloride"", ""xanthan gum""]"
p00176,Elizabeth Arden SuperStart Skin Renewal Booster 50ml,Elizabeth Arden,60.0,Serum,"[""water/aqua/eau"", ""glycerin"", ""pentylene glycol"", ""butylene glycol"", ""caprylic/capric triglyceride"", ""cyclopentasiloxane"", ""dimethicone"", ""peg-11 methyl ether dimethicone"", ""alpha-glucan oligosaccharide"", ""ammonium acryloyldimethyltaurate/vp copolymer"", ""amodimethicone"", ""caprylyl glycol"", ""carbomer"", ""ceramide 1"", ""ceramide 3"", ""ceramide 6 ii"", ""cholesterol"", ""crithmum maritimum extract"", ""dimethicone/vinyl dimethicone crosspolymer"", ""disodium edta"", ""ethylhexylglycerin"", ""kefiran"", ""lactobacillus"", ""linum usitatissimum  seed extract"", ""maltodextrin"", ""parfum/fragrance"", ""phytosphingosine"", ""polymnia sonchifolia root juice"", ""saccharide isomerate"", ""salicornia herbacea extract"", ""sodium hydroxide"", ""sodium lauroyl lactylate"", ""sodium polyacrylate starch"", ""xanthan gum"", ""chlorphenesin"", ""phenoxyethanol"", ""sodium benzoate""]"
p00177,Lancôme Génifique Double Drop Serum 20ml,Lancôme,54.0,Serum,"[""aqua / water"", ""bifida ferment lysate"", ""glycerin"", ""alcohol denat"", ""dimethicone"", ""hydroxyethylpiperazine ethane sulfonic acid"", ""ascorbyl glucoside"", ""sodium hyaluronate"", ""sodium hydroxide"", ""sodium benzoate"", ""phenoxyethanol"", ""adenosine"", ""faex extract/yeast extract/extrait de levure"", ""peg-2 methyl glucose sesquistearate"", ""peg-6 hydrogenated castor oil"", ""salicyloyl phytosphingosine"", ""ammonium polyacryldimethyltauramide/ammonium polyacryloyldimethyl taurate"", ""limonene"", ""xanthan gum"", ""caprylyl glycol"", ""disodium edta"", ""octyldodecanol"", ""citronellol"", ""fragrance""]"
p00178,SkinCeuticals Discoloration Defense Corrective Serum 30ml,SkinCeuticals,85.0,Serum,"[""aqua / water"", ""butylene glycol"", ""niacinamide"", ""hydroxyethylpiperazine ethane sulfonic acid"", ""glycerin"", ""hydroxyethyl urea"", ""propylene glycol"", ""tranexamic acid"", ""phenoxyethanol"", ""caprylyl glycol"", ""allantoin"", ""chlorphenesin"", ""xanthan gum"", ""disodium edta""]"
p00179,Aurelia Probiotic Skincare Revitalise & Glow Serum 30ml,Aurelia,51.2,Serum,"[""water"", ""aloe barbadensis extract"", ""bifida ferment lysate"", ""cocoglycerides"", ""glycerin"", ""lactose"", ""lactis proteinum/milk protein"", ""coco-caprylate"", ""cetearyl glucoside"", ""cetearyl alcohol"", ""kigelia africana fruit extract"", ""hibiscus sabdariffa flower extract"", ""adansonia digitata fruit extract"", ""tocopherol"", ""citrus nobilis peel oil"", ""helianthus annuus seed oil"", ""jasminum officinale flower extract"", ""plumeria acutifolia flower extract"", ""polianthes tuberose flower extract"", ""xanthan gum"", ""sodium stearoyl glutamate"", ""sodium magnesium fluorosilicate"", ""sodium phytate"", ""glyceryl caprylate"", ""benzyl alcohol"", ""dehydroacetic acid"", ""citric acid"", ""limonene"", ""linalool"", ""benzyl benzoate""]"
p00180,Estée Lauder Idealist Pore Minimizing Skin Refinisher 30ml,Estée Lauder,42.3,Serum,"[""water\\aqua\\eau"", ""cyclopentasiloxane"", ""dimethicone"", ""polysilicone-11"", ""acetyl glucosamine"", ""sodium lactobionate"", ""morus nigra  root extract"", ""yeast extract\\faex\\extrait de levure"", ""serenoa serrulata  fruit extract"", ""triticum vulgare  germ extract"", ""vitis vinifera  fruit extract"", ""scutellaria baicalensis extract"", ""castanea sativa  seed extract"", ""camellia sinensis  leaf extract"", ""hordeum vulgare  extract\\extrait d'orge"", ""lavandula angustifolia"", ""amorphophallus konjac root powder"", ""caffeine"", ""laminaria saccharina extract"", ""tocopheryl acetate"", ""salvia sclarea  extract"", ""sodium hyaluronate"", ""coriandrum sativum"", ""citrus grandis"", ""cholesterol"", ""glycerin"", ""ethylhexylglycerin"", ""squalane"", ""polyethylene"", ""isopentyldiol"", ""phenyl trimethicone"", ""isohexadecane"", ""polysorbate 20"", ""pantethine"", ""methyldihydrojasmonate"", ""acrylamide/sodium acryloyldimethyltaurate copolymer"", ""ammonium acryloyldimethyltaurate/vp copolymer"", ""polysorbate 80"", ""peg-8"", ""ethyl 2"", ""2-dimethylhydrocinnamal"", ""phospholipids"", ""palmitoyl oligopeptide"", ""butylene glycol"", ""magnesium ascorbyl phosphate"", ""glyceryl polymethacrylate"", ""sodium glycyrrhetinate"", ""nordihydroguaiaretic acid"", ""chlorphenesin"", ""phenoxyethanol"", ""limonene"", ""linalool"", ""iron oxides"", ""mica"", ""titanium dioxide ""]"
p00181,Estée Lauder Perfectionist [CP+R] Wrinkle Lifting/Firming Serum 30ml,Estée Lauder,55.8,Serum,"[""dimethicone"", ""water"", ""polysilicone-11"", ""hdi/trimethyl hexyllactone crosspolymer"", ""silica"", ""butylene glycol"", ""caprylyl methicone"", ""sigesbeckia orientalis  extract"", ""salvia sclarea  extract"", ""coleus forskohli rott extract"", ""chamomilla recutita  flower extract"", ""peg-10 dimethicone"", ""hydrolyzed fish  collage"", ""palmaria palmata extract"", ""glycyrrhiza glabra  root extract"", ""silybum marianum  extract"", ""hordeum vulgare  extract"", ""padina pavonica thallus extract"", ""artemia extract"", ""pantethine"", ""aglae extract"", ""chlorella vulgaris extract"", ""cholesterol"", ""squalane"", ""boswellia serrata extract"", ""zea mays  kernel extract"", ""glycine soja  protein"", ""caffeine"", ""whey protein"", ""linoleic acid"", ""lecithin"", ""fish  collagen"", ""acetyl hexapeptide-8 palmitoyl oligopeptide"", ""glycerin"", ""yeast extract"", ""polyquaternium-51"", ""phytosphingosine"", ""triticum vulgare  germ oil"", ""decarboxy carnosine hcl"", ""polysorbate-40"", ""pentylene glycol"", ""propanediol"", ""lauryl peg-9"", ""polydimethylsiloxethyl dimethicone"", ""ethylhexylglycerin"", ""ammonium acryloyldimethyl taurate/vp copolymer"", ""sodium pca"", ""propylene glycol dicaprate"", ""sodium chondroitin sulfate"", ""sodium hyaluronate"", ""isohexadecane"", ""peg-8"", ""tocopheryl acetate"", ""polysorbate-80"", ""disodium distyrylbiphenyl disulfonate"", ""laureth-12"", ""acrylamide/sodium acryloyldimethyltaurate copolymer"", ""caprylyl glycol"", ""aminopropyl ascorbyl phosphate"", ""xanthan gum"", ""sodium beta-sitosteryl sulfate"", ""sodium chloride"", ""sodium hydroxide"", ""fragrance"", ""disodium edta"", ""bht"", ""phenoxyethanol"", ""mica"", ""titanium dioxide""]"
p00182,DECLÉOR Aromessence Magnolia Youthful Oil Serum 15ml 0.5oz,DECLÉOR,49.0,Serum,"[""corylus avellana seed oil/hazelnut seed oil"", ""simmondsia chinensis seed oil/jojoba seed oil"", ""cocos nucifera oil/coconut oil"", ""linalool"", ""michelia alba leaf oil"", ""cymbopogon martini oil"", ""pelargonium graveolens flower oil"", ""citrus limon peel oil/lemon peel oil"", ""limonene"", ""cananga odorata flower oil"", ""tocopherol"", ""citronellol"", ""jasminum officinale oil/jasmine oil"", ""geraniol"", ""zingiber officinale\u00a0root oil/ginger root oil"", ""fusanus spicatus wood oil"", ""benzyl benzoate"", ""gardenia tahitensis flower extract"", ""benzyl alcohol"", ""citral"", ""farnesol"", ""rosa damascena flower oil"", ""helianthus annuus seed oil/sunflower seed oil"", ""mentha piperita oil/peppermint oil"", ""benzyl\u00a0salicylate"", ""eugenol""]"
p00183,Murad Retinol Youth Renewal Serum Travel Size,Murad,25.0,Serum,"[""water/aqua/eau"", ""cyclopentasiloxane"", ""isopropyl palmitate"", ""c14-22 alcohols"", ""polymethylsilsesquioxane"", ""dimethicone"", ""propanediol"", ""glyceryl stearate"", ""peg-100 stearate"", ""shea butter ethyl esters"", ""retinol"", ""hydroxypinacolone retinoate"", ""ceramide np"", ""sodium hyaluronate"", ""solanum lycopersicum  fruit extract"", ""swertia chirata extract"", ""squalane"", ""punica granatum extract"", ""tocopheryl acetate"", ""glycine soja  extract"", ""urea"", ""yeast amino acids"", ""trehalose"", ""inositol"", ""taurine"", ""betaine"", ""glycerin"", ""caprylic/capric triglyceride"", ""dimethyl isosorbide"", ""silica"", ""ethylhexyl palmitate"", ""silica dimethyl silylate"", ""butylene glycol"", ""lecithin"", ""ammonium acryloyldimethyltaurate/vp copolymer"", ""c12-20 alkyl glucoside"", ""cetyl palmitate"", ""laureth-23"", ""polysorbate 20"", ""trideceth-6 phosphate"", ""synthetic fluorphlogopite"", ""phenoxyethanol"", ""ethylhexylglycerin"", ""chlorphenesin"", ""disodium edta"", ""sodium hydroxide"", ""tris  citrate"", ""sodium benzotriazolyl butylphenol sulfonate"", ""titanium dioxide"", ""red 4"", ""alpha-isomethyl ionone"", ""citronellol"", ""fragrance ""]"
p00184,Caudalie Resvératrol Lift Firming Serum (30ml),Caudalie,46.0,Serum,"[""water"", ""glycerin"", ""butylene glycol"", ""glyceryl stearate citrate"", ""hexyldecanol"", ""hexyldecyl laurate"", ""squalane"", ""tocopheryl acetate"", ""polyglyceryl-3 stearate"", ""palmitoyl grapevine shoot extract"", ""hydrogenated lecithin"", ""polyacrylate crosspolymer-6"", ""hydroxyethyl acrylate/sodium acryloyldimethyl taurate copolymer"", ""caprylyl glycol"", ""ethylhexylglycerin"", ""sodium dehydroacetate"", ""parfum"", ""sorbitan laurate"", ""hydrolyzed hyaluronic acid"", ""hyaluronic acid"", ""hydroxyethylcellulose"", ""acetyl dipeptide-1 cetyl ester"", ""sodium phytate"", ""tocopherol"", ""linalool"", ""limonene"", ""coumarin"", ""butylphenyl methylpropional""]"
p00185,Pai Skincare Instant Calm Redness Serum Sea Aster and Wild Oat 30ml,Pai Skincare,46.0,Serum,"[""water"", ""citrus aurantium dulcis fruit water"", ""avena sativa kernel extract"", ""glycerin"", ""glyceryl stearate citrate"", ""cetearyl alcohol"", ""aster maritima / tripolium extract"", ""sodium hyaluronate"", ""carya ovata bark extract"", ""litsea cubeba fruit oil"", ""adesmia boronoides flower / leaf / stem oil"", ""helianthus annuus seed oil"", ""caprylic / capric triglyceride"", ""acacia senegal gum"", ""xantham gum"", ""sodium levulinate"", ""sodium anisate"", ""glyceryl caprylate"", ""tocopherol"", ""lactic acid"", ""rosmarinus officinalis leaf extract"", ""citral"", ""limonene""]"
p00186,Gallinée Probiotic Youthful Serum 30ml,Gallinée,38.25,Serum,"[""water"", ""propanediol"", ""glycerin"", ""lactococcus ferment lysate"", ""lactic acid"", ""alpha-glucan oligosaccharide"", ""polyacrylate crosspolymer-6"", ""pentylene glycol"", ""inulin"", ""polymnia sonchifolia root juice"", ""cyathea cumingii leaf extract"", ""maltodextrin"", ""arginine"", ""lactobacillus"", ""sodium hydroxide"", ""sodium chloride"", ""glyceryl caprylate"", ""cinnamic acid"", ""levulinic acid"", ""xanthan gum"", ""sodium levulinate"", ""tetrasodium glutamate diacetate"", ""ethylhexylglycerin"", ""sodium benzoate"", ""potassium sorbate""]"
p00187,PIXI Hydrating Milky Serum 30ml,PIXI,26.0,Serum,"[""water"", ""glycerin"", ""simmondsia chinensis  seed oil"", ""hydroxyethyl acrylate/sodium acryloyldimethyl taurate"", ""squalane"", ""hydroxyethylcellulose"", ""lecithin"", ""phenoxyethanol"", ""rosa canina fruit oil"", ""tocopheryl acetate"", ""rosa damascena flower extract"", ""aloe barbadensis leaf juice"", ""ethylhexylglycerin"", ""polysorbate 60"", ""sorbitan isostearate"", ""magnesium ascorbyl phosphate"", ""caprylyl glycol"", ""disodium edta"", ""geranium maculatum oil"", ""caprylhydroxamic acid"", ""leuconostoc/radish root ferment filtrate""]"
p00188,Darphin Intral Redness Relief Soothing Serum,Darphin,74.0,Serum,"[""water"", ""butylene glycol"", ""glycerin"", ""chamomilla recutita  flower extract"", ""paeonia suffruticosa  root extract"", ""alteromonas ferment extract"", ""crataegus monogina flower extract"", ""panthenol"", ""glycosaminoglycans"", ""polygonum cuspidatum root extract"", ""ascophyllum nodosum extract"", ""saccharomyces lysate extract"", ""asgarogopsis armata extract"", ""yeast extract/faex"", ""peg-40 hydrogenated castor oil"", ""sorbitol"", ""sodium hyaluronate"", ""cellulose gum"", ""glycereth-26"", ""fragrance"", ""citric acid"", ""xanthan gum"", ""disodium edta"", ""chlorphenesin"", ""sodium benzoate"", ""phenoxyethanol"", ""red 4"", ""ext.violet 2"", ""blue 1 ""]"
p00189,Zelens Z Hyaluron Hyaluronic Acid Complex Serum Drops 30ml,Zelens,55.0,Serum,"[""water"", ""glycerin"", ""propanediol"", ""hydrolyzed hyaluronic acid"", ""kaempferol"", ""succinic acid"", ""pseudoalteromonas exopolysaccharides"", ""calcium ketogluconate"", ""phospholipids"", ""glycosphingolipids"", ""amorphophallus konjac root extract"", ""beta-glucan"", ""magnolol"", ""algin"", ""sorbic acid"", ""apricot kernel oil polyglyceryl-6 esters"", ""polyglyceryl-6 oleate"", ""polyglyceryl-10 oleate"", ""leuconostoc/radish root ferment filtrate"", ""sodium salicylate"", ""sorbitan palmitate"", ""xanthan gum"", ""benzoic acid"", ""potassium sorbate"", ""sodium benzoate"", ""sodium hydroxide""]"
p00190,Dr Dennis Gross Skincare C+Collagen Brighten and Firm Vitamin C Serum 30ml,Dr Dennis Gross,79.0,Serum,"[""water/aqua/eau"", ""glycerin"", ""3-o-ethyl ascorbic acid"", ""niacinamide"", ""glycereth-7 triacetate"", ""lactic acid"", ""sd alcohol 40-b"", ""hydroxyethylcellulose"", ""dimethyl isosorbide"", ""ascorbic acid"", ""collagen amino acids"", ""superoxide dismutase"", ""glycine"", ""carnitine hcl"", ""ubiquinone"", ""hexylresorcinol"", ""emblica officinalis fruit extract"", ""hydrolyzed soy protein"", ""tetrahexyldecyl ascorbate"", ""isoquercetin"", ""mandelic acid"", ""pueraria lobata root extract"", ""curcuma longa  root extract"", ""phytic acid"", ""citric acid"", ""tetrasodium edta"", ""sodium citrate"", ""butylene glycol"", ""xanthan gum"", ""polysorbate 20"", ""t-butyl alcohol"", ""sodium hydroxide"", ""polysorbate 80"", ""denatonium benzoate"", ""benzyl alcohol"", ""phenoxyethanol"", ""sodium benzoate"", ""potassium sorbate"", ""caramel""]"
p00191,Estée Lauder Perfectionist Pro Rapid Firm + Lift Serum Hexapeptide-8 50ml,Estée Lauder,77.4,Serum,"[""water\\aqua\\eau"", ""dimethicone"", ""butylene glycol"", ""caprylic/capric triglyceride"", ""glycerin"", ""bis-peg-18 methyl ether dimethyl silane"", ""polysorbate 20"", ""lauryl peg-9 polydimethylsiloxyethyl dimethicone"", ""polysilicone-11"", ""mangifera indica  seed butter"", ""phoenix dactylifera  fruit extract"", ""pisum sativum  extract"", ""cucumis sativus  fruit extract"", ""crithmum maritimum extract"", ""laminaria ochroleuca extract"", ""commiphora mukul resin extract"", ""triticum vulgare  germ extract"", ""bambusa vulgaris  extract"", ""chlorella vulgaris extract"", ""laminaria saccharina extract"", ""brassica campestris  sterols"", ""helianthus annuus  seed extract"", ""algae extract"", ""hypnea musciformis  extract"", ""sigesbeckia orientalis  extract"", ""nymphaea alba  extract"", ""acetyl glucosamine"", ""caffeine"", ""gellidiella acerosa extract"", ""coffea arabica  seed extract"", ""sodium hyaluronate"", ""lactic acid"", ""propylene glycol dicaprate"", ""saccharide isomerate"", ""methyl gluceth-20"", ""ethylhexylglycerin"", ""acrylamide/sodium acryloyldimethyltaurate copolymer"", ""helianthus annuus  seedcake"", ""caprylyl glycol"", ""isohexadecane"", ""tocopheryl acetate"", ""acrylates/c10-30 alkyl acrylate crosspolymer"", ""glyceryl polymethacrylate"", ""sodium polyacrylate starch"", ""squalane"", ""sodium pca"", ""urea"", ""zea mays  kernel extract"", ""whey protein\\lactis protein\\proteine du petit-lait"", ""palmaria palmata extract"", ""polysorbate 80"", ""acetyl hexapeptide-8"", ""triolein"", ""hydrolyzed rice extract"", ""linoleic acid"", ""trehalose"", ""glycine soja  protein"", ""glucosamine hcl"", ""phospholipids"", ""laminaria digitata extract"", ""hordeum vulgare  extract\\extrait d'orge"", ""polyquaternium-51"", ""palmitoyl hexapeptide-12"", ""ergothioneine"", ""aminopropyl ascorbyl phosphate"", ""peg-8"", ""phytosteryl canola glycerides"", ""pentylene glycol"", ""oleic acid"", ""palmitic acid"", ""xanthan gum"", ""fragrance"", ""sodium hydroxide"", ""citric acid"", ""silica"", ""calcium chloride"", ""stearic acid"", ""dipropylene glycol"", ""sodium palmitoyl proline"", ""disodium edta"", ""bht"", ""potassium sorbate"", ""phenoxyethanol"", ""mica"", ""titanium dioxide"", ""iron oxides ""]"
p00192,GLAMGLOW Superserum 30ml,GLAMGLOW,48.0,Serum,"[""water/aqua/eau"", ""peg-8"", ""butylene glycol"", ""propanediol"", ""glycerin"", ""bis-peg-18 methyl ether dimethyl"", ""silane"", ""glycolic acid"", ""mandelic acid"", ""sodium hydroxide"", ""salicylic acid"", ""lactic acid"", ""pyruvic acid"", ""tartaric acid"", ""sodium hyaluronate"", ""trehalose"", ""eucalyptus globulus leaf powder"", ""eucalyptus globulus leaf"", ""charcoal powder"", ""avena sativa  kernel extract"", ""algae extract"", ""butyrospermum parkii  butter extract"", ""lecithin"", ""tocopheryl acetate"", ""acetyl glucosamine"", ""dimethicone"", ""silica"", ""xanthan gum"", ""hdi/trimethylol hexyllactone crosspolymer"", ""polymethyl methacrylate"", ""carbomer"", ""polysorbate 20"", ""ammonium acryloyldimethyltaurate/beheneth-25 methacrylate crosspolymer"", ""urea"", ""fragrance"", ""linalool"", ""bht"", ""disodium edta"", ""phenoxyethanol"", ""sorbic acid"", ""chlorphenesin"", ""titanium dioxide"", ""blue 1"", ""red 4 ""]"
p00193,Too Faced Hangover Good in Bed Ultra-Hydrating Replenishing Serum 29ml,Too Faced,32.0,Serum,"[""water\\aqua\\eau"", ""butylene glycol"", ""peg/ppg/polybutylene glycol-8/5/3 glycerin"", ""lactobacillus ferment"", ""yogurt powder"", ""sodium hyaluronate"", ""hydrolyzed sodium hyaluronate"", ""algae extract"", ""hylocereus undatus fruit extract"", ""cocos nucifera  liquid endosperm"", ""cocos nucifera  fruit juice"", ""acetyl hexapeptide-8"", ""panthenol"", ""glycerin"", ""caffeine"", ""dipeptide diaminobutyroyl benzylamide diacetate"", ""ammonium acryloyldimethyltaurate/vp copolymer"", ""caprylyl glycol"", ""peg-40 hydrogenated castor oil"", ""fragrance"", ""phenoxyethanol"", ""potassium sorbate"", ""sodium metabisulfite"", ""mica"", ""titanium dioxide ""]"
p00194,Elizabeth Arden Prevage Face Advanced Anti-Aging Serum (50ml),Elizabeth Arden,170.0,Serum,"[""water"", ""cyclopentasiloxane"", ""dimethicone/vinyl dimethicone crosspolymer"", ""pentylene glycol"", ""peg-8"", ""glycerin"", ""phospholipids"", ""isopropyl lauroyl sarcosinate"", ""algae extract"", ""ammonium acryloyldimethyl taurate/vp copolymer"", ""hydroxydecyl ubiquinone"", ""camellia sinensis leaf extract"", ""sodium hyaluronate"", ""ppg-2 isoceteth-20 acetate"", ""propylene glycol"", ""sodium pca"", ""trehalose"", ""urea"", ""polyphosphorylcholine glycol acrylate"", ""tetrahydropyranyloxphenol"", ""ammonium acryloyldimethyltaurate/beheneth-25 methacrylate crosspolymer"", ""caprylyl/capryl glucoside"", ""sodium acrylate/acryloyldimethyl taurate copolymer"", ""polyquaternium-51"", ""polyisobutene"", ""butylene glycol"", ""sodium hydroxide"", ""dimethylmethoxy chromanol"", ""mica"", ""fragrance"", ""benzoic acid"", ""methylparaben"", ""phenoxyethanol"", ""propylparaben"", ""sorbic acid"", ""chlorphenesin"", ""red 4"", ""titanium dioxide""]"
p00195,Liz Earle Superskin Face Serum 30ml Pump,Liz Earle,45.0,Serum,"[""water"", ""glycerin"", ""heptyl undecylenate"", ""caprylic/capric triglyceride"", ""borago officinalis seed oil"", ""albizia julibrissin bark extract"", ""rosa rubiginosa seed oil"", ""propanediol"", ""vaccinium macrocarpon  seed oil"", ""sclerotium gum"", ""olea europaea  leaf extract"", ""citrus aurantium amara  leaf/twig oil"", ""lavandula hybrida  oil"", ""anthemis nobilis flower oil"", ""rheum rhaponticum root extract"", ""zizyphus jujuba seed extract"", ""punica granatum flower extract"", ""citrus aurantium amara  flower oil"", ""maltodextrin"", ""phenoxyethanol"", ""sodium polyacrylate"", ""glyceryl behenate"", ""polyglyceryl-6 distearate"", ""xanthan gum"", ""tocopherol"", ""levan"", ""benzoic acid"", ""hydrolyzed algin"", ""linalool"", ""jojoba esters"", ""hydrolyzed hyaluronic acid"", ""dehydroacetic acid"", ""ethylhexylglycerin"", ""cetyl alcohol"", ""polyglyceryl-3 beeswax"", ""decyl glucoside"", ""alcohol"", ""sodium ascorbyl phosphate"", ""parfum"", ""citric acid"", ""sodium benzoate"", ""geraniol"", ""limonene"", ""ascorbic acid"", ""phenethyl alcohol"", ""citral""]"
p00196,Sukin Purely Ageless Firming Serum 30ml,Sukin,19.95,Serum,"[""rosa canina fruit oil"", ""lycium barbarum fruit extract"", ""euterpe oleracea fruit extract"", ""cetearyl olivate"", ""sorbitan olivate"", ""sodium stearoyl glutamate"", ""xanthan gum"", ""lecithin"", ""sclerotium gum"", ""pullulan"", ""silica"", ""tocopherol"", ""citrus tangerina  peel oil"", ""citrus nobilis  peel oil"", ""lavandula angustifolia  oil"", ""vanillin"", ""vanilla planifolia fruit extract"", ""lactic acid"", ""phenoxyethanol"", ""benzyl alcohol. linalool"", ""limonene""]"
p00197,Bobbi Brown Extra Repair Serum 30ml,Bobbi Brown,68.5,Serum,"[""water\\aqua\\eau"", ""squalane"", ""glycerin"", ""butylene glycol"", ""bis-diglyceryl polyacyladipate-2"", ""caprylic/capric triglyceride"", ""c12-15 alkyl benzoate"", ""limnanthes alba  seed oil"", ""hydrogenated lecithin"", ""olea europaea  fruit oil"", ""sucrose"", ""olea europaea  fruit extract"", ""salvia sclarea  extract"", ""triticum vulgare  extract"", ""citrus aurantium bergamia"", ""cananga odorata"", ""lavandula angustifolia"", ""padina pavonica thallus extract"", ""theobroma grandiflorum seed butter"", ""fusanus spicatus wood oil"", ""acetyl hexapeptide-8"", ""caffeine"", ""dimethicone"", ""dipotassium glycyrrhizate"", ""sodium hyaluronate"", ""tetrahexyldecyl ascorbate"", ""xanthan gum"", ""limonene"", ""benzyl benzoate"", ""linalool"", ""benzyl salicylate"", ""phenoxyethanol"", ""chlorphenesin"", ""sorbic acid""]"
p00198,Indeed Labs Eysilix Serum 2 15ml,Indeed Labs,19.99,Serum,"[""water"", ""isononyl isononanoate"", ""propanediol"", ""dimethicone"", ""arachidyl alcohol"", ""phenyl trimethicone"", ""c12-15 alkyl benzoate"", ""behenyl alcohol"", ""peg-100 stearate"", ""palmitoyl glycine"", ""butyrospermum parkii  butter"", ""hydrogenated olive oil"", ""glyceryl stearate"", ""arachidyl glucoside"", ""phenoxyethanol"", ""polysilicone-11"", ""caprylyl glycol"", ""olea europaea  fruit oil"", ""tribehenin"", ""panthenol"", ""sodium acrylate/sodium acryloyldimethyl taurate copolymer"", ""glycerin"", ""isohexadecane"", ""xanthan gum"", ""olea europaea  oil unsaponifiables"", ""camelia sinensis leaf extract"", ""disodium edta"", ""lactobacillus ferment lysate"", ""punica granatum extract"", ""polysorbate 80"", ""ceramide ng"", ""peg-10 rapeseed sterol"", ""methylglucoside phosphate"", ""dunaliella salina extract"", ""glucose"", ""lactobacillus ferment"", ""copper lysinate/prolinate"", ""caffeine"", ""citric acid"", ""ethylhexylglycerin"", ""palmitoyl tripeptide-5"", ""sodium hyaluronate"", ""acetyl tetrapeptide-2"", ""pantolactone"", ""potassium sorbate"", ""palmitoyl hexapeptide-12""]"
p00199,Natio Advanced Lifting and Firming Serum (30ml),Natio,15.2,Serum,"[""water"", ""butylene glycol"", ""glycerin"", ""hexylene glycol"", ""tapioca starch"", ""peg-60 almond glycerides"", ""triethanolamine"", ""phenoxyethanol"", ""caprylyl glycol"", ""calendula officinalis flower extract"", ""acrylates/ c10-30 alkyl acrylate crosspolymer"", ""citrus nobilis  peel oil"", ""cedrus atlantica bark oil"", ""fragrance"", ""rosmarinus officinalis  leaf oil"", ""simmondsia chinensis  seed oil"", ""rosa canina fruit oil"", ""tetrasodium edta""]"
p00200,Holika Holika 3 Seconds Starter (Collagen),Holika Holika,12.95,Serum,"[""water"", ""ethanol"", ""bis-peg-18 methyl ether dimethyl silane"", ""butylene glycol"", ""glycereth-26"", ""portulaca oleracea extract"", ""hydrolyzed collagen"", ""peg-240/hdi copolymer bis-decyltetradeceth-20 ether"", ""betaine"", ""dipropylene glycol"", ""carbomer"", ""methylparaben"", ""peg-60 hydrogenated castor oil"", ""phenoxyethanol"", ""trehalose"", ""triethanolamine"", ""sodium hyaluronate"", ""xanthan gum"", ""disodium edta"", ""fragrance""]"
p00201,REN Clean Skincare Keep Young and Beautiful Instant Firming Beauty Shot,REN,42.0,Serum,"[""water"", ""sodium hyaluronate"", ""hydroxypropylmethylcellulose"", ""phenoxyethanol"", ""pullalan"", ""carbomer"", ""sodiumhydroxymethylglycinate"", ""rosa damascena flower oil"", ""sodium hydroxide"", ""porphyridium cruentum extract"", ""rosa damascena flower water"", ""citronellol"", ""geraniol""]"
p00202,The Organic Pharmacy Four Acid Peel Serum 30ml,The Organic Pharmacy,30.0,Serum,"[""hamamelis virginiana water"", ""water"", ""citrus grandis peel oil"", ""passiflora quadrangularis fruit extract"", ""glycerin"", ""sodium lactate"", ""citrus medica limonum fruit extract"", ""alcohol"", ""algin"", ""ananas sativas fruit extract"", ""vitis vinifera fruit extract"", ""dehydroacetic acid"", ""benzyl alcohol"", ""chondrus crispus"", ""xanthan gum"", ""potassium sorbate"", ""sodium bisulfite"", ""sorbic acid"", ""limonene"", ""citral"", ""linalool"", ""glycolic acid"", ""lactic acid"", ""citric acid"", ""tartaric acid""]"
p00203,Indeed Labs Snoxin Serum 2 30ml,Indeed Labs,24.99,Serum,"[""water"", ""glycerin"", ""cyclopentasiloxane"", ""sodium acrylate/sodium acryloyldimethyl taurate copolymer"", ""dimethicone"", ""cyclohexasiloxane"", ""isohexadecane"", ""phenoxyethanol"", ""caprylyl glycol"", ""polysorbate 80"", ""lecithin"", ""polysilicone-11"", ""hydroxypropyl cyclodextrin"", ""palmitoyl tripeptide-38"", ""hexanoyl dipeptide-3 norleucine acetate"", ""mu-conotoxin cniiic""]"
p00204,Neal's Yard Remedies Beauty Sleep Concentrate 30ml,Neal's Yard Remedies,35.0,Serum,"[""water"", ""glycine soja  oil"", ""glycerin"", ""cetyl alcohol"", ""cetearyl olivate"", ""cetearyl glucoside"", ""vitis vinifera\u00a0 seed oil"", ""theobroma cacao  seed butter"", ""ricinus communis  seed oil"", ""narcissus tazetta\u00a0 bulb extract"", ""aloe barbadensis  leaf juice powder"", ""palmitoyl tripeptide-5"", ""sodium\u00a0hyaluronate"", ""cananga odorata  flower oil"", ""citrus sinensis  peel oil expressed"", ""pogostemon\u00a0cablin  leaf oil"", ""styrax tonkinensis  resin extract"", ""alcohol denat"", ""cupressus sempervirens\u00a0 leaf oil"", ""salvia sclarea  flower oil"", ""sorbitan olivate"", ""sodium levulinate"", ""levulinic acid"", ""tocopherol"", ""helianthus annuus  seed oil"", ""xanthan gum"", ""potassium sorbate"", ""benzyl alcohol"", ""benzyl benzoate"", ""benzyl salicylate"", ""citral"", ""eugenol"", ""farnesol"", ""geraniol"", ""isoeugenol"", ""limonene"", ""linalool""]"
p00205,L'Oreal Paris Dermo Expertise Revitalift Laser Renew Anti-ageing Triple Action Super Serum (30ml),L'Oréal Paris,24.99,Serum,"[""water"", ""dipropylene glycol"", ""dimethicone"", ""glycerin"", ""hydroxypropyl tetrahydropyrantriol"", ""propylene glycol"", ""c12-15 alkyl benzoate"", ""alcohol denat"", ""peg-100 stearate"", ""stearic acid"", ""potassium cetyl phosphate"", ""potassium hydroxide"", ""carbomer"", ""glyceryl stearate"", ""silica"", ""2-oleamido-1"", ""3-octadecanediol"", ""palmitic acid"", ""disodium edta"", ""hydrolyzed hyaluronic acid"", ""hydroxyethylcellulose"", ""capryloyl salicylic acid"", ""xanthan gum"", ""cetyl alcohol"", ""octyldodecanol"", ""tocopheryl acetate"", ""phenoxyethanol"", ""ci 15985"", ""ci 19140"", ""ci 77891"", ""mica"", ""linalool"", ""limonene"", ""citronellol"", ""benzyl alcohol"", ""parfum""]"
p00206,ELEMIS Pro-Collagen Definition Face and Neck Serum 30ml,ELEMIS,92.0,Serum,"[""aqua/water/eau"", ""shea butter ethyl esters"", ""glycerin"", ""albizia julibrissin  bark extract"", ""propanediol"", ""hydroxyethyl acrylate/sodium acryloyldimethyl taurate copolymer"", ""phenoxyethanol"", ""lactobacillus/dipteryx odorata seed ferment filtrate"", ""leontopodium alpinum  callus culture extract"", ""fragrance"", ""benzoic acid"", ""biosaccharide gum-1"", ""dehydroacetic acid"", ""hydrolyzed algin"", ""eryngium maritimum extract"", ""piperonyl glucoside"", ""linalool"", ""limonene"", ""citronellol"", ""leuconostoc/radish root ferment filtrate"", ""citric acid"", ""xanthan gum"", ""caramel"", ""sodium benzoate"", ""caprylyl glycol"", ""vinca minor leaf extract"", ""sodium hydroxide"", ""glyceryl caprylate"", ""lactic acid/glycolic acid copolymer"", ""phenylpropanol"", ""boswellia carterii  oil"", ""cymbopogon martini  oil"", ""polyvinyl alcohol"", ""salvia sclarea  oil"", ""palmitoyl heptapeptide-27"", ""palmitoyl oligopeptide-78"", ""palmitoyl octapeptide-24"", ""potassium sorbate""]"
p00207,Lancôme Visionnaire Serum Plus 30ml,Lancôme,57.6,Serum,"[""aqua / water"", ""cyclohexasiloxane"", ""glycerin"", ""alcohol denat"", ""sodium tetrahydrojasmonate"", ""polysilicone-11"", ""octyldodecanol"", ""hdi/trimethylol hexyllactone crosspolymer"", ""dipropylene glycol"", ""bis-peg/ppg-16/16 peg/ppg-16/16 dimethicone"", ""ci 77891 / titanium dioxide"", ""mica"", ""secale cereale extract / rye seed extract"", ""sodium hyaluronate"", ""hydroxyethylcellulose"", ""phenoxyethanol"", ""adenosine"", ""poloxamer 338"", ""ammonium polyacryldimethyltauramide / ammonium polyacryloyldimethyl taurate"", ""dimethicone"", ""dimethiconol"", ""pentylene glycol"", ""caprylic/capric triglyceride"", ""disodium edta"", ""methyldihydrojasmonate"", ""citronellol"", ""inulin lauryl carbamate"", ""parfum / fragrance""]"
p00208,Aurelia Skincare Firm & Replenish Body Serum 250ml,Aurelia,38.4,Serum,"[""aqua/water/eau"", ""coco-caprylate"", ""glyceryl caprylate/caprate"", ""cetearyl alcohol"", ""prunus amygdalus dulcis  oil"", ""glyceryl stearate"", ""arachidyl alcohol"", ""butyrospermum parkii  butter"", ""cetearyl glucoside"", ""argania spinosa kernel  oil"", ""angelica archangelica root oil"", ""anthemis nobilis  flower oil"", ""boswellia carterii  oil"", ""cananga odorata  flower oil"", ""citrus aurantium bergamia  fruit oil"", ""citrus grandis  peel oil"", ""citrus nobilis  peel oil"", ""cymbopogon citratus  oil"", ""juniperus virginiana wood oil"", ""lavandula angustifolia  herb oil"", ""tocopherol"", ""salicylic acid"", ""hibiscus sabdariffa flower extract"", ""kigelia africana fruit extract"", ""sodium phytate"", ""adansonia digitata  fruit extract"", ""glycerin"", ""sorbic acid"", ""citric acid"", ""dehydroacetic acid"", ""behenyl alcohol"", ""glyceryl caprylate"", ""hydroxyacetophenone"", ""benzyl alcohol"", ""arachidyl glucoside"", ""dehydroxanthan gum"", ""sodium hydroxide"", ""limonene"", ""linalool"", ""citral"", ""geraniol"", ""benzyl benzoate"", ""benzyl salicylate"", ""farnesol"", ""eugenol"", ""isoeugenol""]"
p00209,Chantecaille Vital Essence 50ml,Chantecaille,96.0,Serum,"[""water"", ""glycerin"", ""pentylene glycol"", ""squalane"", ""sodium hyaluronate"", ""buxus chinensis  oil"", ""vitis vinifera  seed oil"", ""bifidus ferment filtrate"", ""xanthan gum"", ""natto gum"", ""laminaria saccharina extract"", ""glycin soja  extract"", ""pueraria lobata extract"", ""aloe barbadenis extract"", ""chlorella vulgaris extract"", ""alanine"", ""bentonite"", ""rose water concentrated"", ""carbomer"", ""stearic acid"", ""polyglyceryl-2 isostearate"", ""cetyl alcohol"", ""glycol distearate"", ""isostearate-20"", ""glycereth-25 pca isostearate"", ""potassium hydroxide"", ""tocopherol"", ""dimethicone"", ""butylene glycol"", ""ethanol"", ""phenoxyethanol"", ""methylparaben"", ""butylparaben""]"
p00210,Indeed Labs Pepta-Bright 30ml,Indeed Labs,24.99,Serum,"[""water"", ""caprylic/capric triglyceride"", ""dimethyl isosorbide"", ""isodecyl neopentanoate"", ""isononyl isononanoate"", ""propanediol"", ""arachidyl alcohol"", ""undecylenoyl phenylalanine"", ""sodium lactate"", ""behenyl alcohol"", ""glyceryl stearate"", ""lactic acid"", ""cetearyl alcohol"", ""octadecenedioic acid"", ""polyacrylate-13"", ""peg-100 stearate"", ""triethanolamine"", ""arachidyl glucoside"", ""phenylethyl resorcinol"", ""phenoxyethanol"", ""polyisobutene"", ""caprylyl glycol"", ""dimethylmethoxy chromanyl palmitate"", ""xanthan gum"", ""chlorphenesin"", ""disodium edta"", ""polysorbate 20"", ""sodium hyaluronate"", ""dextran"", ""nonapeptide-1""]"
p00211,Omorovicza Instant Perfection Serum (30ml),Omorovicza,87.0,Serum,"[""water"", ""polysorbate 20"", ""xylitylglucoside"", ""anhydroxylitol"", ""saccharomyces ferment extract"", ""phenoxyethanol"", ""pullulan"", ""sodium hyaluronan"", ""narcissus poeticus callus extract"", ""carbomer"", ""xylitol"", ""parfum"", ""sodium hydroxide"", ""ethylhexylglycerin"", ""disodium edta"", ""glucose"", ""phospholipids""]"
p00212,Elizabeth Arden Skin Illuminating Advanced Brightening Day Serum (30ml),Elizabeth Arden,55.0,Serum,"[""water/aqua/eau"", ""butylene glycol"", ""pentylene glycol"", ""dimethicone"", ""polysilicone-11"", ""caprylic/capric triglyceride"", ""niacinamide"", ""ethylhexyl palmitate"", ""glyceryl oleate citrate"", ""sodium ascorbyl phosphate"", ""nylon-12"", ""panthenol"", ""peg-11 methyl ether dimethicone"", ""acrylates/c10-30 alkyl acrylate crosspolymer"", ""adenosine"", ""bisabolol"", ""boron nitride"", ""caprylyl glycol"", ""cnidium officinale root extract"", ""cyclopentasiloxane"", ""dextran"", ""diamond powder"", ""dimethiconol"", ""disodium edta"", ""ethylhexylglycerin"", ""glycolic acid"", ""hydrogenated lecithin"", ""lactic acid"", ""laureth-12"", ""mica"", ""parfum/fragrance"", ""peg/ppg-18/18 dimethicone"", ""polymethylsilsesquioxane"", ""polyvinyl alcohol"", ""sodium hydroxide"", ""sodium polyacrylate"", ""trideceth-6"", ""tripeptide-1"", ""tryptophan"", ""butylphenyl methylpropional"", ""citronellol"", ""geraniol"", ""hexyl cinnamal"", ""limonene"", ""linalool"", ""chlorphenesin"", ""phenoxyethanol"", ""titanium dioxide ""]"
p00213,FOREO 'Serum Serum Serum' Micro-Capsule Youth Preserve,FOREO,49.0,Serum,"[""aqua/water/eau"", ""glycerin"", ""propanediol"", ""cyclopentasiloxane"", ""diglycerin"", ""xylitol"", ""pentylene glycol"", ""butylene glycol"", ""peg/ppg-17/6 copolymer"", ""glyceryl polymethacrylate"", ""glycereth-26"", ""peg/ppg-14/7 dimethyl ether"", ""squalane"", ""hyaluronic acid"", ""sodium hyaluronate"", ""sodium hyaluronate crosspolymer"", ""hydrolyzed hyaluronic acid"", ""betaine"", ""octyldodeceth-16"", ""glyceryl glucoside"", ""propylene glycol"", ""caprylyl glycol"", ""carbomer"", ""triethanolamine"", ""acacia senegal gum"", ""gelatin"", ""panthenol"", ""xanthan gum"", ""trehalose"", ""urea"", ""ethylhexylglycerin"", ""adenosine"", ""1"", ""2-hexanediol"", ""sodium pca"", ""serine"", ""glucose"", ""algin"", ""disodium phosphate"", ""glyceryl polyacrylate"", ""pullulan"", ""hydrolyzed glycosaminoglycans"", ""potassium phosphate"", ""red 4"", ""benzyl glycol"", ""raspberry keton""]"
p00214,Aveda Hand Relief Night Renewal Serum 30ml,Aveda,27.0,Serum,"[""water\\aqua\\eau"", ""heptyl undecylenate"", ""propanediol"", ""theobroma grandiflorum seed butter"", ""glycerin"", ""carapa guaianensis seed oil"", ""dimethicone"", ""caprylic/capric triglyceride"", ""limnanthes alba  seed oil"", ""ricinus communis  seed oil"", ""hydrogenated lecithin"", ""polyglyceryl-10 pentastearate"", ""oryza sativa  bran oil"", ""glycyrrhiza glabra  root extract"", ""molasses extract\\saccharum officinarum\\extrait de m\u00e9lasse"", ""chlorella vulgaris extract"", ""sodium hyaluronate"", ""elaeis guineensis  oil"", ""helianthus annuus  seed oil unsaponifiables"", ""salicylic acid"", ""caffeine"", ""glyceryl stearate"", ""sorbitol"", ""cetyl alcohol"", ""tocopherol"", ""tocopheryl linoleate/oleate"", ""linoleic acid"", ""peg-100 stearate"", ""lauroyl lysine"", ""acetyl hexapeptide-8"", ""stearic acid"", ""arginine"", ""sodium pca"", ""aminopropyl ascorbyl phosphate"", ""behenyl alcohol"", ""sodium stearoyl lactylate"", ""xanthan gum"", ""caprylyl glycol"", ""fragrance"", ""linalool"", ""citral"", ""limonene"", ""sodium citrate"", ""phenoxyethanol""]"
p00215,Sukin Hydration Biomarine Facial Serum 30ml,Sukin,19.95,Serum,"[""water"", ""glycerin"", ""hydroxyethylcellulose"", ""saccharide isomerate"", ""sodium hyaluronate"", ""ascophyllum nodosum extract"", ""tocopherol"", ""coco-caprylate"", ""cetearyl olivate"", ""sorbitan olivate"", ""fragrance"", ""citric acid"", ""sodium citrate"", ""ethylhexylglycerin"", ""phenoxyethanol"", ""benzyl alcohol"", ""limonene"", ""citral"", ""linalool""]"
p00216,Dermalogica Multivitamin Power Serum (22ml),Dermalogica,57.15,Serum,"[""cyclopentasiloxane"", ""helianthus annuus  seed oil"", ""tricaprylin"", ""tribehenin"", ""ascorbyl glucoside"", ""glyceryl dibehenate"", ""boron nitride"", ""nylon-12"", ""silica"", ""magnesium ascorbyl phosphate"", ""palmitoyl hexapeptide-14"", ""hydrogenated phosphatidyl choline"", ""citrus grandis  peel oil"", ""citrus aurantium dulcis  peel oil"", ""hydrogenated soybean oil"", ""cera alba"", ""tocopherol"", ""retinyl palmitate"", ""linoleic acid"", ""beta-sitosterol"", ""stearoxymethicone/dimethicone copolymer"", ""hydroxypinacolone retinoate"", ""dimethyl isosorbide"", ""dimethicone"", ""polysilicone-11"", ""glyceryl stearate"", ""tocopheryl acetate"", ""glycerin"", ""caprylic/capric triglyceride"", ""lechtin"", ""butylene glycol"", ""ethoxydiglycol"", ""water"", ""limonene""]"
p00217,Sarah Chapman Skinesis Skin Tone Perfecting Booster (30ml),Sarah Chapman,64.0,Serum,"[""water"", ""glycerin"", ""cyclopentasiloxane"", ""peg-8 dimethicone"", ""sodium ascorbyl phosphate"", ""cyclohexasiloxane"", ""ergothioneine"", ""dimethicone"", ""polysorbate 20"", ""xanthan gum"", ""phenoxyethanol"", ""caprylyl glycol"", ""palmaria palmata extract"", ""ethylhexylglycerin"", ""hexylene glycol"", ""arctostaphylos uva ursi leaf extract"", ""allantoin"", ""arbutin"", ""alcohol"", ""rosa damascena flower oil"", ""malva sylvestris  extract"", ""mentha piperita  leaf extract"", ""primula veris extract"", ""alchemilla vulgaris extract"", ""veronica officinalis extract"", ""melissa officinalis leaf extract"", ""achillea millefolium extract"", ""citronellol"", ""geraniol""]"
p00218,DECLÉOR Hydra Floral White Petal Skin Perfecting Concentrate 30ml,DECLÉOR,36.4,Serum,"[""rosa damascena flower water"", ""water"", ""alcohol denat"", ""propanediol"", ""glycerin"", ""3-o-ethyl ascorbic acid"", ""arginine"", ""citric acid"", ""ppg-26-buteth-26"", ""sodium citrate"", ""sodium hyaluronate"", ""salicylic acid"", ""peg-40 hydrogenated castor oil"", ""xanthan gum"", ""maltodextrin"", ""limonene"", ""citrus aurantium dulcis  peel oil"", ""moringa oleifera seed extract"", ""sucrose dilaurate"", ""citrus aurantium amara flower oil / bitter orange flower oil"", ""sodium cocoyl glutamate"", ""linalool"", ""pisum sativum extract / pea extract"", ""citronellol"", ""geraniol"", ""parfum / fragrance""]"
p00219,Darphin Dark Circle Relief and De-Puffing Eye Serum 15ml,Darphin,42.0,Serum,"[""water\\aqua\\eau"", ""dimethicone"", ""isododecane"", ""cyclopentasiloxane"", ""polysilicone-11"", ""butylene glycol"", ""ascorbyl glucoside"", ""peg-10 dimethicone"", ""trametes versicolor extract"", ""sodium rna"", ""curcuma longa  root extract"", ""saccharomyces lysate extract"", ""gentiana lutea  root extract"", ""betula alba  bark extract"", ""oryza sativa  bran extract"", ""citrus grandis  peel extract"", ""salicylic acid"", ""dimethoxytolyl propylresorcinol"", ""triticum vulgare  germ extract"", ""scutellaria baicalensis root extract"", ""hordeum vulgare  extract\\extrait d'orge"", ""cucumis sativus  fruit extract"", ""hydrolyzed rice bran extract"", ""ammonium acryloyldimethyltaurate/vp copolymer"", ""morus bombycis  root extract"", ""cholesterol"", ""caffeine [] yeast extract\\faex\\extrait de levure"", ""glycyrrhetinic acid"", ""polysorbate 20"", ""isohexadecane"", ""propylene glycol dicaprate"", ""helianthus annuus  seedcake"", ""polysorbate 80"", ""peg-6"", ""sodium hyaluronate"", ""tromethamine"", ""di-c12-18 alkyl dimonium chloride"", ""acetyl glucosamine"", ""squalane"", ""tocopheryl acetate"", ""sodium sulfite"", ""sodium metabisulfite"", ""acrylamide/sodium acryloyldimethyltaurate copolymer"", ""fragrance"", ""caprylyl glycol"", ""hexylene glycol"", ""sodium hydroxide"", ""disodium edta"", ""phenoxyethanol"", ""potassium sorbate"", ""alphaisomethyl ionone"", ""linalool"", ""citral"", ""limonene"", ""yellow 6"", ""yellow 5 ""]"
p00220,Zelens Youth Concentrate Supreme Age-Defying Serum (30ml),Zelens,160.0,Serum,"[""water"", ""caprylic/capric triglyceride"", ""hydrogenated polydecene"", ""methylsilanol mannuronate"", ""phytosteryl canola glycerides"", ""ethylhesyldodecanol"", ""glycerin"", ""methylepropanediol"", ""phenoxyethanol"", ""cetearyl alcohol"", ""glyceryl stearate"", ""peg-100 stearate"", ""cetearyl glucoside"", ""glycine soja  oil"", ""fragrance"", ""sodium hyaluronate"", ""ammonium acryloyldimethyltaurate/vp copolymer"", ""tocopherol"", ""ethylhexylglycerin"", ""disodium edta"", ""triethanolamine"", ""teprenone"", ""xantham gum"", ""carbomer"", ""retinol"", ""geranylgeranylisopropanol"", ""hyaluronic acid"", ""silanetriol"", ""citric acid"", ""hydrolyzed soy protein"", ""sorbic acid"", ""palmitoyl dipeptide-5 diaminobutyroyl hydroxythreonine"", ""palmitoyl tripeptide-5"", ""tetradecyl aminobutyroylvalylaminobutyric urea trifluoracetate"", ""magnesium chloride"", ""l-glutamylamideothyl imidazole"", ""linalool"", ""gryceryl caprylate"", ""hydrolyzed yeast protein"", ""sodium benzoate""]"
p00221,Darphin Hydraskin Serum 30ml,Darphin,48.0,Serum,"[""water\\aqua\\eau"", ""propanediol"", ""glycerin"", ""butylene"", ""glycol methyl gluceth-20"", ""peg-40"", ""hydrogenated castor oil"", ""imperata cylindrica root extract"", ""punica granatum  extract"", ""malachite extract"", ""sodium hyaluronate"", ""tocopherol ethylhexylglycerin"", ""hyaluronic acid"", ""trehalose"", ""caprylyl glycol"", ""sodium pca"", ""sodium polyacrylate"", ""1"", ""2-hexanediol"", ""polyquaternium-51"", ""urea"", ""carbomer"", ""sodium carbomer"", ""fragrance"", ""butylphenyl"", ""methylpropional"", ""hydroxyisohexyl 3-cyclohexene"", ""carboxaldehyde"", ""hexyl cinnamal"", ""alpha-isomethyl ionone"", ""limonene"", ""linalool"", ""hydroxycitronellal"", ""tetrasodium edta"", ""phenoxyethanol"", ""chlorphenesin"", ""potassium sorbate"", ""blue 1 ""]"
p00222,L'Oréal Paris Revitalift Filler + Hyaluronic Acid Replumping Serum 16ml,L'Oréal Paris,19.99,Serum,"[""aqua / water"", ""glycerin"", ""alcohol denat"", ""dimethicon"", ""butylene glycol"", ""dipropylene glycol"", ""silica [nano] / silica"", ""sodium hyaluronate"", ""alpinia galanga leaf extract"", ""carbomer"", ""methylsilanol/silicate crosspolymer"", ""sodium hydroxide"", ""ammonium polyacryldimethyltauramide / ammonium polyacryloyldimethyl taurate"", ""dipotassium glycyrrhizate"", ""disodium edta"", ""capryloyl salicylic acid"", ""ci 77891 / titanium dioxide"", ""mica"", ""linalool"", ""citronellol"", ""benzyl alcohol"", ""benzyl benzoate"", ""benzyl salicylate""]"
p00223,Elizabeth Arden Prevage Advanced Daily Serum,Elizabeth Arden,180.0,Serum,"[""water/aqua/eau"", ""cyclopentasiloxane"", ""butylene glycol"", ""pentylene glycol"", ""dimethicone"", ""methyl trimethicone"", ""isododecane"", ""dipropylene glycol"", ""glycerin"", ""peg-75"", ""polysilicone-11"", ""panthenyl triacetate"", ""caprylyl methicone"", ""propylene glycol"", ""hydroxydecyl ubiquinoyl dipalmitoyl glycerate"", ""glycereth-26"", ""peg-10 dimethicone"", ""ergothioneine"", ""chondrus crispus extract"", ""sodium hyaluronate"", ""retinyl linoleate"", ""tocopheryl acetate"", ""glycine soja  oil"", ""caprylyl glycol"", ""coco-caprylate/caprate"", ""isohexadecane"", ""ppg-2 isoceteth-20 acetate"", ""urea"", ""acetyl farnesylcysteine"", ""hydrogenated lecithin"", ""lecithin"", ""lysophosphatidic acid"", ""naringenin"", ""methylsilanol hydroxyproline aspartate"", ""palmitoyl hexapeptide-19"", ""quercus suber bark extract"", ""caprooyl tetrapeptide-3"", ""oligopeptide-68"", ""acrylamide/sodium acryloyldimethyl taurate copolymer"", ""ammonium acryloyldimethyltaurate/vp copolymer"", ""decyl glucoside"", ""lysolecithin"", ""polysorbate 20"", ""polysorbate 80"", ""sodium oleate"", ""polyimide-1"", ""dextran"", ""hexylene glycol"", ""disodium edta"", ""salicylic acid"", ""mica"", ""tin oxide"", ""aminopropyl dimethicone"", ""parfum/fragrance"", ""alpha-isomethyl ionone"", ""linalool"", ""benzophenone-4"", ""ethylparaben"", ""methylparaben"", ""phenoxyethanol"", ""potassium sorbate"", ""propylparaben"", ""sodium dehydroacetate"", ""sodium methylparaben"", ""red 4"", ""titanium dioxide"", ""yellow 5 ""]"
p00224,L'Oréal Paris Age Perfect Nutrition Intense Supreme Repairing Serum,L'Oréal Paris,14.99,Serum,"[""aqua / water"", ""glycerin"", ""alcohol denat"", ""cyclohexasiloxane"", ""hydrolyzed soy protein"", ""isohexadecane"", ""jasminum officinale\u00a0extract / jasmine flower extract"", ""mel / honey"", ""calcium pantetheine sulfonate"", ""cetearyl ethylhexanoate"", ""caffeine"", ""cholesterol"", ""ammonium polyacryldimethyltauramide / ammonium polyacryloyldimethyl taurate"", ""disodium edta"", ""isopropyl\u00a0myristate"", ""hydrogenated polyisobutene"", ""hydroxypalmitoyl sphinganine"", ""caprylyl glycol"", ""biosaccharide gum-1"", ""pentylene\u00a0glycol"", ""phenoxyethanol"", ""linalool"", ""geraniol"", ""eugenol"", ""coumarin"", ""limonene"", ""citral"", ""citronellol"", ""benzyl alcohol"", ""parfum\u00a0/ fragrance""]"
p00225,Green People Age Defy+ Line Eraser Lip & Eye Serum (10ml),Green People,27.6,Serum,"[""water"", ""simmondsia chinensis  seed oil"", ""glycerin"", ""hamamelis virginiana  water"", ""propanediol"", ""hibiscus sabdariffa  flower extract"", ""baicalin"", ""punica granatum  seed oil"", ""aloe barbadensis  leaf juice powder"", ""vaccinium macrocarpon  seed oil"", ""rosmarinus officinalis  leaf extract"", ""eryngium maritimum  callus culture filtrate"", ""argania spinosa  kernel extract"", ""sodium cocoyl glutamate"", ""sclerotium gum"", ""xanthan gum"", ""tocopherol"", ""hydrolysed jojoba esters"", ""lavandula angustifolia  herb oil"", ""cinnamomum camphora  bark oil"", ""pelargonium graveolens  oil"", ""cymbopogon martini  oil"", ""cananga odorata  flower oil"", ""citrus limon  peel oil"", ""chamomilla recutita  oil"", ""benzyl alcohol"", ""salicylic acid"", ""sorbic acid"", ""citral"", ""limonene"", ""geraniol"", ""linalool"", ""farnesol"", ""citronellol"", ""benzyl salicylate"", ""benzyl benzoate""]"
p00226,The Organic Pharmacy Stabilised Vitamin C Serum 30ml,The Organic Pharmacy,45.0,Serum,"[""hamamelis virginiana water"", ""glycerin"", ""sodium lactate"", ""water"", ""citrus grandis peel oil"", ""algin"", ""ascorbyl glucoside"", ""dehydroacetic acid"", ""benzyl alcohol"", ""chondrus crispus"", ""xanthan gum"", ""sorbic acid"", ""limonene"", ""citral"", ""linalool"", ""grapefruit oil"", ""witch hazel""]"
p00227,Erno Laszlo AHA Resurfacing Sleep Serum,Erno,95.0,Serum,"[""water"", ""glycolic acid"", ""lactic acid"", ""sodium hydroxide"", ""glycerin"", ""ananas sativus  fruit extract"", ""chlorphenesin"", ""citric acid"", ""hexanoyl dipeptide-3 norleucine acetate"", ""lecithin"", ""lycium chinese fruit extract"", ""malic acid"", ""phenoxyethanol"", ""phytic acid"", ""pleiogynium timorienese fruit extract"", ""podocarpus elatus fruit extract"", ""pullulan"", ""salicylic acid"", ""salix alba  bark extract"", ""sclerotium gum"", ""sea salt"", ""sodium hyaluronate"", ""sodium carrageenan"", ""terminalia ferdinandiana fruit extract"", ""xanthan gum"", ""ethylhexylglycerin""]"
p00228,DHC Deep Cleansing Oil 30ml,DHC,5.0,Oil,"[""olea europaea  fruit oil"", ""caprylic/capric triglyceride"", ""sorbeth-30 tetraoleate"", ""pentylene glycol"", ""phenoxyethanol"", ""tocopherol"", ""stearyl glycyrrhetinate"", ""rosmarinus officinalis  leaf oil""]"
p00229,DHC Deep Cleansing Oil 70ml,DHC,12.5,Oil,"[""olea europaea  fruit oil"", ""caprylic/capric triglyceride"", ""sorbeth-30 tetraoleate"", ""pentylene glycol"", ""phenoxyethanol"", ""tocopherol"", ""stearyl glycyrrhetinate"", ""rosmarinus officinalis  leaf oil""]"
p00230,DHC Deep Cleansing Oil 200ml,DHC,24.0,Oil,"[""olea europaea  fruit oil"", ""caprylic/capric triglyceride"", ""sorbeth-30 tetraoleate"", ""pentylene glycol"", ""phenoxyethanol"", ""tocopherol"", ""stearyl glycyrrhetinate"", ""rosmarinus officinalis  leaf oil""]"
p00231,Pai Skincare Rosehip BioRegenerate Oil 30ml,Pai Skincare,24.0,Oil,"[""rosa canina seed extract"", ""rosa canina fruit extract"", ""tocopherol"", ""rosmarinus officinalis leaf extract""]"
p00232,Clinique Take The Day Off Cleansing Oil 200ml,Clinique,23.0,Oil,"[""cetyl ethylhexanoate"", ""triethylhexanoin"", ""peg-20 glyceryl triisostearate"", ""polybutene"", ""peg-8 diisostearate"", ""peg-12 diisostearate"", ""ppg-15 stearyl ether"", ""water\\aqua\\eau"", ""tocopheryl acetate"", ""glycerin"", ""caprylyl glycol"", ""glyceryl laurate"", ""bht""]"
p00233,"The Ordinary ""B"" Oil 30ml",The Ordinary,9.0,Oil,"[""caprylic/capric triglyceride"", ""squalane"", ""crambe abyssinica seed oil"", ""bisabolol"", ""simmondsia chinensis seed oil"", ""ethylhexyl stearate"", ""isochrysis galbana extract"", ""adansonia digitata seed oil"", ""argania spinosa kernel oil"", ""borago officinalis seed oil"", ""rosa canina seed oil"", ""sclerocarya birrea seed oil"", ""oenocarpus bataua fruit oil"", ""plukenetia volubilis seed oil"", ""bertholletia excelsa seed oil"", ""solanum lycopersicum  fruit extract"", ""hydroxymethoxyphenyl decanone"", ""rosmarinus officinalis  leaf extract"", ""tocopherol""]"
p00234,The Ordinary 100% Cold Pressed Virgin Marula Oil 30ml,The Ordinary,8.4,Oil,"[""sclerocarya birrea seed oil""]"
p00235,Caudalie Make-Up Removing Cleansing Oil 150ml,Caudalie,18.0,Oil,"[""helianthus annuus  seed oil"", ""polyglyceryl-4 oleate"", ""caprylic/capric triglyceride"", ""ricinus communis  seed oil"", ""prunus amygdalus dulcis  oil"", ""vitis vinifera  seed oil"", ""tocopherol"", ""parfum ""]"
p00236,NUXE Huile Prodigieuse Multi Usage Dry Oil 50ml,NUXE,18.5,Oil,"[""coco-caprylate/caprate"", ""macadamia integrifolia seed oil"", ""dicaprylyl ether"", ""caprylic/capric triglyceride"", ""prunus amygdalus dulcis  oil"", ""corylus avellana  seed oil"", ""camellia oleifera seed oil"", ""parfum/fragrance"", ""camellia japonica seed oil"", ""tocopherol"", ""argania spinosa kernel oil"", ""borago officinalis seed oil"", ""tocopheryl acetate"", ""helianthus annuus  seed oil"", ""rosmarinus officinalis  leaf extract"", ""polyglyceryl-3 diisostearate"", ""ascorbic acid"", ""solanum lycopersicum  fruit extract"", ""benzyl salicylate"", ""linalool"", ""limonene"", ""citronellol"", ""geraniol"", ""benzyl alcohol""]"
p00237,NUXE Huile Prodigieuse Multi Usage Dry Oil 100ml,NUXE,29.5,Oil,"[""coco-caprylate/caprate"", ""macadamia integrifolia seed oil"", ""dicaprylyl ether"", ""caprylic/capric triglyceride"", ""prunus amygdalus dulcis  oil"", ""corylus avellana  seed oil"", ""camellia oleifera seed oil"", ""parfum/fragrance"", ""camellia japonica seed oil"", ""tocopherol"", ""argania spinosa kernel oil"", ""borago officinalis seed oil"", ""tocopheryl acetate"", ""helianthus annuus  seed oil"", ""rosmarinus officinalis  leaf extract"", ""polyglyceryl-3 diisostearate"", ""ascorbic acid"", ""solanum lycopersicum  fruit extract"", ""benzyl salicylate"", ""linalool"", ""limonene"", ""citronellol"", ""geraniol"", ""benzyl alcohol""]"
p00238,Face by Skinny Tan Moisturising Oil Drops 30ml,Face by Skinny Tan,14.99,Oil,"[""water"", ""dihydroxyacetone"", ""peg-40 hydrogenated castor oil"", ""glycerin"", ""caramel"", ""xanthan gum"", ""sodium metabisulfite"", ""ethylhexylglycerin"", ""parfum"", ""aloe barbadensis  leaf juice"", ""paullinia cupana  seed extract"", ""citric acid"", ""phenoxyethanol"", ""sodium benzoate"", ""potassium sorbate""]"
p00239,The Ordinary 100% Organic Virgin Chia Seed Oil,The Ordinary,6.0,Oil,"[""salvia hispanica seed oil""]"
p00240,Mama Mio The Tummy Rub Oil 120ml,Mama Mio,27.0,Oil,"[""prunus amygdalus dulcis  oil"", ""fragrance"", ""argania spinosa kernel oil"", ""cocos nucifera  oil"", ""persea gratissima  oil"", ""limonene"", ""olea europaea  fruit oil"", ""rosa canina  fruit oil"", ""plukenetia volubilis  seed oil"", ""tocopherol"", ""tocopheryl acetate"", ""helianthus annuus  seed oil"", ""linalool"", ""citral"", ""evernia furfuracea  extract"", ""citronellol"", ""benzyl benzoate""]"
p00241,NUXE Huile Prodigieuse Golden Shimmer Multi Usage Dry Oil 50ml,NUXE,22.5,Oil,"[""coco-caprylate/caprate"", ""macadamia integrifolia seed oil"", ""dicaprylyl ether"", ""caprylic/capric triglyceride"", ""prunus amygdalus dulcis  oil"", ""corylus avellana  seed oil"", ""mica"", ""camellia oleifera seed oil"", ""parfum/fragrance"", ""silica"", ""camellia japonica seed oil"", ""tocopherol"", ""ci 77891/titanium dioxide"", ""argania spinosa kernel oil"", ""borago officinalis seed oil"", ""ci 77491/iron oxides"", ""tocopheryl acetate"", ""helianthus annuus  seed oil"", ""rosmarinus officinalis  leaf extract"", ""polyglyceryl-3 diisostearate"", ""ascorbic acid"", ""solanum lycopersicum  fruit extract"", ""benzyl salicylate"", ""linalool"", ""limonene"", ""citronellol"", ""geraniol"", ""benzyl alcohol""]"
p00242,"JASON Vitamin E 5,000iu Oil - All Over Body Nourishment 118ml",JASON,7.49,Oil,"[""helianthus annuus  seed oil"", ""carthamus tinctorius  seed oil"", ""tocopheryl acetate"", ""tocopherol"", ""oryza sativa  bran oil"", ""prunus amygdalus dulcis  seed oil"", ""prunus armeniaca  kernel oil"", ""persea gratissima  oil"", ""triticum vulgare  germ oil"", ""lecithin""]"
p00243,Elizabeth Arden Eight Hour All-Over Miracle Oil (100ml),Elizabeth Arden,29.0,Oil,"[""oryza sativa  bran oil"", ""vitis vinifera  seed oil"", ""camellia japonica seed oil"", ""isopropyl myristate"", ""isopropyl palmitate"", ""ethylhexyl palmitate"", ""isononyl isononanoate"", ""prunus armeniaca  kernel oil"", ""olea europaea  fruit oil"", ""persea gratissima  oil"", ""boswellia serrata resin extract"", ""diethylhexyl syringylidenemalonate"", ""helianthus annuus  seed oil"", ""parfum/fragrance"", ""ricinus communis  seed oil"", ""rosmarinus officinalis  leaf extract"", ""tocopheryl acetate"", ""zingiber officinale  root extract"", ""butylphenyl methylpropional"", ""linalool"", ""benzophenone-3"", ""butyl methoxydibenzoylmethane"", ""ethylhexyl salicylate"", ""beta-carotene ""]"
p00244,Elemis Superfood Facial Oil 15ml,Elemis,45.0,Oil,"[""prunus amygdalus dulcis  oil"", ""caprylic/capric triglyceride"", ""limnanthes alba  seed oil"", ""linum usitatissimum  seed oil"", ""macadamia ternifolia seed oil"", ""oryza sativa  bran oil"", ""papaver somniferum  seed oil"", ""rosa canina  fruit oil"", ""squalane"", ""raphanus sativus  seed extract"", ""cucumis sativus  oil"", ""brassica oleracea italica  seed oil"", ""fragrance"", ""limonene"", ""citrus aurantium dulcis  peel oil"", ""amyris balsamifera bark oil"", ""cymbopogon martini  oil"", ""geraniol"", ""linalool"", ""rosmarinus officinalis  leaf oil"", ""daucus carota sativa  seed oil"", ""tocopherol"", ""helianthus annuus  seed oil"", ""benzyl benzoate"", ""farnesol"", ""citral"", ""benzyl salicylate"", ""rosmarinus officinalis  leaf extract""]"
p00245,bareMinerals OIL OBSESSED Oil Cleanser,bareMinerals,24.0,Oil,"[""carthamus tinctorius  seed oil"", ""coconut alkanes"", ""pentaerythrityl tetraethylhexanoate"", ""sorbeth-30 tetraisostearate"", ""squalane"", ""coco-caprylate/caprate"", ""water"", ""tocopherol"", ""borago officinalis seed oil"", ""cucumis sativus  seed oil"", ""vaccinium myrtillus seed oil"", ""helianthus annuus  seed oil"", ""sea salt"", ""fragrance"", ""limonene"", ""linalool"", ""phenoxyethanol""]"
p00246,Bondi Sands Liquid Gold Self Tanning Oil 150ml,Bondi Sands,11.99,Oil,"[""water"", ""glycerin"", ""dihydroxyacetone"", ""peg-40 hydrogenated castor oil"", ""dimethyl isosorbide"", ""erythrulose"", ""pentylene glycol"", ""sodium metabisulfite"", ""peg-7 glyceryl cocoate"", ""fragrance"", ""1"", ""2-hexanediol"", ""caprylyl glycol"", ""phenoxyethanol"", ""ammonium acryloyldimethyltaurate/vp"", ""copolymer"", ""hydrolyzed jojoba esters"", ""cocos nucifera  oil"", ""argania spinosa kernel oil"", ""tocopheryl acetate"", ""xanthan gum"", ""coumarin"", ""ci 14700"", ""ci 19140"", ""ci 42090""]"
p00247,Indeed Labs Squalane Facial Oil 30ml,Indeed Labs,19.99,Oil,"[""100% pure squalane oil""]"
p00248,TanOrganic Self-Tanning Oil - Brown (100ml),TanOrganic,18.74,Oil,"[""propanediol"", ""water"", ""aloe barbadensis leaf juice"", ""dihydroxyacetone"", ""alcohol denat"", ""borago officinalis  seed oil"", ""argania spinosa kernel oil"", ""citrus sinesis  peel oil"", ""gluconolactone & sodium benzoate"", ""cellulose gum"", ""decyl glucoside"", ""caramel"", ""d-limonene""]"
p00249,Caudalie VineActiv Overnight Detox Oil 30ml,Caudalie,30.0,Oil,"[""caprylic/capric triglyceride"", ""vitis vinifera  seed oil"", ""prunus amygdalus dulcis  oil"", ""rosa canina fruit oil"", ""citrus aurantium amara  leaf/twig oil"", ""daucus carota sativa  seed oil"", ""santalum album  oil"", ""helianthus annuus  seed oil"", ""citrus aurantium amara  flower oil"", ""lavandula angustifolia  oil"", ""rosmarinus officinalis  leaf extract"", ""citral"", ""limonene"", ""geraniol"", ""linalool"", ""farnesol""]"
p00250,Mama Mio The Tummy Rub Oil 200ml,Mama Mio,35.0,Oil,"[""prunus amygdalus dulcis  oil"", ""fragrance"", ""argania spinosa kernel oil"", ""cocos nucifera  oil"", ""persea gratissima  oil"", ""limonene"", ""olea europaea  fruit oil"", ""rosa canina  fruit oil"", ""plukenetia volubilis  seed oil"", ""tocopherol"", ""tocopheryl acetate"", ""helianthus annuus  seed oil"", ""linalool"", ""citral"", ""evernia furfuracea  extract"", ""citronellol"", ""benzyl benzoate""]"
p00251,NUXE Sun Tanning Oil Face and Body SPF 30 (150ml),NUXE,19.5,Oil,"[""coco-caprylate/caprate"", ""c12-15 alkyl benzoate"", ""dibutyl adipate"", ""diethylamino hydroxybenzoyl hexyl benzoate"", ""diethylhexyl succinate"", ""ethylhexyl triazone"", ""helianthus annuus  seed oil"", ""macadamia integrifolia seed oil"", ""methylheptyl isostearate"", ""bis-ethylhexyloxyphenol methoxyphenyl triazine"", ""phenyl trimethicone"", ""parfum/fragrance"", ""butyrospermum parkii  butter"", ""tocopherol"", ""tocopheryl acetate"", ""eichhornia crassipes extract"", ""ethyl ferulate"", ""polyglyceryl-5 trioleate"", ""water"", ""fagraea berteroana flower extract"", ""rosmarinus officinalis  leaf extract"", ""solanum lycopersicum  fruit extract"", ""disodium uridine phosphate"", ""citric acid"", ""benzyl salicylate"", ""limonene"", ""linalool"", ""geraniol"", ""citronellol""]"
p00252,Sarah Chapman Skinesis Supersize Overnight Facial Oil 30ml,Sarah Chapman,84.0,Oil,"[""simmondsia chinensis  seed oil"", ""cetearyl ethylhexanoate"", ""cyclopentasiloxane"", ""cyclohexasiloxane"", ""di-ppg-2 myreth-10 adipate"", ""caprylic/capric triglyceride"", ""tetrahexyldecyl ascorbate"", ""ethylene/propylene/styrene copolymer"", ""peg-4"", ""phenyl trimethicone"", ""limnanthes alba  seed oil"", ""crambe abyssinica seed oil"", ""c12-15 alkyl benzoate"", ""cannabis sativa seed oil"", ""butylene/ethylene/styrene copolymer"", ""tocopheryl linoleate/oleate"", ""tocopheryl acetate"", ""hydroxycinnamic acid"", ""ubiquinone"", ""tribehenin"", ""teprenone"", ""retinyl palmitate"", ""ceramide 2"", ""peg-10 phytosterol"", ""thioctic acid"", ""palmitoyl hexapeptide-12"", ""adansonia digitata seed oil"", ""cedrus atlantica bark oil"", ""parfum"", ""jasminum officinale flower extract"", ""santalum spicata wood oil"", ""citrus paradisi peel oil"", ""pelargonium graveolens flower oil"", ""cananga odorata flower oil"", ""rosa damascena flower oil"", ""dalbergia sissoo wood oil"", ""anthemis nobilis flower oil"", ""lavandula angustifolia oil"", ""citrus aurantium bergamia fruit oil"", ""linalool"", ""limonene"", ""benzyl benzoate"", ""citronellol"", ""geraniol"", ""farnesol"", ""benzyl cinnamate"", ""benzyl salicylate"", ""eugenol"", ""benzyl alcohol"", ""citral"", ""hydroxycitronellal""]"
p00253,"JASON Vitamin E 32,000iu Oil - Scar & Stretch Mark Treatment 30ml",JASON,9.49,Oil,"[""tocopheryl acetate""]"
p00254,Bondi Sands Everyday Liquid Gold Gradual Tanning Oil 270ml,Bondi Sands,11.19,Oil,"[""water"", ""glycerin"", ""dihydroxyacetone"", ""peg-8"", ""peg-40 hydrogenated castor oil"", ""dimethyl isosorbide"", ""pentylene glycol"", ""sodium metabisulfite"", ""peg-7 glyceryl cocoate"", ""fragrance"", ""phenoxyethanol"", ""1"", ""2-hexanediol"", ""caprylyl glycol"", ""erythrulose"", ""sodium acryloyldimethyltaurate/vp crosspolymer"", ""hydrolysed jojoba esters"", ""coumarin"", ""xanthan gum"", ""argania spinosa kernel oil"", ""tocopheryl acetate"", ""cocos nucifera  oil""]"
p00255,Trilogy Certified Organic Rosehip Oil 20ml,Trilogy,19.5,Oil,"[""rosehip oil""]"
p00256,Elizabeth Arden Ceramide Cleansing Face Oil (195ml),Elizabeth Arden,25.0,Oil,"[""prunus armeniaca  kernel oil"", ""carthamus tinctorius  seed oil"", ""olea europaea  fruit oil"", ""caprylic/capric triglyceride"", ""peg-20 glyceryl triisostearate"", ""parfum/fragrance"", ""butylphenyl methylpropional"", ""limonene"", ""linalool""]"
p00257,Trilogy Certified Organic Rosehip Oil 45ml,Trilogy,34.5,Oil,"[""rosehip oil""]"
p00258,BBB London Luscious Lash Oil 7.5ml,BBB London,24.0,Oil,"[""prunus armeniaca  kernel oil"", ""olea europaea  fruit oil"", ""ricinus communis  seed oil"", ""peg-40\u00a0hydrogenated castor oil"", ""fumed silica"", ""glycerin"", ""panthenol"", ""simmondsia chinensis  seed oil"", ""cananga odorata\u00a0 flower oil"", ""rosmarinus officinalis  oil"", ""jasmine officinale  oil"", ""bambusa\u00a0arundinacea  stem extract"", ""limonene"", ""linalool"", ""benzyl benzoate"", ""farnesol"", ""benzyl salicylate""]"
p00259,PIXI Rose Oil Blend 30ml,PIXI,26.0,Oil,"[""prunus amygdalus dulcis  oil"", ""rosa canina fruit oil"", ""simmondsia chinensis  seed oil"", ""tocopherol"", ""pelargonium graveolens flower oil"", ""rosa damascena flower oil"", ""punica granatum seed oil"", ""citrus aurantium dulcis  peel oil""]"
p00260,Sanctuary Spa Calming CBD Oil 45ml,Sanctuary Spa,12.5,Oil,"[""paraffinum liquidum"", ""helianthus annuus  seed oil"", ""glycine soja  oil"", ""polysorbate 85"", ""parfum"", ""cocos nucifera  oil"", ""silica"", ""camellia oleifera seed oil"", ""linalool"", ""hexyl cinnamal"", ""tocopheryl acetate"", ""lavandula angustifolia  oil"", ""limonene"", ""citronellol"", ""tocopherol"", ""coumarin"", ""cannabidiol"", ""boswellia carterii oil"", ""rosmarinus officinalis  extract"", ""cinnamyl alcohol"", ""benzyl salicylate"", ""eugenol"", ""hydroxycitronellal"", ""alpha-isomethyl ionone"", ""geraniol"", ""benzyl alcohol""]"
p00261,Sukin Rose Hip Oil (25ml),Sukin,13.95,Oil,"[""rosa eglantaria  oil""]"
p00262,Sanctuary Spa 10-in-1 Super Secret Facial Oil 30ml,Sanctuary Spa,20.0,Oil,"[""glycine soja  oil"", ""prunus persica  kernel oil"", ""simmondsia chinensis  seed oil"", ""triticum vulgare  germ oil"", ""macadamia ternifolia seed oil"", ""rosa canina fruit oil"", ""plukenetia volubilis seed oil"", ""tocopheryl acetate"", ""caprylic/capric triglyceride"", ""caryodendron orinocense seed oil"", ""geraniol"", ""citronellol"", ""rosa centifolia flower extract"", ""linalool"", ""citral"", ""rosa damascena flower oil"", ""rosa hybrid flower extract""]"
p00263,REN Clean Skincare Bio Retinoid Anti-Wrinkle Concentrate Oil,REN,47.0,Oil,"[""rosa rubiginosa seed oil"", ""glycine soja  oil"", ""gossypium harbaceum  seed oil"", ""bidens pilosa extract"", ""bakuchiol"", ""hippophae rhamnoides fruit extract"", ""parfum"", ""linum usitatissimum  seed oil"", ""tocopherol"", ""linalool""]"
p00264,BBB London Nourishing Brow Oil 11ml,BBB London,22.0,Oil,"[""prunus amygdalus dulcis  oil"", ""rosmarinus officinalis  oil"", ""lavandula angustifolia  oil"", ""santalum album  oil"", ""limonene"", ""linalool""]"
p00265,Sanctuary Spa Melt Away Cleansing Oil 150ml,Sanctuary Spa,12.0,Oil,"[""paraffinum liquidum"", ""polysorbate 85"", ""isopropyl myristate"", ""persea gratissima  oil"", ""glycine soja  oil"", ""argania spinosa kernel oil"", ""simmondsia chinensis  seed oil"", ""tocopheryl acetate"", ""linalool"", ""lavandula angustifolia  oil"", ""anthemis nobilis flower oil"", ""citrus aurantium amara  flower oil"", ""limonene"", ""geraniol"", ""farnesol"", ""citric acid""]"
p00266,DECLÉOR Aroma Nutrition Softening Dry Oil (100ml),DECLÉOR,28.0,Oil,"[""frankincense essential oil"", ""rose essential oil"", ""sweet almond plant oil"", ""japanese camellia plant oil"", ""orange essential oil"", ""coconut oil"", ""palm plant oil"", ""musk rose plant oil"", ""avocado oil""]"
p00267,Elemis Pro-Collagen Marine Oil 15ml,Elemis,67.0,Oil,"[""coco-caprylate"", ""isoamyl cocoate"", ""simmondsia chinensis  seed oil"", ""papaver orientale  seed oil"", ""oleic/linoleic/linolenic polyglycerides"", ""crambe abyssinica  seed oil"", ""caprylic/capric triglyceride"", ""helianthus annuus  seed oil"", ""lavandula angustifolia  oil"", ""linalool"", ""lavandula hybrida oil"", ""pelargonium graveolens  flower oil"", ""geraniol"", ""eucalyptus globulus leaf oil"", ""laminaria digitata  extract"", ""laminaria ochroleuca  extract"", ""tocopherol"", ""anthemis nobilis  flower oil"", ""citronellol"", ""cinnamomum camphora  wood oil"", ""limonene"", ""mentha arvensis  leaf oil"", ""citrus aurantium dulcis  oil"", ""fragrance"", ""vitis vinifera  seed oil"", ""padina pavonica thallus extract"", ""menthol"", ""eugenia caryophyllus  leaf oil"", ""citral""]"
p00268,DECLÉOR Aromessence Ylang Cananga Anti-Blemish Oil Serum,DECLÉOR,33.6,Oil,"[""coryllus avellana seed oil/hazelnut seed oil"", ""zea mays oil/corn oil"", ""macadamia integrifolia seed oil"", ""passiflora edulis seed oil"", ""linalool"", ""lavandula angustifolia oil/lavender oil"", ""salvia sclarea oil/clary oil"", ""cananga odorata flower oil"", ""jasmimum officinale oil/jasmine oil"", ""tocopherol"", ""rosmarinus officinalis leaf oil/rosemary leaf oil"", ""benzyl alcohol"", ""citrus aurantium amara flower oil/bitter orange flower oil"", ""benzyl benzoate"", ""limonene"", ""piper nigrum fruit oil/pepper fruit oil"", ""geraniol"", ""helianthus annuus seed oil/sunflower seed oil"", ""benzyl salicylate"", ""farnesol"", ""origanum heracleoticum flower oil"", ""eugenol"", ""citral"", ""isoeugenol"", ""coumarin""]"
p00269,The Chemistry Brand Glow Oil 100ml,The Chemistry Brand,20.0,Oil,"[""water"", ""glycerin"", ""erythrulose"", ""olive oil peg-7 esters"", ""peg-10 sunflower glycerides"", ""peg-16 macadamia glycerides"", ""propanediol"", ""pentylene glycol"", ""titanium dioxide"", ""mica"", ""dimethyl isosorbide"", ""ppg-26-buteth-26"", ""acetyl hexapeptide-1"", ""superoxide dismutase"", ""polypodium vulgare rhizome extract"", ""cetraria islandica thallus extract"", ""sphagnum magellanicum extract"", ""dextran"", ""citric acid"", ""phytic acid"", ""peg-40 hydrogenated castor oil"", ""ethoxydiglycol"", ""tin oxide"", ""caprylyl glycol"", ""1"", ""2-hexanediol"", ""parfum"", ""limonene"", ""linalool""]"
p00270,Sanctuary Spa Overnight Replenishing Miracle Oil 30ml,Sanctuary Spa,20.0,Oil,"[""helianthus annuus  seed oil"", ""simmondsia chinensis  seed oil"", ""triticum vulgare  germ oil"", ""rosa rubiginosa seed oil"", ""caprilic/capric triglyceride"", ""lavandula angustifolia  oil"", ""linalool"", ""punica granatum seed oil"", ""geranylgenarylisopropanol"", ""anthemis nobilis flower oil"", ""citrus aurantium amara  flower oil"", ""limonene"", ""geraniol""]"
p00271,DHC Pore Cleansing Oil (150ml),DHC,25.0,Oil,"[""ethylhexyl palmitate"", ""glycerin"", ""polyglyceryl-5 dioleate"", ""triethylhexanoin"", ""water/aqua/eau"", ""polyglyceryl-6 caprylate"", ""isostearyl alcohol"", ""caprylic/capric triglyceride"", ""isopropyl lauroyl sacronsinate"", ""phenoxyethanol"", ""citrus grandis  peel extract"", ""cocos nucifera  oil"", ""argania spinosa  kernel oil"", ""citrus reticulate  peel extract"", ""oenothera biennis  oil"", ""olea europaea  fruit oil"", ""vitis vinifera  seed oil"", ""simmondsia chinensis  seed oil"", ""butyl avocadate"", ""sesamum indicum  seed oil"", ""calendula officinalis flower extract"", ""tocopherol"", ""oryza sativa  bran oil"", ""butylene glycol"", ""punica granatum extract"", ""10-hydroxydecanoic acid"", ""sebacic acid"", ""1"", ""10-decanediol"", ""ascorbyl palmitate"", ""propyl gallate"", ""limonene""]"
p00272,L’Oréal Paris Extraordinary Oil Sleeping Oil Night Cream (50ml),L’Oréal,14.99,Oil,"[""aqua / water"", ""alcohol denat"", ""glycerin"", ""dimethicone"", ""triethanolamine"", ""carbomer"", ""argania spinosa kernel oil"", ""polyacrylamide"", ""rosa caninafruit oil"", ""imperata cylindrica root extract"", ""rosmarinus officinalis leaf oil / rosemaryleaf oil"", ""tin oxide"", ""c13-14 isoparaffin"", ""lavandula angustifolia oil / lavender oil"", ""royaljelly extract"", ""dimethiconol"", ""sodium citrate"", ""sodium hyaluronate"", ""silica"", ""propyleneglycol"", ""caprylyl glycol"", ""citric acid"", ""laureth-7"", ""synthetic fluorphlogopite"", ""biotin"", ""acrylates/c10-30 alkyl acrylate crosspolymer"", ""tocopheryl acetate"", ""propyl gallate"", ""phenoxyethanol"", ""ci 14700 / red 4"", ""ci 19140 / yellow 5"", ""ci 77891 / titanium dioxide"", ""linalool"", ""geraniol"", ""eugenol"", ""coumarin"", ""limonene"", ""citral"", ""citronellol"", ""benzyl alcohol"", ""parfum /fragrance""]"
p00273,REN Clean Skincare Vita Mineral Omega 3 Optimum Skin Oil,REN,28.0,Oil,"[""caprylic/capric triglyceride"", ""triticum vulgare  germ oil"", ""camelina sativa oil"", ""rosa canina fruit oil"", ""phaeodactylum tricornotum extract"", ""bisabolol"", ""parfum"", ""linalool"", ""limonene"", ""tocopherol""]"
p00274,Bondi Sands Sunscreen SPF15 Oil 150ml,Bondi Sands,6.39,Oil,"[""cocoglycerides"", ""ethylhexyl palmitate"", ""isopropyl palmitate"", ""caprylic/capric triglyceride"", ""octocrylene"", ""ethylhexyl salicylate"", ""alcohol"", ""ppg-15 stearyl ether"", ""butl methoxydibenzoylmethane"", ""ethylhexyl triazone"", ""polyamide-8"", ""parfum"", ""tocopheryl acetate"", ""bht"", ""coumarin"", ""limonene"", ""hydroxycitronellal"", ""butylphenyl methylpropional"", ""alpha-isomethyl ionone""]"
p00275,PIXI Jasmine Oil Blend 30ml,PIXI,26.0,Oil,"[""prunus dulcis  oil"", ""caprylic/capric triglyceride"", ""simmondsia chinensis  seed oil"", ""helianthus annuus  seed oil"", ""persea gratissima  oil"", ""vitis vinifera  seed oil"", ""rosmarin us officialis  leaf extract"", ""oryza sativa  bran extract"", ""helianthus annuus  extract"", ""cocos nucifera  oil"", ""tocopherol"", ""rosa damascena flower oil"", ""punica granatum seed oil"", ""anthemis nobilis flower oil"", ""carthamus tinctorius  seed oil"", ""chamomilla recutita  flower extract"", ""oenothera blennis  root extract"", ""vaccinium macrocarpon  seed oil"", ""salvia hispanica seed oil"", ""tanacetum annuum flower oil"", ""jasminum officinale  oil"", ""jasminum officinale  flower/leaf extract"", ""lavandula angustifolia  flower/leaf/stem extract"", ""eugenia caryophyllus  flower extract"", ""vitis vinifera  fruit extract"", ""boswellia carterii gum extract""]"
p00276,Freezeframe Stretch Mark Eraser 80ml,Freezeframe,31.97,Oil,"[""caprylic/caprictriglyceride"", ""glycine soja  oil"", ""c12-15"", ""alkyl benzoate"", ""cyclopentasiloxane"", ""stearalkonium hectorite"", ""undecane"", ""tridecane"", ""cetearyl ethylhexanoate"", ""water"", ""caprylyl/capryl glucoside"", ""lecithin"", ""glycerin"", ""pseudoalteromonas ferment extract"", ""acetyl tripeptide-30"", ""isopropyl palmiate"", ""theobroma cacao  seed butter"", ""dimethicone"", ""phospholipids"", ""swertia chirata extract"", ""citrulline"", ""tocopheryl acetate"", ""pentapeptide-18"", ""xanthan gum"", ""caprylyl glycol"", ""propylene carbonate"", ""urea"", ""potassium sorbate"", ""phenoxyethanol""]"
p00277,MONU Firming Fiji Facial Oil (180ml),MONU,26.95,Oil,"[""vitis vinifera  seed oil"", ""prunus armeniaca  kernel oil"", ""pogostemon cablin oil"", ""linalool"", ""corylus avellana  seed oil"", ""tocopherol"", ""aniba rosaeodora  wood oil"", ""geraniol"", ""benzyl benzoate"", ""limonene""]"
p00278,Bondi Sands Sunscreen SPF30 Oil 150ml,Bondi Sands,6.39,Oil,"[""cocoglycerides"", ""ethylhexyl palmitate"", ""isopropyl palmitate"", ""caprylic/capric triglyceride"", ""octocrylene"", ""ethylhexyl salicylate"", ""alcohol"", ""ppg-15 stearyl ether"", ""butl methoxydibenzoylmethane"", ""ethylhexyl triazone"", ""polyamide-8"", ""parfum"", ""tocopheryl acetate"", ""bht"", ""coumarin"", ""limonene"", ""hydroxycitronellal"", ""butylphenyl methylpropional"", ""alpha-isomethyl ionone""]"
p00279,L'Oréal Paris Extraordinary Oil Cream 50ml,L'Oréal Paris,14.99,Oil,"[""oregano"", ""citronella"", ""melissa"", ""lemongrass"", ""clove"", ""rosemary"", ""lavender"", ""camomile""]"
p00280,Darphin The Revitalising Oil (50ml),Darphin,25.0,Oil,"[""prunus amygdalus dulcis  oil"", ""prunus armeniaca  kernel oil"", ""simmondsia chinensis  seed oil"", ""helianthus annuus  seed oil"", ""polysorbate 60"", ""oenothera biennis  oil"", ""argania spinosa kernel oil"", ""cananga odorata flower oil"", ""pelargonium graveolens  flower oil"", ""aniba rosaeodorata  wood oil"", ""squalane"", ""linoleic acid"", ""calophyllum inophyllum  seed oil"", ""rubus idaeus  seed oil"", ""rosa canina  fruit oil"", ""cholesterol"", ""lavandula angustifolia  oil"", ""vanilla planifolia fruit extract"", ""anogeissus leocarpus bark extract"", ""jasminum officinale  flower extract"", ""triticum vulgare  germ extract"", ""hordeum vulgare  extract"", ""coffea arabica  seed extract"", ""tocopheryl acetate"", ""tetrahexyldecyl ascorbate"", ""water"", ""citronellol"", ""geraniol"", ""benzyl salicylate"", ""farnesol"", ""linalool"", ""limonene""]"
p00281,Balance Me Radiance Face Oil 30ml,Balance Me,24.0,Oil,"[""prunus amygdalus dulcis  oil"", ""vitis vinifera  seed oil"", ""aleurites moluccana  seed oil"", ""simmondsia\u00a0chinensis  seed oil"", ""rosa canina  fruit oil"", ""mauritia flexuosa  nut oil"", ""moringa oleifera  seed\u00a0oil"", ""camellia oleifera  seed oil"", ""tocopherol"", ""anthemis nobilis  flower oil"", ""achillea\u00a0millefolium  leaf oil"", ""styrax benzoin  resin"", ""limonene"", ""linalool"", ""geraniol"", ""citronellol""]"
p00282,AromaWorks Rejuvenate Face Serum Oil 30ml,AromaWorks,14.99,Oil,"[""capric/carprylic triglyceride"", ""moringa oleifera seed oil"", ""simondsia chinesis  seed oil"", ""rosa centifolia flower oil"", ""boswellia carteri  oil"", ""daucus carota sativa  seed oil"", ""jasmin officinale  oil"", ""citrus aurantium  oil"", ""bergamot  fruit oil"", ""angustifolium flower oil"", ""tocopherol"", ""hippophae rhamnoides  oil"", ""limonene"", ""gernaniol"", ""citronellol"", ""linalool""]"
p00283,Peter Thomas Roth Oiless Oil 100% Purified Squalane,Peter Thomas Roth,32.0,Oil,"[""squalane""]"
p00284,Rodial Vitamin C Deluxe Drops 10ml,Rodial,27.0,Oil,"[""water"", ""butylene glycol"", ""babassu oil glycereth-8 esters"", ""ascorbyl glucoside"", ""olive oil peg-7 esters"", ""almond oil peg-8 esters"", ""peg-40 hydrogenated castor oil"", ""phenoxyethanol"", ""ammonium acryloyldimethyltaurate/vp copolymer"", ""panthenol"", ""benzyl alcohol"", ""sodium hydroxide"", ""helianthus annuus  seed oil"", ""disodium edta"", ""ethylhexylglycerin"", ""parfum"", ""limonene"", ""dehydroacetic acid"", ""geraniol"", ""linalool"", ""beta-carotene"", ""daucus carota sativa  root extract"", ""daucus carota sativa  seed oil"", ""ascorbyl palmitate""]"
p00285,Aurelia Probiotic Skincare Cell Repair Night Oil 50ml,Aurelia,49.6,Oil,"[""prunus amygdalus dulcis oil"", ""cannabis sativa oil"", ""triticum vulgare oil"", ""olea\u00a0europaea  fruit oil"", ""schinziophyton rautanenii kernel oil"", ""citrullus lanatus seed oil"", ""punica granatum seed oil"", ""adansonia digitata  seed oil"", ""kigelia africana fruit\u00a0extract"", ""helianthus annus  seed oil"", ""hibiscus sabdariffa flower extract"", ""citrus aurantium dulcis flower oil"", ""citrus nobilis peel oil"", ""lavandula angustifolia oil"", ""rosa damascena flower oil"", ""tocopherol"", ""tocopheryl acetate"", ""limonene"", ""linalool"", ""citronellol"", ""geraniol"", ""hydroxycitronellal"", ""citral""]"
p00286,Garnier Organic Lavandin Glow Oil 30ml,Garnier,11.99,Oil,"[""caprylic/capric triglyceride"", ""olea europaea fruit oil / olive fruit oil"", ""simmondsia chinensis seed oil / jojoba seed oil"", ""argania spinosa kernel oil"", ""lavandula hybrida oil"", ""camelina sativa seed oil"", ""helianthus annuus seed oil / sunflower seed oil"", ""citric acid"", ""tocopherol"", ""linalool"", ""geraniol"", ""limonene"", ""citronellol"", ""parfum / fragrance""]"
p00287,Moroccanoil Shimmering Body Oil 50ml,Moroccanoil,37.0,Oil,"[""caprylic/ capric triglyceride"", ""sesamum indicum  seed oil"", ""argania spinosa  kernel oil"", ""parfum/fragrance"", ""trihydroxystearin"", ""mica"", ""ci 77491"", ""alpha-isomethyl ionone"", ""butylphenyl methylpropional"", ""linalool"", ""eugenol"", ""hydroxyisohexyl 3-cyclohexene carboxaldehyde""]"
p00288,LIXIRSKIN Night Switch Essential Lipids 15ml,LIXIRSKIN,24.0,Oil,"[""rubus idaeus  seed oil"", ""oenothera biennis  oil"", ""glycine soya  oil"", ""almond/borage/linseed/olive acids/glycerides"", ""olive glycerides"", ""cananga odorata flower oil"", ""tocopherol"", ""ceramide 3"", ""pelargonium graveolens flower oil"", ""rosa damascena flower extract"", ""citronellol"", ""linalool"", ""benzyl benzoate"", ""geraniol"", ""benzyl salicylate"", ""farnesol"", ""eugenol"", ""citral"", ""isoeugenol"", ""limonene""]"
p00289,Trilogy Rosehip Oil Antioxidant+ 30ml,Trilogy,31.5,Oil,"[""certified organic rosehip oil"", ""tomato seed oil"", ""cranberry seed oil"", ""acai fruit oil"", ""oat kernel extract"", ""rosa canina  seed oil"", ""solanum lycopersicum  seed oil"", ""caprylic/capric triglyceride"", ""vaccinium macrocarpon  seed oil"", ""helianthus annuus  seed oil"", ""euterpe oleracea  fruit oil"", ""avena sativa  kernel extract""]"
p00290,Erno Laszlo Detoxifying Cleansing Oil 195ml,Erno,55.0,Oil,"[""water"", ""disodium laureth sulfosuccinate"", ""butylene glycol"", ""polysorbate 20"", ""acrylates/c10-30 alkyl acrylate crosspolymer"", ""butyrospermum parkii  seedcake extract"", ""sodium lauryl sulfoacetate"", ""disodium cocoamphodiacetate"", ""simmondsia chinensis  seed oil"", ""olea europaea  fruit oil"", ""vitis vinifera  seed oil"", ""sea water"", ""tocopheryl acetate"", ""charcoal powder"", ""disodium edta"", ""sodium hydroxide"", ""hexylene glycol"", ""caprylyl glycol"", ""phenoxyethanol"", ""chlorphenesin"", ""parfum ""]"
p00291,Manuka Doctor 24K Gold & Manuka Honey Face Oil 12ml,Manuka Doctor,15.99,Oil,"[""helianthus annuus  seed oil"", ""prunus amygdalus dulcis  oil"", ""simmondsia chinensis  seed oil"", ""adansonia digitata seed oil"", ""silica"", ""argania spinosa kernel oil"", ""sclerocarya birrea seed oil"", ""vaccinium macrocarpon  seed oil"", ""mica"", ""tocopherol"", ""tocopheryl acetate"", ""parfum"", ""mel  extract"", ""limonene"", ""linalool"", ""citral"", ""ci 77891"", ""ci 77491"", ""ci 77480""]"
p00292,Natio Ageless Rosehip Oil Cold Pressed 15ml,Natio,13.6,Oil,"[""rosa canina seed  oil"", ""pelargonium graveolens leaf  oil"", ""rosmarinus officinalis  extract""]"
p00293,Weleda Almond Soothing Facial Oil (50ml),Weleda,18.95,Oil,"[""prunus amygdalus dulcis  oil"", ""prunus domestica seed oil"", ""prunus spinosa flower extract""]"
p00294,Trilogy CoQ10 Booster Oil 20ml,Trilogy,31.5,Oil,"[""macadamia ternifolia seed oil"", ""simmondsia chinensis  seed oil"", ""helianthus annuus seed oil"", ""salvia hispanica  seed oil"", ""nigella sativa"", ""calophyllum tacamahaca  seed oil"", ""ubiquinone"", ""euterpe oleracea fruit oil  tocopherol"", ""vaccinium angustifolia  seed oil"", ""fragaria vesca  seed oil"", ""punica granatum  seed oil"", ""parfum"", ""citral"", ""geraniol"", ""citronellol"", ""limonene"", ""linalool""]"
p00295,DHC Olive Virgin Oil (30ml),DHC,36.5,Oil,"[""olea europaea  fruit oil""]"
p00296,Manuka Doctor Replenishing Facial Oil 25ml,Manuka Doctor,20.99,Oil,"[""corylus avellana  seed oil"", ""prunus amygdalus dulcis  oil"", ""persea gratissima  oil"", ""vitis vinifera  seed oil"", ""triticum vulgare  germ oil"", ""rosa eglentaria  seed oil"", ""parfum"", ""leptospermum scoparium branch/leaf oil"", ""oenothera biennis  oil"", ""vaccinium macrocarpon  seed oil"", ""helianthus annuus  seed oil"", ""argania spinosa kernel oil"", ""borago officinalis  seed oil"", ""prunus domestica  seed oil"", ""prunus persica  kernel oil"", ""ribes nigrum  seed oil"", ""rubus idaeus  seed oil"", ""tocopheryl acetate"", ""beta-carotene"", ""daucus carota sativa  root extract"", ""daucus carota sativa  seed oil"", ""ascorbyl palmitate"", ""citronellol"", ""coumarin"", ""hydroxyisohexyl 3-cyclohexene carboxaldehyde"", ""butylphenyl methylpropional"", ""limonene"", ""linalool"", ""alpha-isomethyl ionone""]"
p00297,Elemis Pro-Definition Facial Oil 15ml,Elemis,67.0,Oil,"[""caprylic/capric triglyceride"", ""simmondsia chinensis  seed oil"", ""prunus amygdalus dulcis  oil"", ""sesamum indicum  seed oil"", ""oenothera biennis  oil"", ""phospholipids"", ""glycine soja  oil"", ""isopropyl palmitate"", ""fragrance"", ""perilla ocymoides seed oil"", ""glycolipids"", ""lecithin"", ""glycine soja  sterols"", ""opuntia ficus-indica  seed oil"", ""linalool"", ""limonene"", ""citronellol"", ""tocopherol"", ""aqua/water/eau"", ""helianthus annuus  seed oil"", ""swertia chirata  extract"", ""citral"", ""boswellia carterii  oil"", ""cymbopogon martini oil"", ""salvia sclarea  oil"", ""rubus idaeus  leaf cell culture""]"
p00298,First Aid Beauty Ultra Repair Oat & Cannabis Sativa Seed Oil 30ml,First Aid Beauty,30.0,Oil,"[""simmondsia chinensis  seed oil"", ""isodecyl neopentanoate"", ""colloidal oatmeal"", ""cannabis sativa seed oil"", ""borago officinalis seed oil"", ""rosmarinus officinalis  leaf oil"", ""persea gratissima  oil"", ""butyrospermum parkii  oil"", ""oryza sativa  bran extract"", ""camellia sinensis leaf extract"", ""ribes nigrum  seed extract"", ""chlorella vulgaris extract"", ""panax ginseng root extract"", ""chrysanthemum parthenium  extract"", ""glycyrrhiza glabra  root extract"", ""arnica montana flower extract"", ""glycerin"", ""vitis vinifera  seed oil"", ""tocopheryl acetate"", ""ricinoleth-40"", ""butylene glycol"", ""water"", ""leuconostoc/radish root ferment filtrate"", ""phenoxyethanol"", ""edta"", ""citric acid"", ""limonene"", ""linalool""]"
p00299,Estée Lauder Revitalizing Supreme+ Nourishing and Hydrating Dual Phase Treatment Oil 30ml,Estée Lauder,44.1,Oil,"[""water\\aqua\\eau"", ""neopentyl glycol diheptanoate"", ""dicaprylyl carbonate"", ""hydrogenated polyisobutene"", ""glycerin"", ""glycereth-26"", ""propanediol"", ""oenothera biennis  oil"", ""limnanthes alba  seed oil"", ""camelina sativa seed oil"", ""prunus armeniaca  kernel oil"", ""mangifera indica  seed oil"", ""pyrus malus  fruit extract"", ""lens esculenta  fruit extract"", ""sigesbeckia orientalis  extract"", ""sucrose"", ""algae extract"", ""moringa oleifera seed extract"", ""peg-40 hydrogenated castor oil"", ""peg-75"", ""sorbitol"", ""caprylyl glycol"", ""sodium chloride"", ""laminaria digitata extract"", ""sodium hyaluronate"", ""opuntia tuna extract"", ""caffeine"", ""tocopheryl acetate"", ""simmondsia chinensis  seed oil"", ""citrullus vulgaris  fruit extract"", ""choleth-24"", ""acetyl hexapeptide-8"", ""isoceteth-20"", ""ceteth-24"", ""hexylene glycol"", ""sodium lactate"", ""sodium pca"", ""butylene glycol"", ""tetradecyl aminobutyroylvalylaminobutyric urea trifluoroacetate"", ""sodium citrate"", ""fragrance"", ""citric acid"", ""bht"", ""potassium sorbate"", ""phenoxyethanol"", ""chlorphenesin"", ""yellow 6 ""]"
p00300,Bobbi Brown Extra Face Oil 30ml,Bobbi Brown,46.5,Oil,"[""olea europaea  fruit oil"", ""sesamum indicum  seed oil"", ""prunus amygdalus dulcis  oil"", ""simmondsia chinensis  seed oil"", ""tocopherol"", ""citrus aurantium amara"", ""pogostemon cablin"", ""lavandula angustifolia"", ""santalum album"", ""linalool"", ""limonene"", ""benzyl cinnamate"", ""geraniol"", ""farnesol"", ""phenoxyethanol""]"
p00301,Manuka Doctor ApiRefine Shake and Roll Lip Oil 10ml,Manuka Doctor,16.99,Oil,"[""ricinus communis  seed oil"", ""oleic/linoleic/linolenic polyglycerides"", ""limnanthes alba  seed oil"", ""ethylhexyl palmitate"", ""prunus amygdalus dulcis  oil"", ""rubus idaeus  seed oil"", ""tocopherol"", ""glycerin"", ""cetearyl ethylhexanoate"", ""limonene"", ""parfum"", ""water"", ""sorbitan isostearate"", ""citric acid"", ""trihydroxystearin"", ""portulaca pilosa extract"", ""benzyl alcohol"", ""leptospermum scoparium  branch/leaf oil"", ""linalool"", ""combretum farinosum flower nectar"", ""sucrose cocoate"", ""sodium hyaluronate"", ""palmitoyl tripeptide-38"", ""glucomannan"", ""ci 45410 ""]"
p00302,Darphin Rose Hydra-Nourishing Aromatic Care Oil 15ml,Darphin,42.0,Oil,"[""sesamumindicum  seed oil"", ""helianthusannuus  seed oil"", ""macadamiaternifoliaseed oil"", ""limnanthesalba  seed oil"", ""prunusamygdalusdulcis  oil"", ""jojobaalcohol"", ""isopropyljojobate"", ""jojobaesters"", ""oenotherabiennis  oil"", ""rosarubiginosa  seed oil"", ""rosadamascena  floweroil"", ""rosadamascenaflowerwax"", ""caprylic/caprictriglyceride"", ""rosacentifoliaflowerwax"", ""daucuscarotasativa  root extract"", ""rosmarinusofficinalis  leaf extract"", ""citrusaurantiumamara  floweroil"", ""pogostemoncablin  oil"", ""ferulagalbaniflua  resinoil"", ""cymbopogonnardus  oil"", ""dipteryxodorataseed extract"", ""vacciniummyrtillusseed oil"", ""zeamays  oil"", ""hydrogenatedvegetableoil"", ""canangaodoratafloweroil"", ""pelargoniumgraveolens  floweroil"", ""rosadamascena extract"", ""salicorniaherbacea extract"", ""tocopherol"", ""lavandulastoechas extract"", ""hibiscusabelmoschus extract"", ""coumarin"", ""geraniol"", ""citral"", ""citronellol"", ""benzylbenzoate"", ""linalool"", ""farnesol""]"
p00303,Rodial Pink Diamond Oil 30ml,Rodial,75.0,Oil,"[""cyclopentasiloxane"", ""c15-19 alkane"", ""dimethiconol"", ""ascorbyl tetraisopalmitate"", ""caprylic/capric triglyceride"", ""oryza sativa  bran oil"", ""prunus amygdalus dulcis  oil"", ""tocopheryl acetate"", ""brassica campestris seed oil"", ""parfum"", ""glycyrrhiza glabra root extract"", ""polyglyceryl-3 diisostearate"", ""spilanthes acmella flower extract"", ""citronellol"", ""althaea officinalis root extract"", ""oryza sativa bran extract"", ""alpha-isomethyl ionone"", ""limonene"", ""geraniol"", ""polymethylsilsesquioxane"", ""diamond powder""]"
p00304,La Roche-Posay Anthelios Anti-Shine Sun Protection Invisible SPF50+ Face Mist 75ml,La Roche-Posay,14.0,Mist,"[""butane"", ""water"", ""homosalate"", ""octocrylene"", ""glycerin"", ""dimethicone"", ""ethylhexyl salicylate"", ""dicaprylyl carbonate"", ""nylon-12"", ""diisopropyl sebacate"", ""butyl methoxydibenzoylmethane"", ""styrene/acrylates copolymer"", ""p-anisic acid"", ""caprylyl glycol"", ""carnosine"", ""cyclohexasiloxane"", ""disodium edta"", ""drometrizole trisiloxanel"", ""ethylhexyl triazone"", ""methyl methacrylate crosspolymer"", ""peg-32"", ""peg-8 laurate"", ""phenoxyethanol"", ""poly c10-30 alkyl acrylate"", ""polyglyceryl-6 polyricinoleate"", ""sodium chloride"", ""sodium hyaluronate"", ""tocopherol"", ""parfum/fragrance""]"
p00305,PIXI Glow Mist 80ml,PIXI,16.0,Mist,"[""water"", ""olea europaea  fruit oil"", ""dipropylene glycol"", ""butylene glycol"", ""propolis extract"", ""niacinamide"", ""argania\u00a0spinosa kernel oil"", ""aloe barbadensis leaf extract"", ""betaine"", ""sodium hyaluronate"", ""peg/ppg-17/6 copolymer"", ""panthenol"", ""carthamus tinctorius  seed oil"", ""persea gratissima  oil"", ""oenothera biennis \u00a0oil"", ""rosa canina fruit oil"", ""simmondsia chinensis  seed oil"", ""macadamia integrifolia seed oil"", ""1"", ""2-hexanediol"", ""caprylyl glycol"", ""illicium verum  fruit extract"", ""adenosine"", ""rose flower oil"", ""tagetes minuta flower oil"", ""mentha\u00a0arvensis leaf oil"", ""elettaria cardamomum seed oil"", ""thymus vulgaris  oil"", ""eugenia caryophyllus  leaf\u00a0oil"", ""melaleuca alternifolia  leaf oil"", ""vetiveria zizanoides root oil"", ""cymbopogon schoenanthus oil"", ""pelargonium graveolens flower oil"", ""lavandula angustifolia  oil"", ""citrus limon  peel oil"", ""citrus\u00a0aurantium dulcis  peel oil""]"
p00306,Garnier Ambre Solaire Sensitive Hydrating Hypoallergenic Face Sun Cream Mist SPF50 75ml,Garnier,6.0,Mist,"[""butane"", ""aqua / water"", ""homosalate"", ""octocrylene"", ""glycerin"", ""dimethicone"", ""ethylhexyl salicylate"", ""dicaprylyl carbonate"", ""nylon-12"", ""diisopropyl sebacate"", ""butyl methoxydibenzoylmethane"", ""styrene/acrylates"", ""copolymer"", ""p-anisic acid"", ""cyclohexasiloxane"", ""tocopherol"", ""sodium chloride"", ""sodium hyaluronate"", ""phenoxyethanol"", ""thermus thermophillus ferment"", ""peg-32"", ""peg-8 laurate"", ""ethylhexyl triazone"", ""triethanolamine"", ""polyglyceryl-6"", ""polyricinoleate"", ""poly c10-30 alkyl acrylate"", ""pentylene glycol"", ""drometrizole trisiloxane"", ""caprylyl glycol"", ""disodium edta"", ""methyl methacrylate crosspolymer"", ""potassium sorbate"", ""scutellaria baicalensis extract / scutellaria rootextract"", ""parfum / fragrance""]"
p00307,La Roche-Posay Toleriane Ultra 8 Face Mist 100ml,La Roche-Posay,19.5,Mist,"[""aqua / water"", ""glycerin"", ""propanediol"", ""pentylene glycol"", ""allantoin"", ""sodium chloride"", ""carnosine"", ""coco-betaine"", ""citric acid""]"
p00308,Neutrogena Hydro Boost Express Hydrating Spray 200ml,Neutrogena,5.49,Mist,"[""water"", ""glycerin"", ""isopropyl palmitate"", ""petrolatum"", ""dimethicone"", ""sodium hyaluronate"", ""polysorbate 60"", ""cetearyl olivate"", ""sorbitan olivate"", ""c12-20 alkyl glucoside"", ""c14-22 alcohols"", ""isohexadecane"", ""hydroxyethyl acrylate/sodium acryloyldimethyl taurate copolymer"", ""sodium hydroxide"", ""tocopherol"", ""chlophenesin"", ""parfum"", ""benzyl alcohol""]"
p00309,PIXI Hydrating Milky Mist 80ml,PIXI,18.0,Mist,"[""water"", ""glycerin"", ""ethylhexyl palmitate"", ""dipropylene glycol"", ""cetyl ethylhexanoate"", ""phenoxyethanol"", ""polyglyceryl-10 oleate"", ""ethylhexylglycerin"", ""peg-60 hydrogenated castor oil"", ""cetearyl isononanoate"", ""allantoin"", ""ceteareth-20"", ""trideceth-10"", ""hydrolyzed glycosaminoglycans"", ""hydrogenated lecithin"", ""glyceryl stearate"", ""ceteareth-12"", ""cetyl alcohol"", ""stearyl alcohol"", ""cetyl palmitate"", ""disodium edta"", ""fragrance"", ""citric acid"", ""benzoic acid"", ""lecithin"", ""avena strigosa seed extract""]"
p00310,Garnier Ambre Solaire Natural Bronzer Quick Drying Dark Self Tan Face Mist 75ml,Garnier,5.0,Mist,"[""water"", ""dimethyl ether"", ""dihydroxyacetone"", ""glycerin"", ""propylene glycol"", ""tocopherol"", ""hydroxyisohexyl 3-cyclohexene carboxaldehyde"", ""phenoxyethanol"", ""peg-60 hydrogenated castor oil"", ""limonene"", ""linalool"", ""benzyl salicylate"", ""alpha-isomethyl ionone"", ""geraniol"", ""disodium edta"", ""methylparaben"", ""butylphenyl methylpropional"", ""citronellol"", ""citral"", ""prunus armeniaca/apricot kernel oil"", ""coumarin"", ""parfum/fragrance""]"
p00311,Garnier Ambre Solaire Dry Mist Fast Absorbing Sun Cream Spray SPF30 200ml,Garnier,8.0,Mist,"[""butane"", ""aqua / water"", ""homosalate"", ""dicaprylyl ether"", ""octocrylene"", ""ethylhexyl salicylate"", ""dimethicone"", ""styrene / acrylates copolymer"", ""butyl methoxydibenzoylmethane"", ""peg-30 dipolyhydroxystearate"", ""nylon-12"", ""methyl methacrylate crosspolymer"", ""methacrylate crosspolymer"", ""cyclohexasiloxane"", ""drometrizole trisiloxane"", ""polymethylsilsesquioxane"", ""p-anisic acid"", ""tocopherol"", ""sodium chloride"", ""dodecene"", ""phenoxyethanol"", ""peg-8 laurate"", ""poly c10-30 alkyl acrylate"", ""poloxamer 407"", ""limonene"", ""benzyl salicylate"", ""benzyl alcohol"", ""linalool"", ""isododecane"", ""drometrizole trisiloxane"", ""propylene carbonate"", ""caprylyl glycol"", ""disteardimonium hectorite"", ""disodium edta"", ""citral"", ""citronellol"", ""lauryl peg / ppg-18/18 methicone"", ""coumarin"", ""parfum / fragrance""]"
p00312,ELEMIS Superfood Kefir-Tea Mist 100ml,ELEMIS,26.0,Mist,"[""aqua/water/eau"", ""glycerin"", ""aloe barbadensis leaf juice"", ""phenoxyethanol"", ""polysorbate 20"", ""methyl gluceth-20"", ""disodium edta"", ""chlorphenesin"", ""saponins"", ""cocos nucifera  water"", ""alpha-glucan oligosaccharide"", ""sodium dehydroacetate"", ""fragrance"", ""limonene"", ""citrus aurantium dulcis  peel oil"", ""amyris balsamifera bark oil"", ""cymbopogon martini oil"", ""geraniol"", ""linalool"", ""rosmarinus officinalis  leaf oil"", ""aspalathus linearis  leaf extract"", ""butylene glycol"", ""daucus carota sativa  seed oil"", ""sodium hydroxide"", ""leuconostoc/radish root ferment filtrate"", ""1"", ""2-hexanediol"", ""lactobacillus/soybean  ferment extract"", ""citric acid"", ""sodium benzoate"", ""potassium sorbate""]"
p00313,PIXI Sun Mist 80ml,PIXI,18.0,Mist,"[""disiloxane"", ""water/aqua/eau"", ""alcohol"", ""cyclopentasiloxane"", ""c12-15 alkyl benzoate"", ""diethylamino hydroxybenzoyl hexyl benzoate"", ""cetyl peg/ppg-10/1 dimethicone"", ""butylene glycol"", ""dicaprylyl carbonate"", ""phenoxyethanol"", ""stearic acid"", ""sodium chloride"", ""aluminum hydroxide"", ""polyhydroxystearic acid"", ""aluminum stearate"", ""dipropylene glycol"", ""disodium edta"", ""jasminum officinale  oil"", ""aloe barbadensis leaf extract"", ""portulaca oleracea extract"", ""anthemis nobilis flower extract"", ""bambusa vulgaris extract"", ""tocopherol""]"
p00314,Omorovicza Queen Of Hungary Mist (100ml),Omorovicza,59.0,Mist,"[""water"", ""glycerin"", ""polysorbate 20"", ""phenoxyethanol"", ""pyrus malus  fruit extract"", ""saccharomyces  ferment extract"", ""disodium edta"", ""ethylhexylglycerin"", ""mannitol"", ""malpighia punicifolia  fruit extract"", ""chlorella vulgaris/lupinus albus protein ferment"", ""pectin"", ""rosa damascena flower water"", ""citrus aurantium dulcis  flower water"", ""salvia officinalis  leaf water"", ""phospholipids"", ""yeast extract"", ""linalool"", ""geraniol"", ""citronellol""]"
p00315,Lumene Nordic Hydra Lähde Arctic Spring Water Enriched Facial Mist 50ml,Lumene,6.5,Mist,"[""water"", ""betula alba  juice"", ""propanediol"", ""phenoxyethanol"", ""peg-40 hydrogenated castor oil"", ""glycerin"", ""trehalose"", ""urea"", ""sodium pca"", ""ethylhexylglycerin"", ""disodium"", ""edta"", ""pentylene glycol"", ""serine"", ""algin"", ""caprylyl glycol"", ""disodium phosphate"", ""glyceryl polyacrylate"", ""pullulan"", ""sodium hyaluronate"", ""citric acid"", ""sodium hydroxide"", ""potassium\u00a0phosphate"", ""linalool"", ""benzyl salicylate"", ""alpha-isomethyl ionone"", ""limonene"", ""parfum ""]"
p00316,Omorovicza Queen of Hungary Mist 30ml,Omorovicza,20.0,Mist,"[""water"", ""glycerin"", ""polysorbate 20"", ""phenoxyethanol"", ""pyrus malus  fruit extract"", ""saccharomyces  ferment extract"", ""disodium edta"", ""ethylhexylglycerin"", ""mannitol"", ""malpighia punicifolia  fruit extract"", ""chlorella vulgaris/lupinus albus protein ferment"", ""pectin"", ""rosa damascena flower water"", ""citrus aurantium dulcis  flower water"", ""salvia officinalis  leaf water"", ""phospholipids"", ""yeast extract"", ""linalool"", ""geraniol"", ""citronellol""]"
p00317,Garnier Ambre Solaire Sensitive Hypoallergenic Dry Mist Sun Cream Spray SPF50 200ml,Garnier,7.0,Mist,"[""butane"", ""aqua / water"", ""homosalate"", ""dicaprylyl ether"", ""octocrylene"", ""ethylhexyl salicylate"", ""dimethicone"", ""styrene/acrylates copolymer"", ""butyl methoxydibenzoylmethane"", ""drometrizole trisiloxane"", ""peg-30 dipolyhydroxystearate"", ""nylon-12"", ""dicaprylyl carbonate"", ""methyl methacrylate crosspolymer"", ""cyclohexasiloxane"", ""polymethylsilsesquioxane"", ""p-anisic acid"", ""tocopherol"", ""sodium chloride"", ""dodecene"", ""phenoxyethanol"", ""thermus thermophillus ferment"", ""peg-8 laurate"", ""ethylhexyl triazone"", ""poly c10-30 alkyl acrylate"", ""poloxamer 407"", ""isododecane"", ""isostearyl alcohol"", ""propylene carbonate"", ""caprylyl glycol"", ""disteardimonium hectorite"", ""disodium edta"", ""potassium sorbate"", ""lauryl peg/ppg-18/18 methicone"", ""glycerin""]"
p00318,Revolution Skincare Hyaluronic Essence Spray 100ml,Revolution Skincare,6.0,Mist,"[""water"", ""bis-peg-18 methyl ether dimethyl silane"", ""glycerin"", ""phenoxyethanol"", ""sodium hyaluronate"", ""ethylhexylglycerin"", ""parfum"", ""disodium edta"", ""citrus paradisi  fruit extract"", ""aloe barbadensis leaf juice"", ""sodium benzoate"", ""potassium sorbate"", ""citral"", ""linalool"", ""limonene"", ""ci 16035"", ""ci 19140 ""]"
p00319,NUXE Huile Prodigieuse Florale Mist 100ml,NUXE,29.5,Mist,"[""coco-caprylate/caprate"", ""macadamia integrifolia seed oil"", ""dicaprylyl ether"", ""caprylic/capric triglyceride"", ""prunus amygdalus dulcis  oil"", ""corylus avellana  seed oil"", ""parfum/fragrance"", ""camellia oleifera seed oil"", ""camellia japonica seed oil"", ""tocopherol"", ""argania spinosa kernel oil"", ""borago officinalis seed oil"", ""tocopheryl acetate"", ""helianthus annuus  seed oil"", ""rosmarinus officinalis  leaf extract"", ""polyglyceryl-3 diisostearate"", ""ascorbic acid"", ""limonene"", ""linalool"", ""citral"", ""citronellol"", ""hydroxycitronellal"", ""geraniol""]"
p00320,PIXI Vitamin Wakeup Mist 80ml,PIXI,16.0,Mist,"[""water/aqua/eau"", ""citrus aurantium dulcis  flower water"", ""glycerin"", ""dipropylene glycol"", ""butylene glycol"", ""niacinamide"", ""peg-60 hydrogenated castor oil"", ""1"", ""2-hexanediol"", ""caprylyl glycol"", ""ethylhexylglycerin"", ""allantoin"", ""magnesium ascorbyl phosphate"", ""citric acid"", ""sodium citrate"", ""citrus grandis  peel oil"", ""adenosine"", ""tropolone"", ""disodium edta"", ""arginine"", ""lavandula angustifolia  oil"", ""citrus sinensis peel oil expressed"", ""sodium hyaluronate"", ""citrus aurantifolia  oil"", ""glycyrrhiza glabra  root extract"", ""sodium starch octenylsuccinate"", ""maltodextrin"", ""calcium pantothenate"", ""sodium ascorbyl phosphate"", ""tocopheryl acetate"", ""pryidoxine hci"", ""silica""]"
p00321,Neal's Yard Remedies Goodnight Pillow Mist 45ml,Neal's Yard Remedies,15.0,Mist,"[""water"", ""polyglyceryl-4 caprate"", ""anthemis nobilis flower oil"", ""lavandula angustifolia  oil"", ""copaifera officinalis  resin"", ""citrus nobilis  peel oil"", ""pelargonium graveolens flower oil"", ""vetiveria zizanoides root oil"", ""glycerin"", ""sodium levulinate"", ""levulinic acid"", ""linalool"", ""limonene"", ""citronellol"", ""geraniol"", ""citral""]"
p00322,Lumene Nordic Hydra [Lähde] Arctic Spring Water Enriched Facial Mist 100ml,Lumene,12.0,Mist,"[""water"", ""betula alba  juice"", ""propanediol"", ""phenoxyethanol"", ""peg-40 hydrogenated castor oil"", ""glycerin"", ""trehalose"", ""urea"", ""sodium pca"", ""ethylhexylglycerin"", ""disodium edta"", ""pentylene glycol"", ""serine"", ""algin"", ""caprylyl glycol"", ""disodium phosphate"", ""glyceryl polyacrylate"", ""pullulan"", ""sodium hyaluronate"", ""citric acid"", ""sodium hydroxide"", ""potassium\u00a0phosphate"", ""linalool"", ""benzyl salicylate"", ""alpha-isomethyl ionone"", ""limonene"", ""parfum ""]"
p00323,Lumene Nordic C Valo Glow Refresh Hydrating Mist 50ml,Lumene,9.0,Mist,"[""water"", ""rubus chamaemorus  fruit juice extract"", ""rubus chamaemorus  fruit extract"", ""rubus chamaemorus  seed extract"", ""phenoxyethanol"", ""peg-40 hydrogenated castor oil"", ""propanediol"", ""glycerin"", ""ethylhexylglycerin"", ""maltodextrin"", ""ascorbyl glucoside"", ""disodium edta"", ""sodium hydroxide"", ""sodium citrate"", ""citric acid"", ""limonene"", ""linalool"", ""parfum ""]"
p00324,Elizabeth Arden Eight Hour Miracle Hydrating Mist 100ml,Elizabeth Arden,21.0,Mist,"[""water/aqua/eau"", ""glycerin"", ""polysorbate 20"", ""aloe barbadensis leaf"", ""camellia sinensis leaf extract"", ""caprylyl glycol"", ""citric acid"", ""coffea arabica  seed extract"", ""euterpe oleracea fruit extract"", ""garcinia mangostana peel extract"", ""lycium barbarum fruit extract"", ""malus domestica fruit extract"", ""morinda citrifolia fruit extract"", ""parfum/fragrance"", ""punica granatum fruit juice"", ""saccharide isomerate"", ""sodium citrate"", ""sodium pca"", ""chlorphenesin"", ""phenoxyethanol"", ""potassium sorbate"", ""sodium benzoate""]"
p00325,Garnier Natural Vegan Rose Soothing Hydrating Glow Mist 150ml,Garnier,5.99,Mist,"[""water"", ""glycerin"", ""alcohol denat"", ""arginine"", ""caprylyl/capryl glucoside"", ""citric acid"", ""linalool"", ""propanediol"", ""rosa damascena flower water"", ""salicylic acid"", ""sodium hydroxide"", ""sodium phytate"", ""parfum""]"
p00326,Dermalogica Age Smart Antioxidant Hydramist 150ml,Dermalogica,36.0,Mist,"[""water"", ""butylene glycol"", ""peg-40 hydrogenated castor oil"", ""palmitoyl tripeptide-5"", ""arginine/lysine polypeptide"", ""magnesium ascorbyl phosphate"", ""glucosamine hcl"", ""sodium carboxymethyl beta-glucan"", ""camellia sinensis leaf extract"", ""bambusa vulgaris leaf/stem extract"", ""pisum sativum  extract"", ""aloe barbadensis leaf juice"", ""sodium lactate"", ""sodium pca"", ""sorbitol"", ""proline"", ""dipotassium glycyrrhizate"", ""methyl gluceth-20"", ""lecithin"", ""tocopherol"", ""glycerin"", ""disodium edta"", ""capric/caprylic triglyceride"", ""phenoxyethanol"", ""benzyl pca"", ""citronellol"", ""eugenol"", ""geraniol"", ""limonene"", ""linalool"", ""citrus medica limonum  peel extract"", ""rosa damascena flower oil"", ""eugenia caryophyllus  flower oil"", ""aniba rosaeodora  wood oil"", ""citrus medica limonum  peel oil"", ""pelargonium graveolens oil"", ""and helianthus annuus  seed oil""]"
p00327,Zelens Z Balance Prebiotic and Probiotic Facial Mist 50ml,Zelens,48.0,Mist,"[""water"", ""butylene glycol"", ""sodium lactate"", ""lactobacillus ferment lysate filtrate"", ""bifida ferment lysate"", ""xylitylglucoside"", ""lactobacillus"", ""lactococcus ferment lysate"", ""alpha-glucan oligosaccharide"", ""polymnia sonchifolia root juice"", ""perilla frutescens leaf extract"", ""sodium pca"", ""arginine"", ""pca"", ""proline"", ""glycine"", ""alanine"", ""serine"", ""valine"", ""isoleucine"", ""threonine"", ""aspartic acid"", ""histidine"", ""phenylalanine"", ""glycerin"", ""anhydroxylitol"", ""xylitol"", ""glucose"", ""maltodextrin"", ""leuconostoc/radish root ferment filtrate"", ""populus tremuloides bark extract"", ""polysorbate 20"", ""levulinic acid"", ""potassium sorbate"", ""sodium levulinate"", ""phenoxyethanol"", ""sodium benzoate"", ""lactic acid"", ""parfum"", ""sodium chloride""]"
p00328,Bondi Sands Self Tanning Mist 250ml - Light/Medium,Bondi Sands,11.99,Mist,"[""butane"", ""water"", ""alcohol"", ""isobutane"", ""propane"", ""dihydroxyacetone"", ""ethoxydiglycol"", ""fragrance"", ""tocopheryl acetate"", ""peg-60\u00a0hydrogenated castor oil"", ""ci 14700"", ""ci 19140"", ""ci 42090. propellant: hydrocarbon""]"
p00329,Revolution Skincare CBD Essence Spray 100ml,Revolution Skincare,6.0,Mist,"[""water"", ""peg-40 hydrogenated castor oil"", ""polysorbate 20"", ""bis-peg-18 methyl ether dimethyl silane"", ""glycerin"", ""phenoxyethanol"", ""passiflora edulis seed oil"", ""cannabis sativa seed oil"", ""parfum"", ""ethylhexylglycerin"", ""disodium edta"", ""cannabidiol"", ""calendula officinalis flower extract"", ""potassium sorbate"", ""sodium benzoate"", ""caramel"", ""ci 19140"", ""ci 42090 ""]"
p00330,Peter Thomas Roth Water Drench Hydrating Toner Mist 150ml,Peter Thomas Roth,21.56,Mist,"[""water/aqua/eau"", ""glycerin hamamelis virginiana"", ""water sodium hyaluronate"", ""pyrus malus  fruit extract"", ""aloe barbadensis leaf juice"", ""sambucus nigra fruit extract"", ""saccharide isomerate"", ""sodium pca"", ""wheat amino acids"", ""pantheno"", ""l citric acid"", ""disodium"", ""edta"", ""hydroxyproline"", ""sodium citrate"", ""sodium hydroxide"", ""biosaccharide"", ""gum-4 sr-spider"", ""polypeptide-1"", ""benzoic acid 1"", ""2-hexanediol"", ""caprylyl glycol"", ""potassium sorbate"", ""sodium benzoate"", ""phenoxyethanol""]"
p00331,Elemis Pro-Collagen Rose Hydro-Mist 50ml,Elemis,43.0,Mist,"[""aqua/water/eau"", ""rosa damascena flowerwater"", ""rosa hybrid flower water"", ""phenoxyethanol"", ""glycerin"", ""squalane"", ""polyacrylate crosspolymer-6"", ""hydroxyethyl acrylate/sodium acryloyldimethyltaurate copolymer"", ""disodium edta"", ""caprylic/capric triglyceride"", ""fragrance"", ""ammonium acryloyldimethyltaurate/vp copolymer"", ""ethylhexylglycerin"", ""maris aqua/sea water/eau de mer"", ""pentylene glycol"", ""lactic acid"", ""serine"", ""sodium lactate"", ""sorbitol"", ""urea"", ""sodium hydroxide"", ""padina pavonica thallus extract"", ""citronellol"", ""geraniol"", ""polysorbate 60"", ""sorbitan isostearate"", ""aster tripolium extract"", ""crithmum maritimum extract"", ""suaeda maritima flower/leaf/stem extract"", ""citric acid"", ""sodium benzoate"", ""pavlova lutheri extract"", ""t-butyl alcohol"", ""sodium chloride"", ""chlorella vulgaris extract"", ""potassium sorbate"", ""benzyl salicylate"", ""allantoin"", ""pelargonium graveolens  oil"", ""rosa damascena flower oil"", ""rosa damascena extract""]"
p00332,Chantecaille Pure Rosewater 100ml,Chantecaille,65.0,Mist,"[""rosa centifolia flower water"", ""preservatives: butylene glycol"", ""glycerin"", ""chlorphenesin"", ""methyl paraben""]"
p00333,Neal's Yard Remedies Frankincense Hydrating Facial Mist 45ml,Neal's Yard Remedies,13.0,Mist,"[""water"", ""alcohol"", ""glycerin"", ""polyglyceryl-10 laurate"", ""levulinic acid"", ""abies alba leaf oil"", ""cinnamomum zeylanicum\u00a0leaf oil"", ""aloe barbadensis leaf juice powder"", ""calendula officinalis flower extract"", ""sodium levulinate"", ""boswellia\u00a0sacra resin oil"", ""berberis aquifolium extract"", ""centella asiatica extract"", ""citrus aurantium amara \u00a0flower oil"", ""pogostemon cablin leaf oil"", ""limonene"", ""linalool"", ""eugenol"", ""farnesol"", ""geraniol"", ""benzyl benzoate"", ""cinnamal""]"
p00334,Crystal Clear Revitalising Tonic 200ml,Crystal Clear,20.99,Mist,"[""water"", ""glycerin"", ""peg-400"", ""phenoxyethanol"", ""bis-peg-18 mathyl ether dimethyl silane"", ""ppg-26-buteth-26"", ""tetrasodium edta"", ""parfum"", ""peg-40 hydrogenated castor oil"", ""methoxy peg-18"", ""citric acid"", ""dehydroacetic acid"", ""tromethamine"", ""benzophenone-4"", ""cucumis satis  fruit extract"", ""polyglucuronic acid"", ""potassium sorbate"", ""algae"", ""bht"", ""biotin"", ""benzyl alcohol"", ""limonene"", ""hexyl cinnamal"", ""linalool"", ""benzyl benzoate"", ""cital"", ""alpha-isomethyl ionane"", ""butylphenyl methypropional""]"
p00335,Garnier Organic Argan Mist 150ml,Garnier,5.99,Mist,"[""aqua / water"", ""hordeum vulgare stem water"", ""glycerin"", ""alcohol denat"", ""centaurea cyanus flower"", ""water"", ""argania spinosa kernel oil"", ""sodium hydroxide"", ""sodium phytate"", ""arginine"", ""coco-betaine"", ""propanediol"", ""caprylyl/capryl glucoside"", ""citric acid"", ""sodium benzoate"", ""salicylic acid"", ""linalool"", ""limonene"", ""benzyl alcohol"", ""benzyl salicylate"", ""parfum / fragrance""]"
p00336,Institut Esthederm Cellular Water Mist 100ml,Institut Esthederm,18.0,Mist,"[""water"", ""propanediol"", ""sodium citrate"", ""sodium chloride"", ""hydrolyzed hyaluronic acid"", ""aminoethanesulfinic acid"", ""carnosine"", ""potassium chloride"", ""sodium bicarbonate"", ""disodium phosphate"", ""magnesium sulfate"", ""potassium phosphate"", ""calcium chloride""]"
p00337,Revolution Skincare x Jake Jamie Tropical Quench Essence Spray 100ml,Revolution Skincare,6.0,Mist,"[""water"", ""bis-peg-18 methyl ether dimethyl silane"", ""glycerin"", ""peg-40 hydrogenated castor oil"", ""polysorbate 20"", ""phenoxyethanol"", ""ethylhexylglycerin"", ""parfum"", ""disodium edta"", ""limonene"", ""coumarin""]"
p00338,Jurlique Rosewater Balancing Mist (100ml),Jurlique,30.0,Mist,"[""aqua ; alcohol; althaea officinalis  root extract; rosa gallica  flower extract; peg-7 glyceryl cocoate; fragrance ; sodium hydroxymethylglycinate; lactic acid; polysorbate-20; citrus grandis  seed extract; aloe barbadensis leaf extract; geraniol; linalool; citronellol; eugenol; benzyl benzoate""]"
p00339,NUXE Refreshing Toning Mist 200ml,NUXE,15.5,Mist,"[""water"", ""hexylene glycol"", ""rosa damascena flower water"", ""glycerin"", ""parfum/fragrance"", ""phenoxyethanol"", ""allantoin"", ""sodium gluconate"", ""xylitylglucoside"", ""coco-glucoside"", ""anhydroxylitol"", ""cetrimonium bromide"", ""caprylyl/capryl glucoside"", ""xylitol"", ""citric acid"", ""sodium hydroxide""]"
p00340,Bondi Sands Self Tanning Mist 250ml - Dark,Bondi Sands,11.99,Mist,"[""butane"", ""water"", ""alcohol"", ""isobutane"", ""propane"", ""dihydroxyacetone"", ""ethoxydiglycol"", ""fragrance"", ""tocopheryl acetate"", ""peg-60 hydrogenatedcastor oil"", ""ci 14700"", ""ci 19140"", ""ci 42090""]"
p00341,A'kin Hydrating Mist Toner 150ml,A'kin,12.5,Mist,"[""water"", ""cocos nucifera  water"", ""glycerin"", ""camellia sinensis leaf extract"", ""cocos nucifera \u00a0fruit juice"", ""chamomilla recutita  flower extract"", ""citric acid"", ""sodium levulinate"", ""sodium anisate"", ""potassium\u00a0sorbate"", ""linalool"", ""limonene"", ""geraniol""]"
p00342,Jurlique Rosewater Balancing Mist 100ml,Jurlique,32.0,Mist,"[""water"", ""sd alcohol 40-a"", ""polyglyceryl-10 laurate"", ""rosa hybrid flower extract"", ""althaea officinalis root extract"", ""aloe barbadensis leaf extract"", ""fragrance/parfum"", ""glycerin"", ""propanediol"", ""potassium sorbate"", ""phenoxyethanol"", ""ethylhexylglycerin"", ""citric acid"", ""citronellol"", ""geraniol"", ""linalool"", ""eugenol""]"
p00343,Aveda Botanical Kinetics Toning Mist 150ml,Aveda,19.0,Mist,"[""water"", ""aloe barbadensis leaf juice"", ""quercus alba"", ""hamamelis virginiana"", ""alcohol denatured"", ""rosa damascena"", ""sodium coco pg-dimonium chloride phosphate"", ""maltodextrin"", ""sodium gluconate"", ""citric acid""]"
p00344,Rodial Dragon's Blood Essence 100ml,Rodial,38.0,Mist,"[""water"", ""bis-peg-18 methyl ether dimethyl silane"", ""niacinamide"", ""phenoxyethanol"", ""zinc gluconate"", ""sodium pca"", ""diglycerin"", ""urea"", ""disodium edta"", ""ethylhexylglycerin"", ""glycerin"", ""parfum"", ""hydrolyzed rice protein"", ""sorbitol"", ""lysine"", ""pca"", ""allantoin"", ""lactic acid"", ""croton lechleri resin extract"", ""sodium hyaluronate"", ""glutamylamidoethyl imidazole"", ""geraniol"", ""limonene"", ""linalool""]"
p00345,Origins Ginzing™ Energy-Boosting Treatment Lotion Mist 150ml,Origins,18.5,Mist,"[""water\\aqua\\eau"", ""butylene glycol"", ""alcohol denat"", ""polysorbate 20"", ""citrus limon  peel oil"", ""citrus grandis  peel oil"", ""mentha viridis  leaf oil"", ""citrus aurantium dulcis  peel oil"", ""limonene"", ""linalool"", ""citral"", ""bambusa vulgaris  extract"", ""salvia sclarea  extract"", ""saccharomyces lysate extract"", ""caffeine"", ""glycerin"", ""panax ginseng  root extract"", ""pantethine"", ""pisum sativum  extract"", ""hamamelis virginiana  extract"", ""sorbitol"", ""laminaria saccharina extract"", ""caprylyl glycol"", ""creatine"", ""acetyl carnitine hcl"", ""magnesium ascorbyl phosphate"", ""punica granatum  fruit juice"", ""yeast extract\\faex\\extrait de levure"", ""tourmaline"", ""adenosine phosphate"", ""folic acid"", ""glucosamine hcl"", ""sodium hyaluronate"", ""citric acid"", ""sodium benzoate"", ""hexylene glycol"", ""tocopheryl acetate"", ""sodium citrate"", ""disodium edta"", ""phenoxyethanol""]"
p00346,ULTRASUN CLEAR SPRAY SPF30 - SPORTS FORMULA (150ML),ULTRASUN,26.0,Mist,"[""alcohol"", ""phenoxyethyl caprylate"", ""c12-15 alkyl benzoate"", ""octyldodecanol"", ""diethylamino hydroxybenzoyl hexyl benzoate"", ""ethylhexyl salicylate"", ""diisopropyl adipate"", ""ethylhexyl triazone"", ""bis-ethylhexyloxyphenol methoxyphenyl triazine"", ""dibutyl adipate"", ""water"", ""alcohol denat"", ""va/butyl maleate/isobornyl acrylate copolymer"", ""vitis vinifera seed extract"", ""glycerin"", ""tocopheryl acetate"", ""2"", ""6-dimethyl-7-octen-2-ol"", ""lecithin"", ""caprylic/capric triglyceride"", ""ascorbyl tetraisopalmitate"", ""tocopherol"", ""ubiquinone""]"
p00347,Salcura Antiac Activ Liquid Spray (50ml),Salcura,10.99,Mist,"[""water"", ""glycerin"", ""glyceryl cocoate"", ""hydrogenated coconut oil"", ""sunflower seed oil"", ""lecithin"", ""sodium\u00a0cetearyl sulfate"", ""cetearyl glucoside"", ""polyglyceryl-3 caprylate"", ""polyglyceryl-4 caprate"", ""alcohol denat"", ""zinc pca"", ""arginine"", ""bisabolol"", ""glyceryl laurate"", ""p-anisic acid"", ""tea tree"", ""sweet orange"", ""eucalyptus"", ""english lavender"", ""rosemary"", ""manuka"", ""peppermint"", ""neroli"", ""safflower"", ""sea buckthorn"", ""sweet almond oil"", ""olive fruit oil"", ""aloe vera"", ""grapeseed oil"", ""maris sal"", ""isononyl isononanoate"", ""ceteareth-25"", ""cetearyl alcohol"", ""beta-carotene"", ""phenoxyethanol"", ""ethylhexylglycerin"", ""caprylyl glycol"", ""limonene"", ""linalool""]"
p00348,Revolution Skincare Caffeine Essence Spray 100ml,Revolution Skincare,6.0,Mist,"[""water"", ""bis-peg-18 methyl ether dimethyl silane"", ""glycerin"", ""peg-40 hydrogenated castor oil"", ""polysorbate 20"", ""phenoxyethanol"", ""caffeine"", ""parfum"", ""ethylhexylglycerin"", ""disodium edta"", ""camellia sinensis leaf extract"", ""citrus limon  fruit extract"", ""hexyl cinnamal"", ""limonene"", ""linalool"", ""sodium benzoate"", ""citronellol"", ""hydroxycitronellal"", ""potassium sorbate"", ""ci 19140 ""]"
p00349,Sea Magik Sunsafe SPF50 Clear Spray 150ml,Sea Magik,15.95,Mist,"[""alcohol denat"", ""octocrylene"", ""homosalate"", ""benzophenone-3"", ""ethylhexyl salicylate"", ""c12-15 alkyl benzoate"", ""butyl methoxydibenzoylmethane"", ""cyclopentasiloxane"", ""diethylhexyl 2"", ""6-naphthalate"", ""acrylates/octylacrylamide copolymer"", ""phenyl trimethicone"", ""parfum"", ""tocopheryl acetate"", ""diethylhexyl syringylidenemalonate"", ""caprylic/capric triglyceride"", ""maris sal/sea salt ""]"
p00350,Pestle & Mortar Balance Facial Spritz,Pestle & Mortar,28.0,Mist,"[""water"", ""glycerin"", ""sea water extract"", ""gentiana lutea  root extract"", ""rhodiola rosea root extract"", ""silybum marianum  extract"", ""citrus tangerina  extract"", ""aspalathus linearis  leaf extract"", ""aloe barbadensis leaf juice powder"", ""ascorbic acid"", ""leucine"", ""valine"", ""tyrosine"", ""arginine"", ""lysine"", ""cysteine"", ""sodium benzoate"", ""potassium sorbate"", ""sodium hydroxide"", ""polysorbate-20"", ""sodium lactate"", ""phenoxyethanol""]"
p00351,DHC Super Collagen Mist 50ml,DHC,20.0,Mist,"[""water"", ""butylene glycol"", ""glycerin"", ""dipropylene glycol"", ""pentylene glycol"", ""poly -4 peg/ppg-29/9 methylglucose"", ""phenoxyethanol"", ""dihydroxypropyl arginine hcl"", ""bis-ethoxydiglycol cyclohexane 1"", ""4-dicarboxylate"", ""trehalose"", ""sodium citrate"", ""dipeptide-8"", ""citric acid""]"
p00352,Revolution Skincare Superfruit Essence Spray 100ml,Revolution Skincare,6.0,Mist,"[""water"", ""bis-peg-18 methyl ether dimethyl silane"", ""glycerin"", ""peg-40 hydrogenated castor oil"", ""polysorbate 20"", ""phenoxyethanol"", ""parfum"", ""ethylhexylglycerin"", ""disodium edta"", ""vaccinium angustifolium  fruit extract"", ""euterpe oleracea fruit extract"", ""lycium chinense fruit extract"", ""sambucus nigra fruit extract"", ""potassium sorbate"", ""sodium benzoate"", ""ci 60730 ""]"
p00353,Murad Prebiotic 3-in-1 MultiMist 100ml,Murad,30.0,Mist,"[""water/aqua/eau"", ""glycerin"", ""propanediol"", ""niacinamide"", ""hydrolyzed yeast protein"", ""caesalpinia spinosa fruit extract"", ""kappaphycus alvarezii extract"", ""saccharide isomerate"", ""xylitylglucoside"", ""anhydroxylitol"", ""xylitol"", ""zinc gluconate"", ""caffeine"", ""hydroxyethyl urea"", ""urea"", ""yeast amino acids"", ""trehalose"", ""inositol"", ""taurine"", ""betaine"", ""butylene glycol"", ""pentylene glycol"", ""caprylhydroxamic acid"", ""1"", ""2 hexanediol"", ""divinyldimethicone/dimethicone copolymer"", ""acrylates/polytrimethylsiloxymethacrylate copolymer"", ""c12-13 pareth-3"", ""c12-13 pareth-23"", ""laureth-1 phosphate"", ""polysorbate 20"", ""fragrance ""]"
p00354,Bloom and Blossom Rejuvenating Facial Spritz (100ml),Bloom,12.0,Mist,"[""water"", ""aloe barbadensis leaf extract"", ""equisetum arvense leaf extract"", ""alchemilla vulgaris extract"", ""polysorbate"", ""citrus aurantifolia\u00a0 oil"", ""centella asiatica extract"", ""maltodextrin"", ""silica"", ""phenoxyethanol"", ""ethylhexylglycerin"", ""potassium sorbate"", ""sodium benzoate"", ""limonene"", ""citral""]"
p00355,Zelens PROVITAMIN D Fortifying Facial Mist 50ml,Zelens,55.0,Mist,"[""water"", ""propanediol"", ""glycerin"", ""polyglyceryl-3 pca"", ""betaine"", ""caprylyl/capryl glucoside"", ""beta vulgaris root extract"", ""fructooligosaccharides"", ""zinc pca"", ""methyl cyclodextrin"", ""7-dehydrocholesterol"", ""sodium pca"", ""pca"", ""perilla frutescens leaft extract"", ""serine"", ""proline"", ""alanine"", ""glycine"", ""glutamic acid"", ""lysine hci"", ""threonine"", ""arginine"", ""levulinic acid"", ""sodium lactate"", ""potassium lactate"", ""sodium levulinate"", ""potassium sorbate"", ""sodium hydroxide"", ""lactic acid"", ""glucose""]"
p00356,Emma Hardie Plump and Glow Hydrating Mist 90ml,Emma Hardie,42.0,Mist,"[""water"", ""propanediol"", ""glycerin"", ""polysorbate 20"", ""ribose"", ""sodium benzoate"", ""mica"", ""propylene glycol"", ""phenoxyethanol"", ""potassium sorbate"", ""parfum"", ""polypodium vulgare rhizome extract"", ""geraniol"", ""limonene"", ""sodium hydroxide"", ""aloe barbadensis leaf juice powder"", ""disodium edta"", ""panthenol"", ""citronellol"", ""citric acid"", ""amaranthus caudatus  seed extract"", ""sodium hyaluronate"", ""linalool"", ""mentha aquatica extract"", ""tin oxide"", ""cetraria islandica thallus extract"", ""sphagnum magellanicum extract"", ""citral"", ""farnesol"", ""sorbic acid"", ""ci 77891 ""]"
p00357,Natio Refreshing Face Mist (75ml),Natio,8.4,Mist,"[""water"", ""glycerin"", ""rose  extract"", ""cucumis sativus  fruit extract"", ""calendula officinalis flower extract"", ""aloe barbadensis leaf juice"", ""phenoxyethanol"", ""methylparaben"", ""propylparaben"", ""phenethyl alcohol"", ""propylene glycol"", ""tetrasodium edta""]"
p00358,Holika Holika Good Cera Super Ceramide Mist,Holika Holika,17.95,Mist,"[""water"", ""methylpropanediol"", ""pentylene glycol"", ""glycerin"", ""diphenyl dimethicone"", ""triethylhexanoin"", ""polyglyceryl-10 myristate"", ""xanthan gum"", ""amaranthus caudatus seed extract"", ""ulmus davidiana root extract"", ""centella asiatica extract"", ""ficus carica  fruit extract"", ""bacillus ferment"", ""ethylhexylglycerin"", ""sodium citrate"", ""hydrogenated lecithin"", ""carbomer"", ""citric acid"", ""disodium edta"", ""dipropylene glycol"", ""butylene glycol"", ""decyl glucoside"", ""citrus aurantium bergamot fruit oil"", ""alteromon ferment filtrate"", ""lavender angustifolia  oil"", ""chamomilla recutita  flower oil"", ""citrus aurantium dulcis  oil"", ""cymbopogon schoenanthus oil"", ""pelargonium graveolens flower oil"", ""sodium lauroyl lactylate"", ""glycerylamidoethyl methacrylate / stearyl methacrylatecopolymer"", ""phytosphingosine"", ""cholesterol"", ""ceramide np"", ""ceramide ap"", ""ceramide eop""]"
p00359,Piz Buin After Sun Instant Relief Mist Spray,Piz Buin,14.5,Mist,"[""water"", ""glycerin"", ""isopropyl palmitate"", ""petrolatum"", ""dimethicone"", ""hydrolyzed hyaluronic acid"", ""isohexadecane"", ""c12-20 alkyl glucoside"", ""polysorbate 60"", ""hydroxyethyl acrylate/sodium acryloyldimethyl taurate copolymer"", ""c14-22 alcohols"", ""sodium hydroxide"", ""tocopherol"", ""benzyl alcohol"", ""chlorphenesin"", ""parfum""]"
p00360,Eve Lom Face Mist 15ml,Eve Lom,12.0,Mist,"[""water"", ""rosa damascena flower water"", ""propanediol"", ""betaine"", ""xylitylglucoside"", ""maris aqua"", ""zinc pca"", ""anhydroxylitol"", ""ectoin"", ""xylitol"", ""polyglyceryl-4 caprate"", ""potassium sorbate"", ""disodium edta"", ""polyquaternium-51"", ""tephrosia purpurea seed extract"", ""magnesium aspartate"", ""zinc gluconate"", ""rosa damascena flower oil"", ""phenoxyethanol"", ""copper gluconate"", ""hydrolyzed rhodophyceae extract"", ""ethylhexylglycerin"", ""geraniol"", ""citronellol""]"
p00361,Sarah Chapman Skinesis Liquid Facial D-Stress 75ml,Sarah Chapman,42.0,Mist,"[""water"", ""pentylene glycol"", ""polysorbate 20"", ""phenoxyethanol"", ""thermos thermophilus ferment"", ""butylene glycol"", ""ribose"", ""sodium pca"", ""decylene glycol"", ""panthenol"", ""cedrus atlantica bark oil"", ""parfum"", ""1"", ""2-hexanediol"", ""dipotassium glycyrrhizate"", ""glycerin"", ""jasminum officinale  flower extract"", ""pelargonium graveolens flower oil"", ""santalum spicata wood oil"", ""bisaccharide gum-2"", ""biosaccharide gum-4"", ""phenylethyl alcohol"", ""phytol"", ""rosa damascene flower oil"", ""citric acid"", ""ahnfeltia concinna extract"", ""caprylyl glycol"", ""methyl eugenol"", ""alcohol"", ""alpha-cedrene"", ""geranyl acetate"", ""indole"", ""longifolene"", ""tetramethyl-1-hexadecan-3-ol"", ""biosaccharide gum-1"", ""chlorphenesin"", ""hexacarboxymethyl dipeptide-12"", ""propylene glycol"", ""acetyl tetrapeptide-40"", ""acetyl hexapeptide-37"", ""acetyl hexapeptide-49"", ""sodium dehydroacetate"", ""lactic acid/glycolic acid copolymer"", ""palmitoyl tetrapeptide-50"", ""polyvinyl alcohol"", ""heptapeptide-15 palmitate"", ""potassium sorbate"", ""benzyl cinnamate"", ""citral"", ""eugenol"", ""farnesol"", ""hydroxycitronellal"", ""nerol"", ""anise alcohol"", ""benzyl salicylate"", ""cinnamal"", ""cinnamyl alcohol"", ""coumarin"", ""isoeugenol"", ""limonene"", ""benzyl alcohol"", ""benzyl acetate"", ""benzyl benzoate"", ""citronellol"", ""geraniol"", ""linalool""]"
p00362,James Read Instant Bronzing Mist 200ml,James Read,25.0,Mist,"[""dimethyl ether"", ""aqua/water/eau"", ""alcohol denat"", ""dihydroxyacetone"", ""propylene glycol"", ""erythrulose"", ""glycerin"", ""peg-40 hydrogenated castor oil"", ""citric acid"", ""tocopheryl acetate"", ""aloe barbadensis leaf juice"", ""squalane"", ""ubiquinone"", ""potassium sorbate"", ""ci 16035"", ""ci 19140"", ""ci 42090 ""]"
p00363,Jurlique Calendula Redness Rescue Calming Mist (100ml),Jurlique,35.0,Mist,"[""aqua ; glycerin; polyglyceryl-10 laurate; calendula officinalis flower extract; echinacea purpurea extract; chamomilla recutita  flower extract; prunella vulgaris leaf extract; spilanthes acmella flower extract; althaea officinalis root extract; hydrolyzed linseed extract; aloe barbadensis leaf extract; camellia sinensis leaf extract; crithmum maritimum extract; caprylic/capric triglyceride; anthemis nobilis flower extract; cucumis sativus  fruit extract; citrus grandis  seed extract; phenoxyethanol; ethylhexylglycerin; sodium dehydroacetate; sodium benzoate""]"
p00364,Lumene Nordic C [Valo] Glow Refresh Hydrating Mist 100ml,Lumene,17.9,Mist,"[""water"", ""rubus chamaemorus  fruit juice extract"", ""rubus chamaemorus  fruit extract"", ""rubus chamaemorus  seed extract"", ""phenoxyethanol"", ""peg-40 hydrogenated castor oil"", ""propanediol"", ""glycerin"", ""ethylhexylglycerin"", ""maltodextrin"", ""ascorbyl glucoside"", ""disodium edta"", ""sodium hydroxide"", ""sodium citrate"", ""citric acid"", ""limonene"", ""linalool"", ""parfum ""]"
p00365,OSKIA SPF Vitamin Mist 100ml,OSKIA,46.0,Mist,"[""zinc oxide"", ""ethyl oleate"", ""caprylic/capric triglyceride"", ""diisopropyl adipate"", ""isostearyl alcohol"", ""octyldodecanol"", ""echium plantagineum seed oil"", ""titanium dioxide"", ""parfum"", ""polyhydroxystearic acid"", ""sorbitan isostearate"", ""7-dehydrocholesterol"", ""haematococcus pluvialis extract"", ""malachite extract"", ""tocopherol"", ""alaria esculenta extract"", ""cardiospermum halicacabum flower/leaf/vine extract"", ""helianthus annuus  seed oil unsaponifiables"", ""punica granatum  seed oil"", ""rubus idaeus  seed oil"", ""vaccinium macrocarpon  seed oil"", ""fragaria ananassa  seed oil"", ""vaccinium corymbosum  seed oil"", ""capryloyl glycerin/sebacic acid copolymer"", ""aluminium stearate"", ""isostearic acid"", ""alumina"", ""water"", ""polysorbate 20"", ""gluconolactone"", ""lecithin"", ""sodium benzoate""]"
p00366,Holika Holika Aloe Soothing Essence 98% Mist,Holika Holika,19.95,Mist,"[""water"", ""butylene glycol"", ""1"", ""2-hexanediol"", ""betaine"", ""glycerin"", ""aloe barbadensis leaf extract"", ""ectoin"", ""aloe barbadensis leaf juice"", ""sodium hyaluronate"", ""melissa officinalis leaf extract"", ""dioscorea japonica root extract"", ""laminaria japonica extract"", ""pentylene glycol"", ""centella asiatica extract"", ""propanediol"", ""gellan gum"", ""ppg-26-buteth-26"", ""peg-40 hydrogenated castor oil"", ""sodium citrate"", ""calcium chloride"", ""ethylhexylglycerin"", ""xanthan gum"", ""citric acid"", ""sodium benzoate"", ""fragrance""]"
p00367,ARK Skincare Hydrating Beauty Mist 150ml,ARK,25.0,Mist,"[""water"", ""glycerin"", ""polysorbate 20"", ""phenoxyethanol"", ""xylitylglucoside"", ""anhydroxylitol"", ""panthenol"", ""lactic acid"", ""xylitol"", ""allantoin"", ""aloe barbadensis leaf juice powder"", ""ethylhexylglycerin"", ""sodium pca"", ""sodium lactate"", ""sodium hyaluronate"", ""mentha arvensis  leaf oil"", ""arginine"", ""mentha aquatica extract"", ""nymphaea coerulea flower extract"", ""aspartic acid"", ""phytic acid"", ""pca"", ""lycium barbarum  fruit extract"", ""glycine"", ""alanine"", ""potassium sorbate"", ""serine"", ""limonene"", ""valine"", ""isoleucine"", ""proline"", ""threonine"", ""sorbic acid"", ""histidine"", ""phenylalanine""]"
p00368,BBB London Rosewater Mist 50ml,BBB London,22.0,Mist,"[""rosa damascena flower water"", ""water"", ""anthemis nobilis flower water"", ""propanediol"", ""polysorbate 20"", ""panthenol"", ""pentylene glycol"", ""pvp"", ""1"", ""2-hexanediol"", ""gluconolactone"", ""caprylhydroxamic acid"", ""sodium benzoate"", ""parfum"", ""sodium hydroxide"", ""helianthus annuus  seed oil"", ""sodium hyaluronate"", ""citronellol"", ""rosa alba leaf cell\u00a0extract"", ""calcium gluconate""]"
p00369,Natura Bissé C+C Vitamin Splash 200ml,Natura Bissé,42.0,Mist,"[""water"", ""alcohol denat"", ""peg-6 caprylic/capric glycerides"", ""ethoxydiglycol"", ""peg-40 hydrogenated castor oil"", ""citrus aurantium\u00a0amara  peel extract"", ""citrusaurantium dulcis  flower oil"", ""citrus nobilis  oil"", ""citrus limon\u00a0 peel oil"", ""citrus paradisi  peel oil"", ""propylene glycol"", ""xylitylglucoside"", ""anhydroxylitol"", ""disodium edta"", ""xylitol"", ""arginine"", ""citric acid"", ""sodium hydroxide"", ""phenoxyethanol"", ""methylparaben"", ""ethylparaben"", ""butylparaben"", ""propylparaben"", ""fragrance"", ""limonene"", ""linalool"", ""amyl cinnamal"", ""geraniol"", ""citral""]"
p00370,Laura Mercier Perfecting Water Moisture Mist 200ml,Laura Mercier,31.0,Mist,"[""water"", ""maris aqua"", ""glycerin"", ""betaine"", ""butylene glycol"", ""artemia extract"", ""polyquaternium-51"", ""carmellia sinensis lef powder"", ""caprylic/capric triglyceride"", ""trehalose"", ""pyrus cydonia seed extract"", ""sodium carboxymethyl dextran"", ""10-hydroxydecanoic acid"", ""sebacic acid"", ""1"", ""10-decanediol"", ""tocopheryl acetate"", ""citric acid"", ""sodium citrate"", ""disodium edta"", ""pvm/ma decadiene crosspolymer"", ""potassium hydroxide"", ""glycereth-25 pca isostearate"", ""methylparaben""]"
p00371,Clinique Virtu-Oil Body Mist SPF30 144ml,Clinique,23.0,Mist,"[""alcohol denat"", ""octyldodecyl neopentanoate"", ""homosalate"", ""butyloctyl salicylate"", ""ethylhexyl salicylate"", ""butyl methoxydibenzoylmethane"", ""polyester-8"", ""acrylates/octylacrylamide copolymer"", ""ethylhexyl methoxycrylene"", ""dimethicone"", ""trimethylsiloxysilicate"", ""tocopheryl acetate"", ""ethylcellulose""]"
p00372,Mauli Supreme Skin Rose Mist,Mauli,36.0,Mist,"[""rosa damascena flower water"", ""aloe barbadensis leaf juice"", ""water"", ""sodium hyaluronate"", ""curcuma longa root extract"", ""melia azadirachta leaf extract"", ""ocimum sanctum extract"", ""loniera caprifolium flower extract"", ""lonicera japonica flower extract ""]"
p00373,Avant Skincare PH Balancing & Brightening Rose Infusion Day Mist 30ml,Avant Skincare,80.0,Mist,"[""water"", ""citric acid"", ""disodium phosphate"", ""ethylhexylglycerin"", ""glycerin"", ""hexyl cinnamal"", ""laurtrimonium chloride"", ""limonene"", ""methyl 2-octynoate"", ""parfum"", ""peg/ppg-20/6 dimethicone"", ""phenoxyethanol"", ""propanediol"", ""rosa hybrid flower extract"", ""sodium hyaluronate"", ""sodium phosphate"", ""vp/va copolymer""]"
p00374,Jurlique Lavender Hydrating Mist 100ml,Jurlique,32.0,Mist,"[""water"", ""polyglyceryl-10 laurate"", ""glycerin"", ""lavandula angustifolia  flower extract"", ""althaea officinalis root extract"", ""aloe barbadensis leaf extract"", ""fragrance/parfum"", ""potassium sorbate"", ""phenoxyethanol"", ""ethylhexylglycerin"", ""sodium benzoate"", ""citric acid"", ""linalool"", ""limonene""]"
p00375,Salcura Antiac Acne Clearing Spray (100ML),Salcura,16.99,Mist,"[""water"", ""aloe vera leaf juice"", ""glycerin"", ""caprylyl/capryl wheat bran/straw glycosides"", ""tea tree leaf oil"", ""lecithin"", ""zinc pca"", ""bisabolol"", ""p-anisic acid"", ""calendula extract"", ""chamomile leaf extract"", ""sea buckthorn kernel extract"", ""lavender oil"", ""rosemary leaf oil"", ""peppermint oil"", ""sweet orange peel oil"", ""eucalyptus leaf oil"", ""tocopheryl acetate"", ""cetearyl glucoside"", ""fusel wheat bran/straw glycosides"", ""phenoxyethanol"", ""limonene"", ""benzyl alcohol"", ""decyl glucoside"", ""glyceryl caprylate"", ""polyglyceryl-5 oleate"", ""sodium cocoyl glutamate"", ""linalool"", ""citral"", ""geraniol"", ""alcohol"", ""arginine"", ""glyceryl laurate"", ""polyglyceryl-3 caprylate"", ""polyglyceryl-4 caprate""]"
p00376,Löwengrip Moisture on the go Facial Mist 100ml,Löwengrip,16.0,Mist,"[""water"", ""glycerin"", ""propanediol"", ""aloe barbadensis leaf juice"", ""phenoxyethanol"", ""caprylyl glycol"", ""polysorbate 20"", ""allantoin"", ""caprylhydroxamic acid"", ""niacinamide"", ""sodium starch octenylsuccinate"", ""maltodextrin"", ""calcium pantothenate"", ""sodium ascorbyl phosphate"", ""tocopheryl acetate"", ""pyridoxine hcl"", ""silica"", ""parfum ""]"
p00377,Armani Prima Mist 100ml,Armani,34.0,Mist,"[""aqua / water"", ""caprylic/capric triglyceride"", ""glycerin"", ""alcohol denat"", ""isopropyl myristate"", ""sambucus nigra flower water"", ""phenoxyethanol"", ""dicaprylyl ether"", ""chlorphenesin"", ""rosa centifolia flower water"", ""tocopherol"", ""parfum / fragrance"", ""tetrasodium glutamate diacetate"", ""citric acid"", ""simmondsia chinensis seed oil / jojoba seed oil"", ""sodium benzoate"", ""sodium hyaluronate"", ""potassium sorbate"", ""hexyl cinnamal"", ""limonene"", ""hydroxycitronellal"", ""alpha-isomethyl ionone"", ""linalool""]"
p00378,The Ritual of Namasté Urban Hydrating Mist 100ml,Rituals,19.9,Mist,"[""water"", ""rosa damascena flower water"", ""glycerin"", ""nelumbo nucifera leaf cell extract"", ""tephrosia purpurea seed extract"", ""polygonum fagopyrum  seed extract"", ""sodium hyaluronate"", ""biosaccharide gum-1"", ""polyglyceryl-4 caprate"", ""propanediol"", ""saccharide isomerate"", ""sodium levulinate"", ""glyceryl caprylate"", ""citric acid"", ""sodium citrate"", ""sodium anisate"", ""sodium hydroxide"", ""potassium sorbate"", ""sodium benzoate"", ""benzyl alcohol"", ""linalool"", ""limonene"", ""geraniol"", ""citronellol"", ""benzyl salicylate"", ""citral"", ""parfum/fragrance""]"
p00379,Acorelle Pure Harvest Body Perfume - 100ml,Acorelle,10.0,Mist,"[""alcohol"", ""water"", ""glycerin"", ""fragrance"", ""limonene"", ""linalool""]"
p00380,Jurlique Lavender Hydrating Mist 50ml,Jurlique,23.0,Mist,"[""water"", ""polyglyceryl-10 laurate"", ""glycerin"", ""lavandula angustifolia  flower extract"", ""althaea officinalis root extract"", ""aloe barbadensis leaf extract"", ""fragrance/parfum"", ""potassium sorbate"", ""phenoxyethanol"", ""ethylhexylglycerin"", ""sodium benzoate"", ""citric acid"", ""linalool"", ""limonene""]"
p00381,Natura Bissé Tolerance Toner 200ml,Natura Bissé,46.0,Mist,"[""water"", ""glycerin"", ""propylene glycol"", ""peg-6 caprylic/capric glycerides"", ""sambucus nigra flower extract"", ""chamomilla recutita  flower extract"", ""camellia sinensis leaf extract"", ""arginine"", ""ethylhexylglycerin"", ""pentylene glycol"", ""urea"", ""lactic acid"", ""sodium lactate"", ""serine"", ""sorbitol"", ""allantoin"", ""sodium chloride"", ""peg-40 hydrogenated castor oil"", ""disodium edta"", ""potassium sorbate"", ""sodium benzoate"", ""phenoxyethanol"", ""fragrance"", ""flavor"", ""caramel""]"
p00382,NIOD Superoxide Dismutase Saccharide Mist 240ml,NIOD,34.0,Mist,"[""water"", ""superoxide dismutase"", ""pseudoalteromonas exopolysaccharides"", ""mirabilis jalapa extract"", ""arginine"", ""propanediol"", ""glycerin"", ""butylene glycol"", ""sodium salicylate"", ""ppg-26-buteth-26"", ""peg-40 hydrogenated castor oil"", ""citric acid"", ""trisodium ethylenediamine disuccinate"", ""phenoxyethanol"", ""chlorphenesin""]"
p00383,Eve Lom Radiance Face Mist 48ml,Eve Lom,38.0,Mist,"[""water"", ""rosa damascena flower water"", ""propanediol"", ""betaine"", ""xylitylglucoside"", ""maris aqua"", ""zinc pca"", ""anhydroxylitol"", ""ectoin"", ""xylitol"", ""polyglyceryl-4 caprate"", ""potassium sorbate"", ""disodium edta"", ""polyquaternium-51"", ""tephrosia purpurea seed extract"", ""magnesium aspartate"", ""zinc gluconate"", ""geraniol"", ""rosa damascena flower oil"", ""phenoxyethanol"", ""citronellol"", ""copper gluconate"", ""hydrolyzed rhodophyceae extract"", ""ethylhexylglycerin""]"
p00384,Clinique Take The Day Off Cleansing Balm 125ml,Clinique,25.0,Balm,"[""ethylhexyl palmitate"", ""carthamus tinctorius  seed oil"", ""caprylic/capric triglyceride"", ""sorbeth-30 tetraoleate"", ""polyethylene"", ""peg-5 glyceryl triisostearate"", ""water\\aqua\\eau"", ""tocopherol"", ""phenoxyethanol""]"
p00385,NUXE Baume Levres Reve De Miel - Honey Lip Balm (15g),NUXE,10.0,Balm,"[""cera alba/beeswax"", ""butyrospermum parkii  butter"", ""olus oil/vegetable oil"", ""lecithin"", ""behenoxy dimethicone"", ""prunus amygdalus dulcis  oil"", ""mel/honey"", ""dimethicone"", ""caprylic/capric triglyceride"", ""citrus grandis  peel oil"", ""hydrogenated vegetable oil"", ""rosa moschata seed oil"", ""tocopheryl acetate"", ""tocopherol"", ""citrus limon  peel oil"", ""glyceryl caprylate"", ""allantoin"", ""calendula officinalis flower extract"", ""helianthus annuus  seed oil"", ""propolis extract"", ""citric acid"", ""limonene"", ""citral"", ""linalool"", ""geraniol""]"
p00386,La Roche-Posay Cicaplast Baume B5 Soothing Repairing Balm 40ml,La Roche-Posay,7.5,Balm,"[""water"", ""water"", ""hydrogenated polyisobutene"", ""dimethicone"", ""glycerin"", ""butyrospermum parkii butter / shea butter"", ""panthenol"", ""propanediol"", ""butylene glycol"", ""aluminum starch octenylsuccinate"", ""cetyl peg/ppg-10/1 dimethicone"", ""trihydroxystearin"", ""zinc gluconate"", ""madecassoside"", ""manganese gluconate"", ""silica"", ""aluminum hydroxide"", ""magnesium sulfate"", ""disodium edta"", ""copper gluconate"", ""capryloyl glycine"", ""citric acid"", ""acetylated glycol stearate"", ""polyglyceryl-4 isostearate"", ""tocopherol"", ""pentaerythrityl tetra-di-t-butyl hydroxyhydrocinnamate"", ""ci 77891 / titanium dioxide""]"
p00387,ELEMIS Pro-Collagen Rose Cleansing Balm 105g,ELEMIS,44.0,Balm,"[""prunus amygdalus dulcis  oil"", ""caprylic/capric triglyceride"", ""peg-6 caprylic/capric glycerides"", ""peg-8 beeswax"", ""cetearyl alcohol"", ""sorbitan stearate"", ""sambucus nigra  seed oil"", ""peg-60 almond glycerides"", ""fragrance"", ""silica"", ""avena sativa  kernel oil"", ""triticum vulgare  germ oil"", ""butyrospermum parkii  butter"", ""citrus aurantium dulcis  peel cera"", ""glycerin"", ""lecithin"", ""borago officinalis  seed oil"", ""phenoxyethanol"", ""cocos nucifera  oil"", ""citronellol"", ""geraniol"", ""acacia decurrens  flower wax"", ""rosa multiflora  flower cera"", ""tocopherol"", ""rosa canina  fruit oil"", ""carthamus tinctorius  seed oil"", ""benzyl salicylate"", ""simmondsia chinensis  seed oil"", ""rose extract"", ""pelargonium graveolens  oil"", ""rosa damascena  flower oil"", ""rosa damascena  extract"", ""padina pavonica thallus extract"", ""citric acid""]"
p00388,Burt's Bees Beeswax Lip Balm Tube 4.25g,Burt's Bees,3.99,Balm,"[""cera alba"", ""cocos nucifera oil"", ""helianthus annuus seed oil"", ""mentha piperita oil"", ""lanolin"", ""tocopherol"", ""rosmarinus officinalis leaf extract"", ""glycine soja oil"", ""canola oil"", ""limonene""]"
p00389,La Roche-Posay Cicaplast Baume B5 Soothing Repairing Balm 100ml,La Roche-Posay,14.0,Balm,"[""water"", ""water"", ""hydrogenated polyisobutene"", ""dimethicone"", ""glycerin"", ""butyrospermum parkii butter / shea butter"", ""panthenol"", ""propanediol"", ""butylene glycol"", ""aluminum starch octenylsuccinate"", ""cetyl peg/ppg-10/1 dimethicone"", ""trihydroxystearin"", ""zinc gluconate"", ""madecassoside"", ""manganese gluconate"", ""silica"", ""aluminum hydroxide"", ""magnesium sulfate"", ""disodium edta"", ""copper gluconate"", ""capryloyl glycine"", ""citric acid"", ""acetylated glycol stearate"", ""polyglyceryl-4 isostearate"", ""tocopherol"", ""pentaerythrityl tetra-di-t-butyl hydroxyhydrocinnamate"", ""ci 77891 / titanium dioxide""]"
p00390,La Roche-Posay Cicaplast Baume B5 Repairing Balm SPF 50 40ml,La Roche-Posay,8.0,Balm,"[""water"", ""homosalate"", ""panthenol"", ""ethylhexyl salicylate"", ""butyl methoxydibenzoylmethane"", ""octocrylene"", ""alcohol denat"", ""bis-ethylhexyloxyphenol methoxyphenyl triazine"", ""styrene/acrylates copolymer"", ""ethylhexyl triazone"", ""triethanolamine"", ""dimethicone"", ""phenylbenzimidazole sulfonic acid"", ""peg-8 laurate"", ""sorbitan oleate"", ""zinc gluconate"", ""madecassoside"", ""manganese gluconate"", ""isohexadecane"", ""sodium acrylates crosspolymer-2"", ""silica"", ""2-oleamido-1"", ""3-octadecanediol"", ""perlite"", ""drometrizole trisiloxane"", ""poloxamer 338"", ""disodium edta"", ""copper gluconate"", ""caprylyl glycol"", ""polysorbate 80"", ""acrylamide/sodium acryloyldimethyltaurate copolymer"", ""acrylates/c10-30 alkyl acrylate crosspolymer"", ""bht"", ""tocopherol"", ""phenoxyethanol""]"
p00391,Burt's Bees Pomegranate Lip Balm Tube 4.25g,Burt's Bees,3.99,Balm,"[""helianthus annuus seed oil"", ""cera alba"", ""cocos nucifera oil"", ""ricinus communis seed oil"", ""lanolin"", ""aroma"", ""punica granatum seed oil"", ""tocopherol"", ""rosmarinus officinalis leaf extract"", ""glycine soja oil"", ""canola oil"", ""carmine"", ""benzyl salicylate"", ""cinnamal"", ""citral"", ""eugenol"", ""geraniol"", ""hydroxycitronellal"", ""limonene"", ""linalool""]"
p00392,Dr. PAWPAW Outrageous Orange Balm 25ml,Dr. PAWPAW,4.0,Balm,"[""petrolatum"", ""olea europaea  oil"", ""carica papaya fruit extrac"", ""aloe barbadensis leaf extract"", ""helianthus annuus  seed oil"", ""glycine soja  oil"", ""ci 15850"", ""ci 19140"", ""ci 77891 ""]"
p00393,Lanolips 101 Ointment Multi-Balm - Coconutter 10g,Lanolips,8.99,Balm,"[""lanolin"", ""flavour"", ""tocopherol acetate"", ""cocos nucifera  oil""]"
p00394,DECLÉOR Aromessence Neroli Amara Night Balm 15ml,DECLÉOR,32.2,Balm,"[""corylus avellana seed oil / hazelnut seed oil"", ""cera alba / beeswax"", ""oenothera biennis oil / evening primrose oil"", ""persea gratissima oil / avocado oil"", ""copernicia cerifera cera / carnauba wax"", ""citrus aurantium amara leaf/twig oil - bitter orange leaf/twig oil"", ""limonene"", ""linalool"", ""citrus aurantium dulcis peel oil / orange peel oil"", ""tocopherol"", ""citrus aurantium amara flower oil / bitter orange flower oil anthemis nobilis flower oil"", ""fusanus spicatus wood oil"", ""geraniol"", ""helianthus annuus seed oil / sunflower seed oil"", ""farnesol"", ""cananga odorata flower oil"", ""vanilla planifolia fruit extract"", ""citral"", ""benzyl alcohol"", ""benzyl benzoate"", ""benzyl salicylate""]"
p00395,Burt's Bees Honey Lip Balm Tube 4.25g,Burt's Bees,3.99,Balm,"[""cera alba"", ""cocos nucifera oil"", ""helianthus annuus seed oil"", ""aroma"", ""lanolin"", ""mel"", ""ammonium glycyrrhizate"", ""tocopherol"", ""rosmarinus officinalis leaf extract"", ""glycine soja oil"", ""canola oil"", ""benzyl benzoate"", ""benzyl cinnamate""]"
p00396,AMELIORATE Intensive Lip Treatment 15ml,AMELIORATE,15.0,Balm,"[""aqua/water/eau"", ""lanolin"", ""glycerin"", ""cetearyl alcohol"", ""squalane"", ""butyrospermum parkii  butter"", ""glyceryl stearate"", ""peg\u2010100 stearate"", ""c10\u201030 cholesterol/lanosterol esters"", ""peg\u20108 beeswax"", ""prunus amygdalus dulcis  oil"", ""aroma"", ""avena sativa  kernel oil"", ""cucumis sativus  oil"", ""dimethicone"", ""phenoxyethanol"", ""phytosteryl/octyldodecyl lauroyl glutamate"", ""sesamum indicum  seed oil"", ""sodium benzoate"", ""phospholipids"", ""potassium sorbate"", ""pentylene glycol"", ""xanthan gum"", ""calcium pca"", ""hydrolyzed milk protein"", ""stearic acid"", ""disodium edta"", ""lactic acid"", ""serine"", ""sodium lactate"", ""sorbitol"", ""urea"", ""saccharin"", ""palmitic acid"", ""sucrose stearate"", ""bht"", ""phenethyl alcohol"", ""sodium anisate"", ""sodium chloride"", ""sodium levulinate"", ""citric acid"", ""aloe barbadensis leaf  juice powder"", ""glyceryl caprylate"", ""nigella sativa  seed oil"", ""tocopherol"", ""helianthus annuus  seed oil"", ""allantoin"", ""p\u2010anisic acid""]"
p00397,Burt's Bees Lip Balm - Ultra Conditioning 4.25g,Burt's Bees,3.99,Balm,"[""cocos nucifera  oil"", ""olea europaea  fruit oil"", ""helianthus annuus  seed oil"", ""helianthus annuus  seed wax"", ""persea gratissima  oil"", ""olus"", ""cera alba"", ""sclerocarya birrea seed oil"", ""soybean glycerides"", ""theobroma cacao  seed butter"", ""garcinia indica seed butter"", ""butyrospermum parkii  butter"", ""butyrospermum parkii  unsaponifiables"", ""cymbopogon martini oil"", ""citrus aurantium dulcis  oil"", ""salvia sclarea  oil"", ""tocopherol"", ""myroxylon pereirae  oil"", ""vanilla planifolia fruit extract"", ""illicium verum  fruit/seed oil"", ""cananga odorata flower oil"", ""glycine soja  oil"", ""citric acid"", ""geraniol"", ""linalool"", ""benzyl benzoate""]"
p00398,Burt's Bees Lip Balm - Mango Lip Balm Tubes 4.25g,Burt's Bees,3.99,Balm,"[""helianthus annuus seed oil"", ""cocos nucifera oil"", ""cera alba"", ""aroma"", ""ricinus communis seed oil"", ""mangifera indica seed butter"", ""lanolin"", ""ammonium glycyrrhizinate"", ""tocopherol"", ""rosmarinus officinalis leaf extract"", ""glycine soja oil"", ""canola oil"", ""limonene"", ""linalool""]"
p00399,Maybelline Baby Lips Cherry Me,Maybelline,3.99,Balm,"[""polybutene"", ""octyldodecanol"", ""petrolatum"", ""isopropyl myristate"", ""polyethylene"", ""ozokerite"", ""diisostearyl malate"", ""butyrospermum parkii butter/shea butter"", ""candelilla cera/candelilla wax/lire de candelilla"", ""vp/hexadecene copolymer"", ""alumina"", ""synthetic fluorphlogopite"", ""aroma/flavor"", ""pentaerythrityl tetra-di-t-butyl hydroxyhydrocinnamate"", ""tocopheryl"", ""tocopheryl acetate"", ""calcium aluminum borosilicate"", ""limonene"", ""silica"", ""benzyl alcohol mel/honey/miel"", ""centella asiatica extract"", ""aluminum hydroxide"", ""linalool"", ""citral benzyl benzoate"", ""tin oxide"", ""hexyl cinnamal eugenol"", ""calcium sodium borosilicate"", ""bht"", ""dimethicone citric acid"", ""parfum/fragrance. [+/- may contain: ci 11891/titanium dioxide"", ""ci 45410/red 28 lake"", ""ci 45380/red 22 lake"", ""mica"", ""ci 77491"", ""ci 77492"", ""ci 77499/iron oxides ci 15850/red 7"", ""ci 15985/yellow 6 lake"", ""ci 19140/yellows lake"", ""ci 42090/blue i lake"", ""ci 75470/carmine]""]"
p00400,Omorovicza Perfecting Lip Balm (10ml),Omorovicza,34.0,Balm,"[""ricinus communis  seed oil"", ""diisostearyl polyglyceryl-3 dimer dilinoleate"", ""cera alba"", ""theobroma cacao  seed butter"", ""ethylhexyl palmitate"", ""butyrospermum parkii"", ""lanolin"", ""prunus domestica  seed extract"", ""prunus armeniaca  kernel oil"", ""menthyl pca"", ""helianthus annuus  seed oil"", ""benzyl alcohol"", ""aroma"", ""tribehenin"", ""safflower oil/palm oil aminopropanediol esters"", ""calendula officinalis flower extract"", ""ascorbyl tetraisopalmitate"", ""tocopherol"", ""silica dimethyl silylate"", ""water"", ""dehydroacetic acid"", ""phenoxyethanol"", ""sorbitan isostearate"", ""sodium saccharin"", ""eucalyptus globulus leaf oil"", ""mica"", ""limonene"", ""benzyl salicylate"", ""linalool"", ""sodium hyaluronate"", ""citronellol"", ""palmitoyl oligopeptide"", ""ci 77891"", ""ci 75470 ""]"
p00401,DECLÉOR Aromessence Ylang Ylang Night Balm 15ml,DECLÉOR,31.5,Balm,"[""corylus avellana  seed oil"", ""camellia kissi seed oil"", ""cera alba"", ""simmondsia chinensis  seed oil"", ""passiflora edulis seed oil"", ""butyrospermum parkii"", ""theobroma grandiflorum fruit extract"", ""copernicia cerifera cera"", ""citrus medica limonum  peel oil"", ""lavandula angustifolia  oil"", ""limonene"", ""rosmarinus officinalis  leaf oil"", ""linalool"", ""salvia sclarea  oil"", ""cananga odorata flower oil"", ""tocopherol"", ""eugenia caryophyllus  flower oil"", ""glycine soja  oil"", ""eugenol"", ""citral"", ""benzyl benzoate"", ""geraniol"", ""benzyl salicylate"", ""farnesol"", ""coumarin""]"
p00402,Mama Mio Keep Calm Nipple Balm 30ml,Mama Mio,12.0,Balm,"[""olus oil/vegetable oil/huile v\u00e9g\u00e9tale"", ""butyrospermum parkii  butter"", ""glyceryl rosinate"", ""cocos nucifera  oil"", ""ricinus communis  seed oil"", ""olea europaea  oil unsaponifiables"", ""argania spinosa kernel oil"", ""persea gratissima  oil"", ""plukenetia volubilis  seed oil"", ""tocopherol"", ""helianthus annuus  seed oil""]"
p00403,yes to Coconut Cleansing Balm 120g,Yes To,9.99,Balm,"[""prunus amygdalus dulcis  oil"", ""caprylic/capric triglyceride"", ""ricinus communis  seed oil"", ""hydrogenated castor oil"", ""copernicia cerifera  wax"", ""beeswax"", ""ricinus communis  oil"", ""polyglyceryl-3 palmitate"", ""polyglyceryl-2 caprate"", ""cocos nucifera  oil"", ""simmondsia chinensis  seed oil"", ""sesamum indicum  seed oil"", ""phenoxyethanol"", ""fragrance ""]"
p00404,Lanolips Rose Gold 101 Ointment For Lips + Cheeks 9g,Lanolips,13.0,Balm,"[""lanolin"", ""lanolin cera"", ""cera alba"", ""ricinus communis  seed oil"", ""mica"", ""aroma"", ""tocopherol"", ""benzyl alcohol"", ""helianthus annuus  seed oil"", ""tin oxide"", ""limonene"", ""ci 77891"", ""ci 15850"", ""ci 77491 ""]"
p00405,Frank Body Lip Balm Original 15ml,Frank Body,6.95,Balm,"[""lanolin"", ""lanolin cera"", ""olea europaea  fruit oil"", ""coco-caprylate/caprate"", ""beeswax"", ""carthamus\u00a0tinctorius  seed oil"", ""tricaprylin"", ""vitis vinifera  seed oil"", ""olus  oil"", ""cocos nucifera\u00a0 oil"", ""coffea arabica  seed oil"", ""vitis vinifera  fruit extract"", ""tocopherol"", ""glycine soja  oil"", ""stevioside"", ""caprylic/capric triglyceride"", ""ethyl macadamiate ""]"
p00406,REN Clean Skincare Evercalm Overnight Recovery Balm 30ml,REN,40.0,Balm,"[""coco-caprylate/caprate"", ""glycerin"", ""water"", ""almond/borage/linseed/olive acids/glycerides"", ""polyglyceryl-6 distearate"", ""jojoba esters"", ""oryza sativa starch"", ""cetyl alcohol"", ""glyceryl stearate"", ""helianthus annuus  seed oil unsaponifiables"", ""glyceryl caprylate"", ""polyglyceryl-3 beeswax"", ""sodium stearoyl glutamate"", ""benzyl alcohol"", ""parfum"", ""hippophae rhamnoides oil"", ""tocopherol"", ""magnesium carboxymethyl beta-glucan"", ""dehydroacetic acid"", ""eclipta prostrata extract"", ""eclipta prostrata leaf extract"", ""moringa oleifera seed oil"", ""helianthus annuus  seed oil"", ""rosmarinus officinalis leaf extract"", ""citronellol"", ""geraniol"", ""limonene"", ""linalool""]"
p00407,Rituals The Ritual of Sakura Hand Balm 175ml,Rituals,9.9,Balm,"[""water"", ""glycerin"", ""ce- tearyl alcohol"", ""cyclopentasiloxane"", ""tri- heptanoin"", ""cyclohexasiloxane glyceryl stearate\u00a0se"", ""butyrospermum parkii"", ""panthenol"", ""dimethicone"", ""ce- teareth-20"", ""oryza sativa  extract"", ""prunus\u00a0avium  extract"", ""allantoin"", ""propylene glycol"", ""sodium meta- bisulfite"", ""magnesium aspartate"", ""zinc\u00a0gluco- nate"", ""copper gluconate"", ""sodium phytate"", ""alcohol"", ""ethylhexylglycerin"", ""tocopherol"", ""parfum/fragrance"", ""benzyl\u00a0salicylate"", ""cin- namyl alcohol"", ""citronellol"", ""coumarin"", ""ge- raniol"", ""hexyl cinnamal"", ""isoeugenol"", ""linalo- ol"", ""butylphenyl methylpropional"", ""al- pha-isomethyl ionone"", ""limonene"", ""phe- noxyethanol"", ""potassium sorbate"", ""sorbic acid"", ""lactic acid"", ""citric acid"", ""sodium citrate""]"
p00408,Lanolips 101 Ointment Multi-Balm - Peach 10g,Lanolips,8.99,Balm,"[""pure medical grade lanolin""]"
p00409,DECLÉOR Green Mandarin Night Balm 15ml,DECLÉOR,35.0,Balm,"[""helianthus annuus seed oil / sunflower seed oil"", ""prunus armeniaca kernel oil / apricot kernel oil"", ""cera alba / beeswax"", ""macadamia integrifolia seed oil"", ""sclerocarya birrea seed oil"", ""butyrospermum parkii butter / shea butter"", ""cocos nucifera oil / coconut oil"", ""limonene"", ""copernicia cerifera cera / carnauba wax"", ""citrus nobilis peel oil / mandarin orange peel oil"", ""citrus limon peel oil / lemon peel oil"", ""citrus aurantium dulcis peel oil / orange peel oil"", ""daucus carota sativa root extract / carrot root extract"", ""tocopherol"", ""fusanus spicatus wood oil"", ""gardenia taitensis flower"", ""jasminum sambac flower extract / jasmine flower extract"", ""citrus paradisi peel oil / grapefruit peel oil"", ""citral"", ""linalool"", ""benzyl alcohol"", ""farnesol"", ""geraniol"", ""citric acid""]"
p00410,Weleda Lip Balm (4.8g),Weleda,4.95,Balm,"[""simmondsia chinensis  seed oil"", ""beeswax"", ""butyrospermum parkii  butter"", ""euphorbia cerifera  wax"", ""rosa damascena flower wax"", ""copernicia cerifera  wax"", ""vanilla planifolia fruit extract"", ""rosa damascena extract"", ""citronellol"", ""benzyl alcohol"", ""geraniol"", ""citral"", ""eugenol"", ""farnesol""]"
p00411,PIXI Rose Flash Balm 45ml,PIXI,26.0,Balm,"[""water/aqua/eau"", ""rosa centifolia flower water"", ""propylene glycol"", ""octyldodecanol"", ""tapioca starch"", ""polysorbate 60"", ""sorbitan stearate"", ""carbomer"", ""phenoxyethanol"", ""triethyl citrate"", ""aminomethyl propanol"", ""sucrose cocoate"", ""glycerin"", ""olea europaea  leaf extract"", ""hamamelis virginiana  extract"", ""rose extract"", ""bisabolol"", ""ethylhexylglyercin"", ""polymethylsilsesquioxane"", ""disodium edta"", ""sodium citrate"", ""red 40 ""]"
p00412,Balance Me Cleanse and Smooth Face Balm 125ml,Balance Me,16.0,Balm,"[""prunus amygdalus dulcis  oil"", ""cera alba"", ""avena sativa  kernel flour"", ""butyrospermum parkii  butter"", ""mangifera indica  seed butter"", ""polyglyceryl-3 dicitrate/stearate"", ""hydroxystearic/linolenic/oleic polyglycerides"", ""theobroma cacao  seed butter"", ""rosa canina  fruit oil"", ""camellia oleifera  seed oil"", ""aleurites moluccana  seed oil"", ""cocos nucifera  oil"", ""rubus chamaemorus  seed extract"", ""vitis vinifera  seed oil"", ""citrus nobilis  peel oil"", ""anthemis nobilis  flower oil"", ""citrus aurantium amara  leaf/twig oil"", ""litsea cubeba  fruit oil"", ""coriandrum sativum  seed oil"", ""cananga odorata  flower oil"", ""helianthus annuus  seed oil"", ""rosmarinus officinalis  extract"", ""tocopherol"", ""limonene"", ""linalool"", ""citral"", ""geraniol""]"
p00413,First Aid Beauty Ultra Repair Intensive Lip Balm (10g),First Aid Beauty,16.0,Balm,"[""cera alba"", ""carthamus tinctorius  seed oil"", ""water"", ""prunus amygdalus dulcis  oil"", ""butyrospermum parkii  butter"", ""lecithin"", ""theobroma cacao  seed butter"", ""caprylic/capric triglyceride"", ""glycerin"", ""flavor"", ""triticum vulgare  germ oil"", ""colloidal oatmeal"", ""urea"", ""honey"", ""chrysanthemum parthenium  extract"", ""camellia sinensis leaf extract"", ""glycyrrhiza glabra  root extract"", ""propolis extract"", ""allantoin"", ""vanilla planifolia fruit extract"", ""butylene glycol"", ""caprylyl glycol"", ""phenoxyethanol"", ""leuconostoc/radish root ferment filtrate"", ""sodium hydroxide"", ""edta"", ""eugenol""]"
p00414,Dr. PAWPAW Original Balm 100ml,Dr. PAWPAW,18.99,Balm,"[""petrolatum"", ""olea europaea  fruit oil"", ""carica papaya fruit extract"", ""aloe barbadensis leaf juice""]"
p00415,Dr Hauschka Lip Balm 4.5ml,Dr Hauschka,10.5,Balm,"[""ricinus communis  seed oil"", ""beeswax"", ""arachis hypogaea  oil"", ""daucus carota sativa  root extract"", ""anthyllis vulneraria extract"", ""prunus armeniaca  kernel oil"", ""calendula officinalis flower extract"", ""helianthus annuus  seed oil"", ""theobroma cacao  seed butter"", ""hypericum perforatum flower/leaf extract"", ""silk  powder"", ""triticum vulgare  germ oil"", ""simmondsia chinensis  seed oil"", ""triticum vulgare  bran extract"", ""lecithin"", ""fragrance"", ""citronellol"", ""geraniol"", ""linalool"", ""farnesol"", ""benzyl benzoate"", ""citral"", ""eugenol"", ""benzyl alcohol"", ""benzyl salicylate""]"
p00416,By Terry Baume de Rose Flaconnette 7ml,By,32.5,Balm,"[""ricinus communis  seed oil"", ""synthetic wax"", ""tridecyl trimellitate"", ""hydroxystrearic/linolenic/oleic polyglycerides"", ""diisostearyl malate"", ""methyl hydrogenated rosinate"", ""hydrogenated polyisobutene"", ""ethylhexyl methoxycinnamate"", ""polyethylene"", ""butyl methoxydibenzoylmethane"", ""butyrospermum parkii  butter"", ""stearalkonium hectorite"", ""corylus avellana  seed oil"", ""parfum / fragrance"", ""c20-40 acid"", ""tocopherol"", ""ci 77891 / titanium dioxide"", ""caprylic/capric triglyceride"", ""ethylhexyl palmitate"", ""propylene carbonate"", ""geraniol"", ""rosa centifolia flower  cera"", ""rosa damascena flower  cera"", ""trihydroxypalmitamidohydroxypropyl myristyl ether"", ""citronellol"", ""alumina"", ""aluminum stearate"", ""polyhydroxystearic acid"", ""mica"", ""citric acid"", ""silica dimethyl silylate"", ""benzyl benzoate"", ""bht"", ""butylene glycol"", ""caprylyl glycol"", ""ci 75470 / carmine"", ""eugenol"", ""phenoxyethanol"", ""citral"", ""sodium hyaluronate"", ""hexylene glycol""]"
p00417,DECLÉOR Aromessence Magnolia Youthful Night Balm 15ml,DECLÉOR,46.2,Balm,"[""corylus avellana seed oil/hazelnut seed oil"", ""simmondsia chinensis seed oil/jojoba seed oil"", ""cocos nucifera oil/coconut oil"", ""linalool"", ""michelia alba leaf oil"", ""cymbopogon martini oil"", ""pelargonium graveolens flower oil"", ""citrus limon peel oil/lemon peel oil"", ""limonene"", ""cananga odorata flower oil"", ""tocopherol"", ""citronellol"", ""jasminum officinale oil/jasmine oil"", ""geraniol"", ""zingiber officinale\u00a0root oil/ginger root oil"", ""fusanus spicatus wood oil"", ""benzyl benzoate"", ""gardenia tahitensis flower extract"", ""benzyl alcohol"", ""citral"", ""farnesol"", ""rosa damascena flower oil"", ""helianthus annuus seed oil/sunflower seed oil"", ""mentha piperita oil/peppermint oil"", ""benzyl\u00a0salicylate"", ""eugenol""]"
p00418,REN Rosa Centifolia No.1 Purity Cleansing Balm,REN,23.0,Balm,"[""prunus amygdalus dulcis  oil"", ""cetearyl ethylhexanoate"", ""glyceryl cocoate"", ""caprylic/capric triglyceride"", ""glyceryl stearate"", ""glyceryl dibehenate"", ""tribehenin"", ""glyceryl behenate"", ""butyrospermum parkii"", ""sodium cocoyl glutamate"", ""parfum"", ""rosa centifolia flower extract"", ""cymbopogon martini oil"", ""viola odorata extract"", ""anthemis nobilis  flower oil"", ""lecithin"", ""benzyl alcohol"", ""oryzanol"", ""tocopherol"", ""citronellol"", ""geraniol"", ""eugenol"", ""linalool""]"
p00419,Dr. PAWPAW Hot Pink Balm 25ml,Dr. PAWPAW,6.95,Balm,"[""petrolatum"", ""olea europaea  oil"", ""carica papaya fruit extract"", ""aloe barbadensis leaf extract"", ""helianthus annuus  seed oil"", ""glycine soja  oil"", ""ci 77491"", ""ci 77499"", ""ci 77891""]"
p00420,Lanolips Tinted SPF30 Balm - Red Apple 12.5g,Lanolips,8.99,Balm,"[""lanolin"", ""theobroma cacao seed butter"", ""ricinus communic seed oil / titanium dioxide"", ""cera alba/beeswax/cire d'abeille"", ""ethylhexyl methoxycinnamate"", ""benzophenone-3"", ""butyl methoxydibenzoylmethane"", ""butyrospermum parkii butter"", ""octocrylene"", ""vitis vinifera  seed oil"", ""tocopherol"", ""aroma"", ""prunus amygdalus  dulcis oil"", ""cocos  nucifera oil +/- \u00a0hydrogenated polydecene"", ""hydroxystearic acid"", ""mica"", ""titanium dioxide"", ""red 28 lake"", ""red 33 lake"", ""yellow 5 lake"", ""red 6"", ""iron oxides""]"
p00421,Spa Magik Organiks Wrinkle Therapy Moisture Melt Cleansing Balm 100ml,Spa Magik,14.95,Balm,"[""dead sea salt"", ""persea gratissima  oil"", ""citrus aurantium bergamia  fruit oil"", ""santalum album  oil"", ""citrus medica limonum  peel oil"", ""cedrus atlantica  bark oil"", ""pogostomon cablin  oil"", ""myroxylon pereirae  oil"", ""dipteryx odorata bean extract"", ""vetiveria zizanoides root oil"", ""cinnamomum cassia oil"", ""elettaria cardamomum  seed oil"", ""fragrance"", ""lavandula angustifolia  oil"", ""aloe barbadensis  leaf juice"", ""opuntia streptacantha  stem extract & glycerin & phenoxyethanol"", ""simmondsia chinensis  seed oil"", ""olea europaea  fruit oil"", ""limonene""]"
p00422,Uriage Xémose Anti-Itch Soothing Oil Balm 500ml,Uriage,20.89,Balm,"[""water"", ""c13-15 alkane"", ""hydrogenated polydecene"", ""butyrospermum parkii"", ""cetearyl ethylhexanoate"", ""isononyl isononanoate"", ""beheneth-25"", ""butylene glycol"", ""glycerin"", ""1"", ""2-hexanediol"", ""shorea stenoptera seed butter"", ""brassica campestris  sterols"", ""chlorphenesin"", ""xanthan gum"", ""acrylates/c10-30 alkyl acrylate crosspolymer"", ""sodium polyacrylate"", ""o-cymen-5-ol"", ""tocopheryl acetate"", ""raspberry seed oil/palm oil"", ""aminopropanediol esters"", ""sodium hydroxide"", ""asiaticoside"", ""phytosphingosine"", ""borage seed oil aminopropanediol amides"", ""citric acid""]"
p00423,benefit Dr Feelgood Velvety Complexion Balm,benefit,29.0,Balm,"[""corn starch modified"", ""diethylene glycol diethylhexanoate"", ""neopentylglycol dicaprylate/dicaprate"", ""isostearyl neopentanoate"", ""silica"", ""polyethylene"", ""tridecyl trimellitate"", ""ethylhexyl isononanoate"", ""copernicia cerifera  wax"", ""diethylene glycol diisononanoate"", ""tocopherol linoleate"", ""fragrance"", ""retinyl palmitate"", ""benzyl salicylate"", ""linalool"", ""ascorbyl palmitate"", ""citronellol"", ""geraniol"", ""amyl cinnamal"", ""limonene"", ""tocopherol"", ""bht""]"
p00424,Jurlique Rose Love Balm (15ml),Jurlique,12.0,Balm,"[""olea europaea  fruit oil"", ""cera alba"", ""cetearyl alcohol"", ""carthamus tinctorius  seed oil"", ""caprylic/capric\u00a0triglyceride"", ""fragrance"", ""glycine soja  oil"", ""calendula officinalis flower extract"", ""chamomilla recutita\u00a0 flower extract"", ""althaea officinalis root extract"", ""rosa gallica flower extract"", ""bellis perennis  flower extract"", ""viola odorata extract"", ""viola tricolor extract"", ""echinacea purpurea extract"", ""bisabolol"", ""tocopherol"", ""phenoxyethanol"", ""ethylhexylglycerin"", ""totarol"", ""dehydroacetic acid"", ""citral"", ""eugenol"", ""geraniol"", ""linalool"", ""citronellol""]"
p00425,Aurelia Probiotic Skincare Refine and Polish Miracle Balm 75ml,Aurelia,45.6,Balm,"[""caprylic/capric triglyceride"", ""glycerin"", ""prunus amygdalus dulcis  oil"", ""yogurt powder"", ""oryza sativa  bran wax"", ""sucrose laurate"", ""water"", ""bifida ferment lysate"", ""cetyl esters"", ""schinziophyton rautanenii kernel oil"", ""citrus aurantium dulcis\u00a0 fruit water"", ""vaccinium myrtillus fruit extract"", ""olea europaea  fruit oil"", ""eucalyptus globulus leaf oil"", ""rosmarinus officinalis  leaf oil"", ""sucrose palmitate"", ""saccharum officinarum  extract"", ""citrus aurantium\u00a0bergamia  fruit oil"", ""citrus aurantium dulcis  fruit extract"", ""citrus limon  fruit extract"", ""anthemis\u00a0nobilis flower oil"", ""acer saccharum  sap extract"", ""tocopheryl acetate"", ""lactis proteinum"", ""adansonia\u00a0digitata fruit extract"", ""hibiscus sabdariffa flower extract"", ""kigelia africana fruit extract"", ""benzyl alcohol"", ""citric acid"", ""lactose"", ""dehydroacetic acid"", ""limonene"", ""linalool""]"
p00426,Rituals The Ritual of Ayurveda Hand Balm 175ml,Rituals,9.9,Balm,"[""water"", ""glycerin"", ""cyclopentasiloxane"", ""triheptanoin"", ""cyclohexasiloxane"", ""cetearyl alcohol"", ""glyceryl stearate se"", ""butyrospermum parkii  butter"", ""panthenol"", ""ceteareth-20"", ""dimethicone"", ""rosa damascena"", ""flower water"", ""prunus amygdalus dulcis"", ""oil"", ""allantoin"", ""magnesium"", ""aspartate"", ""zinc\u00a0gluconate"", ""copper"", ""gluconate"", ""phytic acid"", ""ethylhexylglycerin"", ""tocopherol"", ""parfum/fragrance"", ""benzyl benzoate"", ""citral"", ""citronellol"", ""coumarin"", ""hexyl cinnamal"", ""linalool"", ""butylphenyl methylpropional"", ""limonene"", ""phenoxyethanol"", ""sodium benzoate"", ""potassium sorbate"", ""sorbic acid"", ""lactic acid"", ""citric acid"", ""sodium hydroxide""]"
p00427,Rodial Bee Venom Cleansing Balm 100ml,Rodial,65.0,Balm,"[""prunus amygdalus dulcis  oil"", ""glycerin"", ""glyceryl behenate"", ""peg-8 caprylic/capric glycerides"", ""polyglyceryl-3 diisostearate"", ""simmondsia chinensis  seed oil"", ""polysorbate 20"", ""prunus armeniaca  kernel oil"", ""triticum vulgare  germ oil"", ""helianthus annuus  seed oil"", ""dipropylene glycol"", ""ascorbyl tetraisopalmitate"", ""salicylic acid"", ""sodium palmitoyl proline"", ""limonene"", ""parfum"", ""water"", ""nymphaea alba  flower extract"", ""tocopherol"", ""linalool"", ""punica granatum  fruit extract"", ""geraniol"", ""farnesol"", ""citral"", ""bee venom"", ""sodium benzoate"", ""potassium sorbate""]"
p00428,Indeed Labs Watermelon Melting Balm 100ml,Indeed Labs,24.99,Balm,"[""isopropyl myristate"", ""caprylic/capric triglyceride"", ""cetearyl alcohol"", ""peg-20 glyceryl triisostearate"", ""copernicia cerifera  wax"", ""peg-6 caprylic/capric glycerides"", ""candelilla cera"", ""glyceryl stearate se"", ""cannabis sativa seed oil"", ""citrullus vulgaris  seed oil"", ""silica"", ""tribehenin"", ""jojoba esters"", ""helianthus annuus  seed wax"", ""phenoxyethanol"", ""bisabolol"", ""panthenyl ethyl ether"", ""tocopheryl acetate"", ""acacia decurrens flower extract"", ""polyglycerin-3"", ""lecithin"", ""ascorbyl palmitate"", ""tocopherol"", ""helianthus annuus  seed oil""]"
p00429,DECLÉOR Cica-Botanic Balm,DECLÉOR,24.5,Balm,"[""macadamia integrifolia seed oil"", ""cera alba / beeswax"", ""helianthus annuus seed oil / sunflower seed oil"", ""butyrospermum parkii butter / shea butter"", ""simmondsia chinensis seed oil / jojoba seed oil"", ""copernicia cerifera cera / carnauba wax"", ""eucalyptus globulus leaf oil"", ""rosmarinus officinalis leaf oil / rosemary leaf oil"", ""melaleuca viridiflora leaf oil"", ""pelargonium graveolens flower oil"", ""cupressus sempervirens leaf/nut/stem oil"", ""tocopherol"", ""mentha piperita oil / peppermint oil"", ""limonene"", ""citronellol"", ""daucus carota sativa root extract / carrot root extract"", ""geraniol"", ""linalool"", ""piper nigrum fruit oil / pepper fruit oil"", ""citral"", ""citric acid""]"
p00430,OSKIA Micro Exfoliating Balm - 50ml,OSKIA,52.0,Balm,"[""prunus amygdalus dulcis  oil"", ""glycerin"", ""sesamum indicum  seed oil"", ""decyl oleate"", ""glyceryl stearate"", ""caprylic/capric triglyceride"", ""methyl sulphonyl methane"", ""glyceryl dibehenate"", ""silica"", ""tribehenin"", ""glyceryl caprylate"", ""glyceryl behenate"", ""helianthus annuus  seed oil"", ""coco glucoside"", ""butyrospermum parkii"", ""calendula officinalis flower extract"", ""parfum"", ""mentha piperita  oil"", ""benzyl alcohol"", ""zinc glycine"", ""water"", ""inulin"", ""alpha-glucan oligosaccharide"", ""aleurites moluccana  seed oil"", ""rosa canina  seed oil"", ""tocopherol"", ""dehydroacetic acid"", ""citronellol"", ""geraniol""]"
p00431,Laura Mercier Infusion de Rose Lip Balm 3.4g,Laura Mercier,17.0,Balm,"[""hydrogenated polyisobutene"", ""butyrospermum parkii  butter"", ""cera alba/beeswax/cire d\u2019abeille"", ""olus/vegetable oil/huile v\u00e9g\u00e9tale"", ""simmondsia chinensis  seed oil"", ""rosa canina fruit  oil"", ""tocopheryl acetate"", ""camelina sativa seed oil"", ""saccharin"", ""macadamia ternifolia seed oil"", ""aleurites moluccanus seed oil"", ""rhus verniciflua peel wax"", ""fragrance"", ""benzyl benzoate"", ""citronellol"", ""eugenol""]"
p00432,Oh K! SOS Soothing Facial Balm 100ml,Oh K!,8.0,Balm,"[""water"", ""glycerin"", ""dipropylene glycol"", ""methylpropanediol"", ""cetyl ethylhexanoate"", ""1"", ""2 hexanediol"", ""butylene glycol dicaprylate/dicaprate"", ""cetearyl olivate"", ""sorbitan olivate"", ""xylitol"", ""dexpanthenolum"", ""ammonium acryloyldimethyltaurate/ vp copolymer"", ""alcohol stearylicus"", ""alcohol cetylicus"", ""arginine"", ""acrylates/c10-30 alkyl acrylate crosspolymer"", ""gluconolactone"", ""allantoin"", ""butylene glycol"", ""sodium polyacrylate"", ""camellia sinesis leaf extract"", ""ethylhexyglycerin"", ""natrii edetas"", ""dipotassium glycyrrhizate"", ""cynanchum atratum extract"", ""melaleuca alternifolia  leaf extract"", ""zinc oxidum""]"
p00433,By Terry Baume De Rose Nutri-Couleur Lip Balm 7g,By,36.0,Balm,"[""ricinus communis  seed oil"", ""tridecyl trimellitate"", ""synthetic wax"", ""hydroxystrearic/linolenic/oleic polyglycerides"", ""diisostearyl malate"", ""methyl hydrogenated rosinate"", ""hydrogenated polyisobutene"", ""polyethylene"", ""butyrospermum parkii / shea butter"", ""stearalkonium hectorite"", ""c20-40 acid"", ""corylus avellana  seed oil"", ""parfum / fragrance"", ""tocopherol"", ""ethylhexyl palmitate"", ""propylene carbonate"", ""geraniol"", ""rosa centifolia flower  cera"", ""rosa damascena flower  cera"", ""trihydroxypalmitamidohydroxypropyl myristyl ether"", ""citronellol"", ""citric acid"", ""linalool"", ""silica dimethyl silylate"", ""benzyl benzoate"", ""butylene glycol"", ""caprylyl glycol"", ""citral"", ""eugenol"", ""phenoxyethanol"", ""sodium hyaluronate"", ""hexylene glycol"", ""polyhydroxystearic acid"", ""+/- [ci 77891 / titanium dioxide"", ""ci 15985 / yellow 6 lake"", ""ci 15850 / red 6"", ""ci 77491 / iron oxides"", ""ci 77492 / iron oxides"", ""ci 42090 / blue 1 lake"", ""ci 15850 / red 7"", ""ci 77499 / iron oxides"", ""ci 45410 / red 28 lake]""]"
p00434,MONU Recovery Balm (50ml),MONU,32.0,Balm,"[""water"", ""cetearyl alcohol"", ""simmondsia chinensis  oil"", ""ethylhexyl palmitate"", ""glycerin"", ""octyl dodecyl stearoyl stearate"", ""c12-c15 alkyl benzoate"", ""glyceryl stearate"", ""peg-100 stearate"", ""cyclotetrasiloxane"", ""cyclopentasiloxane"", ""butyrospermum parkii  butter"", ""dimethicone"", ""phenoxyethanol"", ""coconut alcohol"", ""oenothera biennis  oil"", ""ribes nigrum  seed oil"", ""betaine"", ""panthenol"", ""inulin"", ""alpha-glucan oligosaccharide bisabolol"", ""sodium ascorbyl phosphate"", ""polyacrylamide"", ""coco glucoside"", ""c13-14 isoparaffin"", ""cassia alata leaf extract"", ""acetyl tetrapeptide-15"", ""sodium hyaluronate"", ""rosa damascena flower oil"", ""citrus aurantium bergamia  fruit oil"", ""limonene"", ""linalool"", ""citronellol"", ""geraniol"", ""eugenol"", ""citral"", ""farnesol"", ""xanthan gum"", ""tocopherol"", ""disodium edta"", ""laureth-7"", ""ethylhexylglycerin"", ""sorbic acid""]"
p00435,Darphin Intral Redness Relief Recovery Balm,Darphin,48.0,Balm,"[""water"", ""octyldodecyl stearoyl stearate"", ""mangifera indica  seed butter"", ""butyrospermum parkii"", ""glycerin"", ""glyceryl polymethacrylate"", ""dimethicone"", ""hydrogenated polydecene"", ""simmondsia chinensis  seed oil"", ""pentylene glycol"", ""glyceryl stearate"", ""peg-100 stearate"", ""polymethyl methacrylate"", ""tridecyl stearate"", ""cyclopentasiloxane"", ""cetyl alcohol"", ""tridecyl trimellitate"", ""chamomilla recutita  flower extract"", ""paeonia suffructicosa  root extract"", ""alteromonas ferment extract"", ""crataegus monogina flower extract"", ""panthenol"", ""cucumis melo  fruit extract"", ""triticum vulgare  extract"", ""dipentaerythrityl hexacaprylate/hexacaprate"", ""olea europaea  fruit extract"", ""persea gratissima  oil"", ""glycosaminoglycans"", ""acrylates/c10-30 alkyl acrylate crosspolymer"", ""cholesterol"", ""potassium sulfate"", ""tocopheryl acetate"", ""palmitic acid"", ""dimethiconol phytosphingosine"", ""butylene glycol"", ""xanthan gum"", ""propylene glycol"", ""dicaprylate"", ""sodium stearate"", ""tocopherol"", ""tetrasodium edta"", ""hydroxycitronellal"", ""fragrance"", ""phenoxyethanol"", ""sodium benzoate""]"
p00436,Darphin Aromatic Cleansing Balm with Rosewood 125ml,Darphin,75.0,Balm,"[""hydrogenated polydecene"", ""oleic/linoleic/linolenic polyglycerides"", ""glycerin"", ""hydroxystearic/linolenic/oleic polyglycerides"", ""sorbitan oleate"", ""peg-10 laurate"", ""peg-100 stearate"", ""glyceryl behenate/eicosadioate"", ""polyglyceryl-10 behenate/eicosadioate"", ""decyl glucoside"", ""polyglyceryl-10 hydroxystearate/stearate/eicosadioate"", ""simmondsia chinensis  seed oil"", ""aniba rosaeodora  wood oil"", ""cananga odorata flower oil"", ""salvia officinalis  oil"", ""sclerocarya birrea seed oil"", ""vanilla planifolia fruit extract"", ""water\\aqua\\eau"", ""beta-carotene"", ""cetearyl alcohol"", ""glyceryl stearate"", ""behenyl alcohol"", ""tocopherol"", ""dextrin palmitate"", ""benzyl benzoate"", ""linalool"", ""benzyl salicylate""]"
p00437,Holika Holika Good Cera Super Ceramide Moisture Balm 40ml,Holika Holika,21.95,Balm,"[""glycerin"", ""water"", ""cetearyl alcohol"", ""olea europaea  fruit oil"", ""1"", ""2-hexanediol"", ""macadamia integrifolia seed oil"", ""cetearyl glucoside"", ""glyceryl stearate"", ""stearic acid"", ""phytosteryl/isostearyl/cetyl/stearyl/behenyl dimer dilinoleate"", ""ceramide np"", ""hydrogenated polydecene"", ""butyrospermum parkii  butter"", ""ceteareth-20"", ""glyceryl citrate/lactate/linoleate/oleate"", ""butylene glycol"", ""hydroxypropyl bispalmitamide mea"", ""glycosphingolipids"", ""ceramide ap"", ""meadowfoam estolide"", ""glycine soja  sterols"", ""ethylhexyl isononanoate"", ""hydrogenated lecithin"", ""caprylic/capric triglyceride"", ""ceramide eop"", ""alteromonas ferment extract"", ""bacillus ferment"", ""glycerylamidoethyl methacrylate/stearyl methacrylate copolymer"", ""dipropylene glycol"", ""lavandula angustifolia  oil"", ""citrus grandis  peel oil"", ""cymbopogon citratus leaf oil"", ""pelargonium graveolens oil"", ""citrus aurantium dulcis  peel oil"", ""pogostemon cablin oil"", ""santalum album  oil"", ""chamomilla recutita  flower oil"", ""hydroxyethyl acrylate/sodium acryloyldimethyl taurate copolymer"", ""squalane"", ""polysorbate 60"", ""acrylates/c10-30 alkyl acrylate crosspolymer"", ""tromethamine"", ""allantoin"", ""disodium edta"", ""propylene glycol"", ""ethylhexylglycerin""]"
p00438,Garnier Organic Argan Rescue Balm 50ml,Garnier,9.99,Balm,"[""aqua / water"", ""butyrospermum parkii butter / shea butter"", ""coco-caprylate/caprate"", ""glycerin"", ""cetearyl alcohol"", ""alcohol denat"", ""glyceryl stearate citrate"", ""copernicia cerifera cera / carnauba wax"", ""cetearyl glucoside"", ""aloe barbadensis leaf juice powder"", ""centaurea cyanus flower water"", ""argania spinosa kernel oil"", ""sodium phytate"", ""arginine"", ""helianthus annuus seed oil / sunflower seed oil"", ""coco-betaine"", ""propanediol"", ""citric acid"", ""xanthan gum"", ""tocopherol"", ""salicylic acid"", ""linalool"", ""limonene"", ""benzyl alcohol"", ""benzyl salicylate"", ""parfum / fragrance""]"
p00439,Menaji Lip Balm Agent (0.15oz./4.2g),Menaji,4.33,Balm,"[""beeswax"", ""helianthus annuus  seed oil"", ""ricinus communis  seed oil"", ""lanolin"", ""cocos nucifera  oil"", ""mentha piperita  oil"", ""zea mays  oil"", ""tocopheryl acetate"", ""bht""]"
p00440,MONUPLUS Beauty Balm (50ml),MONUPLUS,39.95,Balm,"[""water"", ""glycerin"", ""isohexadecane"", ""cetyl esters"", ""hamamelis virginiana"", ""triethanolamine"", ""glyceryl stearate"", ""peg-100 stearate"", ""carbomer"", ""citrus aurantium dulcis  oil"", ""phenoxyethanol"", ""cetearyl alcohol"", ""peg-20 stearate"", ""hydrolyzed casein"", ""ceratonia siliqua gum"", ""tocopheryl acetate"", ""citrus aurantium dulcis  flower oil"", ""alcohol denat"", ""bisabolol"", ""methylparaben"", ""disodium edta"", ""butylparaben"", ""ethylparaben"", ""bha"", ""propylparaben"", ""sodium hyaluronate"", ""iron oxides"", ""limonene"", ""linalool"", ""farnesol"", ""geraniol"", ""citral""]"
p00441,The Ritual of Namasté Restoring Night Balm 50ml,Rituals,39.9,Balm,"[""cocoglycerides"", ""sesamum indicum  seed oil"", ""caprylic/capric triglyceride"", ""cera alba"", ""butyrospermum parkii  butter"", ""simmondsia chinensis  seed oil"", ""polyglyceryl-3 beeswax"", ""c10-18 triglycerides"", ""lauryl laurate"", ""glycerin"", ""jojoba esters"", ""oryza sativa  bran cera"", ""camellia oleifera seed oil"", ""polyglycerin-3"", ""water"", ""sodium cocoyl alaninate"", ""nelumbo nucifera leaf cell extract"", ""cistus incanus flower/leaf/stem extract"", ""gynostemma pentaphyllum leaf/stem extract"", ""centella asiatica extract"", ""helianthus annuus  seed oil"", ""acacia decurrens flower cera"", ""helianthus annuus  seed cera"", ""bisabolol"", ""decyl glucoside"", ""glutamine"", ""tocopherol"", ""phenethyl alcohol"", ""citric acid"", ""potassium sorbate"", ""sodium benzoate"", ""benzyl alcohol"", ""limonene"", ""linalool"", ""citral"", ""geraniol"", ""parfum/fragrance""]"
p00442,yes to Cucumbers Exfoliating Cleansing Balm 120g,Yes To,9.99,Balm,"[""prunus amygdalus dulcis  oil"", ""caprylic/capric triglyceride"", ""beeswax"", ""ricinus communis  seed\u00a0oil"", ""hydrogenated castor oil"", ""copernicia cerifera  wax"", ""ricinus communis  oil"", ""polyglyceryl-3\u00a0palmitate"", ""polyglyceryl-2 caprate"", ""hydrogenated castor oil"", ""lactose"", ""cellulose"", ""chromium hydroxide green"", ""tocopheryl\u00a0acetate"", ""hydroxypropyl methylcellulose"", ""cocos nucifera  oil"", ""silica dimethyl silylate"", ""cucumis sativus\u00a0 fruit oil"", ""simmondsia chinensis  seed oil"", ""sesamum indicum  seed oil"", ""phenoxyethanol"", ""fragrance ""]"
p00443,Clinique Superbalm Lip Treatment 7ml,Clinique,14.0,Balm,"[""petrolatum"", ""polybutene"", ""polydecene"", ""bis-diglyceryl polyacyladipate-2"", ""octyldodecanol"", ""microcrystalline wax\\cera microcristallina\\cire microcristalline"", ""tocopheryl acetate"", ""polyglyceryl-2 triisostearate"", ""aloe barbadensis leaf extract"", ""cholesterol"", ""hordeum vulgare  extract\\extrait d'orge"", ""triticum vulgare  germ extract"", ""squalane"", ""linoleic acid"", ""salvia sclarea  extract"", ""glycine soja  oil"", ""tetrahexyldecyl ascorbate"", ""stearyl glycyrrhetinate"", ""betula alba  extract"", ""hexylene glycol"", ""potassium sulfate"", ""caprylyl glycol"", ""phenoxyethanol"", ""red 7 lake"", ""yellow 5 lake""]"
p00444,Alchimie Forever Dry Skin Balm,Alchimie,17.85,Balm,"[""water/aqua"", ""caprylic/capric triglyceride"", ""butyrospermum parkii  butter"", ""cetearyl alcohol"", ""cetearyl glucoside"", ""isononyl isononanoate"", ""salix alba  bark extract"", ""glycerin"", ""simmondsia chinensis  seed oil"", ""hydroxyethyl acrylate/sodium acryloyldimethyl taurate copolymer"", ""nasturtium officinale  flower/leaf extract"", ""tocopheryl acetate"", ""spinacia oleracea  leaf extract"", ""cetyl alcohol"", ""chlorphenesin"", ""benzyl alcohol"", ""benzoic acid"", ""sorbic acid"", ""chlorophyllin-copper complex"", ""fragrance/parfum"", ""geraniol"", ""hexyl cinnamal"", ""linalool"", ""butylphenyl methylpropional"", ""limonene""]"
p00445,Garnier Hyaluronic Acid and Orange Juice Hydrating Brightening Eye Sheet Mask 6g,Garnier,2.99,Mask,"[""aqua / water"", ""propylene glycol"", ""glycerin"", ""camellia sinensis leaf extract"", ""pvm/ma copolymer"", ""potassium hydroxide"", ""glyceryl acrylate/acrylic acid copolymer"", ""sodium hyaluronate"", ""p-anisic acid"", ""mannose"", ""dipotassium glycyrrhizate"", ""hydrogenated starch hydrolysate"", ""hydroxyacetophenone"", ""hydroxyethylcellulose"", ""citric acid"", ""citrus aurantium dulcis juice / orange juice"", ""xanthan gum"", ""potassium sorbate"", ""sodium benzoate"", ""phenoxyethanol""]"
p00446,APIVITA Express Moisturizing & Soothing Face Mask - Prickly Pear 2x8ml,APIVITA,5.5,Mask,"[""water"", ""caprylic/capric triglyceride"", ""glycerin"", ""glyceryl stearate"", ""behenyl alcohol"", ""laureth-9"", ""butyrospermum parkii  butter"", ""neopentyl glycol diheptanoate"", ""peg-100 stearate"", ""arachidyl alcohol"", ""triticum vulgare  germ oil"", ""opuntia ficus-indica stem extract"", ""water"", ""chamomilla recutita  flower extract"", ""aloe barbadensis leaf juice powder"", ""lavandula angustifolia  oil"", ""sideritis perfoliata flower/leaf/stem extract"", ""sideritis raeseri flower/leaf/stem extract"", ""sideritis scardica flower/leaf/stem extract"", ""helianthus annuus  seed oil"", ""panthenol"", ""helianthus annuus  seed oil"", ""tocopherol"", ""phospholipids"", ""tocopheryl acetate"", ""caprylyl glycol"", ""disodium edta"", ""peg-40 hydrogenated castor oil"", ""xanthan gum"", ""arachidyl glucoside"", ""allantoin"", ""ethylhexylglycerin"", ""polyglyceryl-10 stearate"", ""hydrogenated polyisobutene"", ""sodium acrylates copolymer"", ""glycyrrhetinic acid"", ""phenoxyethanol"", ""sodium hydroxide"", ""parfum ""]"
p00447,PIXI PLUMP Collagen Boost Sheet Mask (Pack of 3),PIXI,10.0,Mask,"[""aqua/water/eau"", ""glycerin"", ""glycereth-26"", ""dipropylene glycol"", ""macadamia ternifolia seed oil"", ""sodium hyaluronate"", ""copper tripeptide-1"", ""palmitoyl pentapeptide-4"", ""acetyl hexapeptide-8"", ""camellia sinensis leaf extract"", ""hamamelis virginiana  extract"", ""red ginseng extract"", ""aloe arborescens leaf extract"", ""morus alba bark extract"", ""coix lacryma-jobi ma-yuen seed extract"", ""cucumis sativus  extract"", ""tremella fuciformis  extract"", ""paeonia lactiflora root extract"", ""glycyrrhiza glabra  root extract"", ""polygonum multiflorum root extract"", ""phellinus linteus extract"", ""morus alba bark extract"", ""sophora flavescens root extract"", ""cimicifuga racemosa root extract"", ""sesamum indicum  seed extract"", ""angelica gigas root extract"", ""scutellaria baicalensis root extract"", ""tocopheryl acetate"", ""adenosine"", ""illicium verum  fruit extract"", ""hydroxyethyl acrylate/sodium acryloyldimethyl taurate copolymer"", ""carbomer"", ""tromethamine"", ""xanthan gum"", ""polysorbate 80"", ""glyceryl stearate"", ""betaine"", ""ethyl hexanediol"", ""propanediol"", ""caprylyl glycol"", ""ethylhexylglycerin"", ""butylene glycol"", ""1"", ""2-hexanediol"", ""disodium edta""]"
p00448,Benton Aloe Soothing Mask Pack -1 Ea,Benton,2.0,Mask,"[""aloe barbadensis leaf water"", ""water"", ""camellia sinensis leaf water"", ""glycerin"", ""pentylene glycol"", ""sodium pca"", ""aloe barbadensis leaf extract"", ""sodium hyaluronate"", ""beta-glucan"", ""cucumis sativus  fruit extract"", ""butylene glycol"", ""xanthan gum"", ""microcrystalline cellulose"", ""sodium gluconate"", ""betaine 1"", ""2-hexanediol"", ""propanediol"", ""dipotassium glycyrrhizate"", ""cellulose gum""]"
p00449,Holika Holika Pure Essence Mask Sheet - Cucumber,Holika Holika,1.95,Mask,"[""water"", ""glycerin"", ""dipropylene glycol"", ""betaine"", ""polyglyceryl-10 laurate"", ""butylene glycol"", ""centella asiatica\u00a0extract"", ""paeonia suffruticosa root extract"", ""1"", ""2-hexanediol"", ""allantoin"", ""panthenol"", ""chamomilla recutita \u00a0flower extract"", ""cucumis sativus  fruit extract"", ""arginine"", ""carbomer"", ""glyceryl caprylate"", ""xanthan gum"", ""ethylhexylglycerin"", ""aloe barbadensis leaf extract"", ""aniba rosaeodora  wood oil"", ""viola tricolor extract"", ""lavandula angustifolia  flower extract"", ""centaurea cyanus flower extract"", ""disodium edta""]"
p00450,Holika Holika Pure Essence Mask Sheet - Avocado,Holika Holika,1.95,Mask,"[""water"", ""dipropylene glycol"", ""glycerin"", ""polyglyceryl-10 laurate"", ""butylene glycol"", ""centella asiatica extract"", ""paeonia suffruticosa root extract"", ""1"", ""2-hexanediol"", ""hydroxyethylcellulose"", ""chamomilla recutita  flower\u00a0extract"", ""persea gratissima  fruit extract"", ""glyceryl caprylate"", ""arginine"", ""carbomer"", ""adenosine"", ""ethylhexylglycerin"", ""xanthan gum"", ""allantoin"", ""milk protein extract"", ""sodium hyaluronate"", ""citrus aurantium dulcis\u00a0 peel oil"", ""olea europaea  fruit oil"", ""viola tricolor extract"", ""lavandula angustifolia  flower\u00a0extract"", ""centaurea cyanus flower extract"", ""avandula angustifolia  oil"", ""ocimum basilicum  oil"", ""pelargonium graveolens flower oil"", ""disodium edta""]"
p00451,Antipodes Aura Manuka Honey Mask 75ml,Antipodes,26.99,Mask,"[""water"", ""leptospermum scoparium  manuka honey"", ""persea gratissima  oil"", ""glycerin"", ""cetearyl glucoside"", ""cetearyl alcohol"", ""stearic acid"", ""glyceryl stearate. tocopherol"", ""helianthus annuus  seed oil"", ""dehydroacetic acid"", ""benzyl alcohol"", ""metrosideros excels  flower extract"", ""daucus carota  seed oil"", ""vitis vinifera  seed extract. fragrance of vanilla & mandarin: coumarin"", ""d-limonene"", ""linalool""]"
p00452,Garnier Moisture Bomb Green Tea Hydrating Face Sheet Mask for Combination Skin 32g,Garnier,2.99,Mask,"[""aqua / water"", ""propylene glycol"", ""glycerin"", ""p-anisic acid"", ""camellia sinensis leaf extract"", ""citric acid"", ""dipotassium glycyrrhizate"", ""glyceryl acrylate/acrylic acid copolymer"", ""hydrogenated starch hydrolysate"", ""hydroxyacetophenone"", ""hydroxyethylcellulose"", ""limonene"", ""mannose"", ""peg-40 hydrogenated castor oil"", ""phenoxyethanol"", ""potassium hydroxide"", ""potassium sorbate"", ""pvm/ma copolymer"", ""sodium benzoate"", ""sodium hyaluronate"", ""xanthan gum"", ""parfum / fragrance""]"
p00453,Holika Holika Pure Essence Mask Sheet - Pearl,Holika Holika,1.95,Mask,"[""water"", ""dipropylene glycol"", ""niacinamide"", ""glycerin"", ""polyglyceryl-10 laurate"", ""butylene glycol"", ""paeonia\u00a0suffruticosa root extract"", ""centella asiatica extract"", ""1"", ""2-hexanediol"", ""acrylates/c10-30 alkyl acrylate crosspolymer"", ""pearl extract"", ""hydroxyethylcellulose"", ""chamomilla recutita  flower extract"", ""arginine"", ""glyceryl caprylate"", ""ethylhexylglycerin"", ""glyceryl acrylate/acrylic acid copolymer"", ""honey extract"", ""sodium hyaluronate"", ""pvm/ma copolymer"", ""propylene glycol"", ""citrus sinensis peel oil expressed"", ""lavandula angustifolia  flower extract"", ""viola\u00a0tricolor extract"", ""centaurea cyanus flower extract"", ""citrus aurantium dulcis  peel oil"", ""pogostemon cablin oil"", ""disodium edta""]"
p00454,Holika Holika Pure Essence Mask Sheet - Charcoal,Holika Holika,1.95,Mask,"[""water"", ""dipropylene glycol"", ""glycerin"", ""betaine"", ""polyglyceryl-10 laurate"", ""butylene glycol"", ""paeonia suffruticosaroot extract"", ""centella asiatica extract"", ""1"", ""2-hexanediol"", ""carbomer"", ""arginine"", ""chamomilla recutita  flower extract"", ""panthenol"", ""glyceryl caprylate"", ""xanthan gum"", ""ethylhexylglycerin"", ""allantoin"", ""citrus aurantium bergamia  fruit oil"", ""pueraria lobata root extract"", ""ulmus davidiana root extract"", ""oenothera biennis  flower extract"", ""pinus palustris leaf extract"", ""sodium hyaluronate"", ""charcoal powder"", ""disodium edta""]"
p00455,Garnier Hyaluronic Acid and Coconut Water Hydrating Replumping Eye Sheet Mask 6g,Garnier,2.99,Mask,"[""aqua / water"", ""propylene glycol"", ""glycerin"", ""camellia sinensis leaf extract"", ""pvm/ma copolymer"", ""potassium hydroxide"", ""glyceryl acrylate/acrylic acid copolymer"", ""sodium hyaluronate"", ""p-anisic acid"", ""mannose"", ""cocos nucifera fruit juice /\u00a0coconut fruit juice"", ""dipotassium glycyrrhizate"", ""hydrogenated starch hydrolysate"", ""hydroxyacetophenone"", ""hydroxyethylcellulose"", ""citric acid"", ""xanthan gum"", ""potassium sorbate"", ""sodium benzoate"", ""phenoxyethanol""]"
p00456,Ambre Solaire After Sun Cooling Hyaluronic Acid Face Sheet Mask 32g,Ambre,2.5,Mask,"[""aqua / water"", ""propylene glycol"", ""glycerin"", ""hamamelis virginiana leaf water / witch hazel leaf water"", ""peg-40 hydrogenated castor oil"", ""pvm/ma copolymer"", ""potassium hydroxide"", ""glyceryl acrylate/acrylic acid copolymer"", ""sodium hyaluronate"", ""p-anisic acid"", ""mannose"", ""alcohol"", ""dipotassium glycyrrhizate"", ""hydrogenated starch hydrolysate"", ""hydroxyacetophenone"", ""hydroxyethylcellulose"", ""xanthan gum"", ""potassium sorbate"", ""sorbic acid"", ""sodium benzoate"", ""phenoxyethanol"", ""limonene"", ""parfum / fragrance""]"
p00457,REN Clean Skincare Glycol Lactic Radiance Mask,REN,36.0,Mask,"[""polysorbate 60"", ""glycerin"", ""citrus aurantium bergamia  leaf extract"", ""lecithin"", ""lactic acid"", ""ribes nigrum  seed oil"", ""vitis vinifera  seed oil"", ""passiflora quadrangularis fruit extract"", ""citrus medica limonum  fruit extract"", ""ananas sativus  fruit extract"", ""vitis vinifera  fruit extract"", ""alcohol denat"", ""vaccinium macrocarpon  seed oil"", ""xanthan gum"", ""maltodextrin"", ""carica papaya  fruit extract"", ""parfum"", ""citrus aurantium dulcis  flower oil"", ""citrus nobilis  peel oil"", ""citrus tangerina  peel oil"", ""citrus grandis  seed oil"", ""limonene"", ""linalool"", ""citral"", ""hippophae rhamnoides fruit extract"", ""phenoxyethanol"", ""sodium hydroxymethylglycinate"", ""tocopherol""]"
p00458,NARS Cosmetics Aqua Gel Luminous Mask,NARS,31.0,Mask,"[""water/aqua/eau"", ""butylene glycol"", ""methyl trimethicone"", ""glycerin"", ""isododecane"", ""hydrogenated polyisobutene"", ""propanediol"", ""sodium chloride"", ""dimethicone"", ""phenoxyethanol"", ""polymethyl methacrylate"", ""lauryl peg/ppg-18/18 methicone"", ""ophiopogon japonicus root extract"", ""peg-10 dimethicone"", ""fragrance"", ""chondrus crispus extract"", ""hydrolyzed viola tricolor extract"", ""sea water/maris aqua/eau de mer"", ""isostearyl alcohol"", ""dodecene"", ""potassium sorbate"", ""hydrolyzed chondrus crispus extract"", ""algae extract"", ""carrageenan"", ""silica"", ""ethylhexylglycerin"", ""trisodium edta"", ""sophora japonica root extract"", ""barium sulfate"", ""sodium hyaluronate"", ""thymus serpillum extract"", ""citric acid"", ""sea salt"", ""sodium dehydroacetate"", ""fagus sylvatica bud extract"", ""plankton extract"", ""alumina"", ""tocopherol"", ""geraniol"", ""limonene"", ""linalool"", ""mica"", ""titanium dioxide"", ""iron oxides""]"
p00459,Garnier Moisture Bomb Camomile Hydrating Face Sheet Mask for Dry and Sensitive Skin 32g,Garnier,2.99,Mask,"[""aqua / water"", ""propylene glycol"", ""glycerin"", ""p-anisic acid"", ""benzyl alcohol"", ""benzyl benzoate"", ""chamomilla recutita  flower extract"", ""dipotassium glycyrrhizate"", ""glyceryl acrylate/acrylic acid copolymer"", ""hydrogenated starch hydrolysate"", ""hydroxyacetophenone"", ""hydroxyethylcellulose"", ""mannose"", ""peg-40 hydrogenated castor oil"", ""phenoxyethanol"", ""potassium hydroxide"", ""potassium sorbate"", ""pvm/ma copolymer"", ""sodium hyaluronate"", ""sorbic acid"", ""xanthan gum"", ""parfum / fragrance""]"
p00460,Holika Holika Pure Essence Mask Sheet - Strawberry,Holika Holika,1.95,Mask,"[""water"", ""dipropylene glycol"", ""glycerin"", ""polyglyceryl-10 laurate"", ""butylene glycol"", ""centella asiatica\u00a0extract"", ""paeonia suffruticosa root extract"", ""1"", ""2-hexanediol"", ""hydroxyethylcellulose"", ""acrylates/c10-30 alkyl acrylate\u00a0crosspolymer"", ""fragaria chiloensis  fruit extract"", ""chamomilla recutita  flower extract"", ""arginine"", ""glyceryl caprylate"", ""ethylhexylglycerin"", ""glyceryl acrylate/acrylic acid copolymer"", ""citrus junos fruit\u00a0extract"", ""propylene glycol"", ""pvm/ma copolymer"", ""citrus aurantium dulcis  peel oil"", ""viola tricolor extract"", ""lavandula angustifolia  flower extract"", ""centaurea cyanus flower extract"", ""citrus tangerina  peel\u00a0oil"", ""litsea cubeba fruit oil"", ""myristica fragrans  kernel oil"", ""disodium edta""]"
p00461,La Roche-Posay Effaclar Clay Mask 100ml,La Roche-Posay,14.0,Mask,"[""aqua / water"", ""kaolin"", ""argilla / magnesium aluminum silicate"", ""propanediol"", ""panthenol"", ""glycerin"", ""caprylic/capric triglyceride"", ""ci 77891"", ""titanium dioxide"", ""cetearyl alcohol"", ""zea mays starch / corn starch"", ""cellulose"", ""ceteareth-20"", ""lecithin"", ""caprylyl glycol"", ""citric acid"", ""xanthan gum"", ""tocopherol"", ""phenoxyethanol"", ""parfum / fragrance""]"
p00462,APIVITA Express Intense Moisturizing Face Mask - Cucumber 2x8ml,APIVITA,4.0,Mask,"[""water"", ""dodecane"", ""propanediol"", ""glycerin"", ""simmondsia chinensis  seed oil"", ""isosorbide dicaprylate"", ""capryloyl glycerin/sebacic acid copolymer"", ""cucumis sativus  fruit extract"", ""aloe barbadensis leaf juice\u00a0powder"", ""tocopherol"", ""dehydroacetic acid"", ""allantoin"", ""helianthus annuus  seed oil"", ""sodium hyaluronate"", ""sorbitan oleate"", ""sideritis perfoliata flowers/leaves/stems extract"", ""sideritis scardica flowers/leaves/stems\u00a0extract"", ""calendula officinalis flower extract"", ""sideritis raeseri flowers/leaves/stems extract"", ""pelargonium\u00a0graveolens flower oil"", ""glyceryl stearate"", ""diheptyl succinate"", ""water"", ""tocopheryl acetate"", ""peg-100 stearate"", ""panthenol"", ""xanthan gum"", ""persea gratissima  oil"", ""butyrospermum parkii  butter"", ""carbomer"", ""hydroxyacetophenone"", ""sodium hydroxide"", ""acrylates/c10-30 alkyl acrylate crosspolymer"", ""peg-40 hydrogenated castor oil"", ""mel"", ""disodium edta"", ""parfum"", ""butylphenyl methylpropional"", ""amyl cinnamal"", ""benzyl salicylate"", ""benzyl\u00a0alcohol"", ""ci 61570"", ""ci 19140 ""]"
p00463,APIVITA Express Moisturizing Face Mask - Sea Lavender 2x8ml,APIVITA,4.0,Mask,"[""water"", ""caprylic/capric triglyceride"", ""glycerin"", ""glyceryl stearate"", ""behenyl alcohol"", ""laureth-9"", ""butyrospermum parkii  butter"", ""neopentyl glycol diheptanoate"", ""peg-100 stearate"", ""water"", ""arachidyl\u00a0alcohol"", ""triticum vulgare  germ oil"", ""limonium gerberi extract"", ""mel  extract"", ""hydroxypropyl\u00a0cyclodextrin"", ""lavandula angustifolia  oil"", ""calendula officinalis flower extract"", ""propolis extract"", ""opuntia ficus-indica stem extract"", ""helianthus annuus  seed oil"", ""aloe barbadensis leaf juice powder"", ""sideritis perfoliata flowers/leaves/stems extract"", ""sideritis scardica flowers/leaves/stems extract"", ""sideritis\u00a0raeseri flowers/leaves/stems extract"", ""pelargonium graveolens flower oil"", ""helianthus annuus  seed oil"", ""panthenol"", ""tocopheryl acetate"", ""tocopherol"", ""phospholipids"", ""peg-40 hydrogenated castor oil"", ""allantoin"", ""disodium edta"", ""sodium acrylates copolymer"", ""hydrogenated polyisobutene"", ""caprylyl glycol"", ""xanthan gum"", ""ethylhexylglycerin"", ""glycyrrhetinic acid"", ""sodium hydroxide"", ""arachidyl glucoside"", ""polyglyceryl-10 stearate"", ""phenoxyethanol"", ""parfum\u00a0""]"
p00464,APIVITA Express Radiance Face Mask - Orange 2x8ml,APIVITA,4.0,Mask,"[""water"", ""dodecane"", ""glycerin"", ""simmondsia chinensis  seed oil"", ""triticum vulgare  germ oil"", ""propanediol dicaprylate"", ""butyrospermum parkii  butter"", ""citrus aurantium dulcis  callus culture extract"", ""citrus aurantium dulcis  peel oil"", ""mel"", ""tocopherol"", ""sorbitan oleate"", ""water"", ""helianthus annuus  seed oil"", ""sideritis perfoliata flowers/leaves/stems extract"", ""sodium hyaluronate"", ""sideritis scardica flowers/leaves/stems extract"", ""ascorbyl palmitate"", ""glyceryl stearate"", ""sideritis raeseri flowers/leaves/stems extract"", ""hydroxypropyl methylcellulose"", ""ubiquinone"", ""benzyl alcohol"", ""peg-100 stearate"", ""tocopheryl acetate"", ""panthenol"", ""carbomer"", ""mannitol"", ""acrylates/c10-30 alkyl acrylate crosspolymer"", ""cellulose"", ""xanthan gum"", ""sodium hydroxide"", ""sodium gluconate"", ""allantoin"", ""dehydroacetic acid"", ""parfum"", ""limonene"", ""geraniol"", ""citral"", ""citronellol"", ""linalool"", ""ci 77492 ""]"
p00465,Holika Holika Pure Essence Mask Sheet - Damask Rose,Holika Holika,1.95,Mask,"[""water"", ""glycerin"", ""dipropylene glycol"", ""betaine"", ""polyglyceryl-10 laurate"", ""butylene glycol"", ""centella\u00a0asiatica extract"", ""paeonia suffruticosa root extract"", ""1"", ""2-hexanediol"", ""allantoin"", ""panthenol"", ""rosa damascena extract"", ""chamomilla recutita  flower extract"", ""arginine"", ""carbomer"", ""glyceryl caprylate"", ""xanthan gum"", ""ethylhexylglycerin"", ""punica granatum fruit extract"", ""pelaronium graveolens flower oil"", ""viola tricolor extract"", ""lavandula angustifolia  flower extract"", ""centaurea cyanus flower extract"", ""disodium edta""]"
p00466,Garnier Moisture Bomb Lavender Hydrating Face Sheet Mask for Fatigued Skin 32g,Garnier,2.99,Mask,"[""aqua / water / eau"", ""propylene glycol"", ""glycerin"", ""peg-40"", ""hydrogenated castor oil"", ""pvm/ma copolymer"", ""potassium hydroxide"", ""lavandula hybrida oil"", ""glyceryl acrylate/acrylic acid copolymer"", ""sodium hyaluronate"", ""p-anisic acid"", ""mannose"", ""dipotassium\u00a0glycyrrhizate"", ""hydrogenated starch hydrolysate"", ""hydroxyacetophenone"", ""hydroxyethylcellulose"", ""xanthan gum"", ""phenoxyethanol"", ""limonene"", ""parfum / fragrance""]"
p00467,Holika Holika Baby Silky Foot Mask Sheet,Holika Holika,3.95,Mask,"[""water"", ""dimethicone"", ""butylene glycol"", ""glycerin"", ""alcohol"", ""mineral oil"", ""cetyl ethythexanoate"", ""betaine"", ""tocopheryl acetate"", ""urea"", ""butyrospermum parkii  buter"", ""mentha piperita  extract"", ""trehalose"", ""carica papaya  fruit extract"", ""sodium hyaluronate"", ""chamomilla recutita  flower extract"", ""aloe barbadensis leaf juice"", ""persea gratissima  oil"", ""olea europaea  fruit oil"", ""honey extract"", ""punica granatum fruit extract"", ""milk protein extract"", ""salicylic acid"", ""cyclopentasiloxane"", ""cetearyl glucoside"", ""polyacrylate-13"", ""polyisobutene"", ""cetearyl alcohol"", ""glyceryl stearate"", ""peg-100 stearate"", ""polysorbate 20"", ""polyglyceryl-3 methylglucose distearate"", ""acrylates/c10-20 alkyl acrylate crosspolymer"", ""triethanolamine"", ""disodium edta"", ""phenoxyethanol"", ""methylparaben"", ""propylparaben"", ""fragrance""]"
p00468,Oh K! Peeling Foot Mask 20ml,Oh K!,8.5,Mask,"[""water"", ""alcohol"", ""lactic acid"", ""sodium lactate"", ""glycolic acid"", ""glycerin"", ""arginine"", ""peg-60 hydrogenated castor oil"", ""salicylic acid"", ""citrus aurantium  fruit extract"", ""citrus medical limnonym  fruit extract"", ""pyrus malus  fruit extract"", ""citrus aurantium"", ""dulcis  fruit extract"", ""visit viniferous  fruit extract"", ""urea"", ""tocopheryl acetate"", ""disodium edta"", ""phenoxyethanol"", ""fragrance""]"
p00469,Garnier Moisture Bomb Sakura Hydrating Face Sheet Mask for Dull Skin 32g,Garnier,2.99,Mask,"[""aqua / water"", ""propylene glycol"", ""glycerin"", ""prunus yedoensis leaf extract"", ""peg-40 hydrogenated castor oil"", ""pvm/ma copolymer"", ""potassium hydroxide"", ""glyceryl"", ""acrylate/acrylic acid copolymer"", ""sodium hyaluronate"", ""p-anisic acid"", ""mannose"", ""dipotassium glycyrrhizate"", ""hydrogenated starch hydrolysate"", ""hydroxyacetophenone"", ""hydroxyethylcellulose"", ""xanthan gum"", ""butylene glycol"", ""phenoxyethanol"", ""limonene"", ""parfum / fragrance""]"
p00470,Garnier Charcoal and Algae Purifying and Hydrating Face Sheet Mask for Enlarged Pores 28g,Garnier,2.99,Mask,"[""aqua / water"", ""propylene glycol"", ""glycerin"", ""peg-32"", ""peg-40 hydrogenated castor oil"", ""pvm/ma copolymer"", ""papain"", ""potassium\u00a0hydroxide"", ""glyceryl acrylate/acrylic acid copolymer"", ""sodium hyaluronate"", ""ananas sativus fruit extract / pineapple\u00a0fruit extract"", ""p-anisic acid"", ""alcohol"", ""propanediol"", ""sucrose"", ""hydrogenated starch hydrolysate"", ""hydroxyacetophenone"", ""hydroxyethylcellulose"", ""capryloyl salicylic acid"", ""xanthan gum"", ""fucus vesiculosus extract"", ""sodium benzoate"", ""phenoxyethanol"", ""parfum / fragrance""]"
p00471,BeautyPro Brightening Collagen Sheet Mask with Vitamin C,BeautyPro,4.95,Mask,"[""marine collagen"", ""vitamin-c"", ""aloe vera"", ""extracts of bearberry"", ""licorice root"", ""portulaca flower"", ""sophora angustifolia natural plant extract"", ""chamomile"", ""boswellia serrata plant extract"", ""pomegranate"", ""witch hazel""]"
p00472,AHAVA Single Use 24K Gold Mineral Mud Mask 6ml,AHAVA,2.36,Mask,"[""water"", ""glycerin"", ""propanediol"", ""hydroxyethyl acrylate/sodium acryloyldimethyl taurate copolymer"", ""dimethicone"", ""caprylyl methicone"", ""calcium aluminum borosilicate"", ""isostearyl isostearate"", ""aloe barbadensis leaf juice"", ""squalene"", ""pvp"", ""niacinamide"", ""titanium dioxide"", ""silica"", ""mica"", ""peg-12 dimethicone/ppg-20 crosspolymer"", ""iron oxides"", ""caprylyl glycol"", ""1"", ""2-hexanediol"", ""sodium hyaluronate"", ""tin oxide"", ""ethyl lauroyl arginate hcl"", ""phenoxyethanol"", ""saccharide isomerate"", ""sorbic acid"", ""chlorphenesin"", ""biosaccharide gum-1"", ""parfum"", ""allantoin"", ""silt"", ""sodium citrate"", ""maris aqua"", ""dunaliella salina extract"", ""hydrogenated polydecene"", ""methylsilanol mannuronate"", ""phoenix dactylifera  fruit extract"", ""lactic acid"", ""citric acid"", ""maris sal"", ""gold"", ""hexyl cinnamal"", ""benzyl salicylate"", ""butylphenyl methylpropional""]"
p00473,APIVITA Express Detox Face Mask - Pumpkin 2x8ml,APIVITA,4.0,Mask,"[""water"", ""glyceryl stearate"", ""lactobacillus/pumpkin fruit ferment filtrate"", ""propanediol"", ""glycerin"", ""kaolin"", ""peg-100 stearate"", ""sorbitol"", ""propanediol dicaprylate"", ""butyrospermum parkii  butter"", ""sodium acrylates copolymer"", ""panthenol"", ""cucurbita pepo  seed oil"", ""olea europaea  fruit oil"", ""mel"", ""lecithin"", ""helianthus\u00a0annuus  seed oil"", ""hydrogenated lecithin"", ""water"", ""sideritis perfoliata flowers/leaves/stems extract"", ""sodium hyaluronate"", ""sideritis scardica flowers/leaves/stems extract"", ""sideritis raeseri flowers/leaves/stems\u00a0extract"", ""leuconostoc/radish root ferment filtrate"", ""mica"", ""hydroxyacetophenone"", ""tocopheryl acetate"", ""ethylhexylglycerin"", ""polysorbate 20"", ""tocopherol"", ""disodium edta"", ""zingiber officinale  root oil"", ""parfum"", ""geraniol"", ""limonene"", ""citral"", ""benzyl salicylate"", ""citronellol"", ""ci 77891 ""]"
p00474,First Aid Beauty Ultra Repair Instant Oatmeal Mask (56.7g),First Aid Beauty,20.0,Mask,"[""water/aqua/eau"", ""glyceryl stearate citrate"", ""cetyl alcohol"", ""glyceryl stearate"", ""caprylic/capric/succinic triglyceride"", ""caprylic/capric/myristic/stearic triglyceride"", ""avena sativa  bran"", ""colloidal oatmeal"", ""butylene glycol dicaprylate/dicaprate"", ""butyrospermum parkii  butter"", ""octyldodecanol"", ""glycerin"", ""polysorbate 20"", ""cetearyl alcohol"", ""decyl glucoside"", ""theobroma cacao  seed butter"", ""polysorbate 60"", ""prunus armeniaca  kernel oil"", ""vanillin"", ""vanilla planifolia fruit extract"", ""xanthan gum"", ""dimethicone"", ""avena sativa  kernel extract"", ""glycyrrhiza glabra  root extract"", ""camellia sinensis leaf extract"", ""chrysanthemum parthenium  extract"", ""hippophae rhamnoides fruit extract"", ""zingiber officinale  root extract"", ""butylene glycol"", ""bisabolol"", ""hydroxyphenyl propamidobenzoic acid"", ""caprylyl glycol"", ""pentylene glycol"", ""1"", ""2-hexanediol"", ""tetrasodium edta""]"
p00475,Holika Holika Pure Essence Mask Sheet - Acai Berry,Holika Holika,1.95,Mask,"[""water"", ""dipropylene glycol"", ""glycerin"", ""polyglyceryl-10 laurate"", ""butylene glycol"", ""centella asiatica\u00a0extract"", ""paeonia suffruticosa root extract"", ""1"", ""2-hexanediol"", ""hydroxyethylcellulose"", ""chamomilla recutita \u00a0flower extract"", ""euterpe oleracea fruit extract"", ""glyceryl caprylate"", ""arginine"", ""carbomer"", ""ethylhexylglycerin"", ""xanthan\u00a0gum"", ""allantoin"", ""nelumbo nucifera flower extract"", ""sodium hyaluronate"", ""citrus aurantium bergamia  fruit oil"", ""citrus aurantium dulcis  peel oil"", ""viola tricolor extract"", ""lavandula angustifolia  flower extract"", ""lavandula angustifolia  oil"", ""centaurea cyanus flower extract"", ""eucalyptus globulus leaf oil"", ""disodium edta""]"
p00476,Caudalie Instant Detox Mask (75ml),Caudalie,22.0,Mask,"[""water"", ""bentonite"", ""glycerin"", ""acacia senegal gum"", ""xanthan gum"", ""benzyl alcohol"", ""alcohol"", ""sodium dehydroacetate"", ""citrus aurantium bergamia  fruit oil"", ""vitis vinifera  fruit extract"", ""lavandula angustifolia  oil"", ""sodium citrate"", ""dehydroacetic acid"", ""coffea arabica  seed extract"", ""coffea robusta seed extract"", ""citric acid"", ""papain"", ""cupressus sempervirens oil"", ""salvia sclarea  oil"", ""commiphora myrrha oil"", ""santalum album  oil"", ""anthemis nobilis flower oil"", ""petroselinum crispum  seed oil"", ""carbomer"", ""1"", ""2-hexanediol"", ""caprylyl glycol"", ""sodium benzoate"", ""lactic acid"", ""potassium sorbate"", ""algin"", ""limonene"", ""linalool""]"
p00477,Dermalogica Age Smart Multivitamin Power Recovery Masque 75ml,Dermalogica,44.55,Mask,"[""water"", ""butylene glycol"", ""glycerin"", ""c12-15 alkyl benzoate"", ""algae extract"", ""glycereth-7 triacetate"", ""di-c12-15 alkyl fumarate"", ""panthenol"", ""glyceryl stearate"", ""peg-100 stearate"", ""tocopheryl acetate"", ""orbignya oleifera seed oil"", ""persea gratissima  oil unsaponifiables"", ""dipropylene glycol dibenzoate"", ""stearyl alcohol"", ""chamomilla recutita  flower extract"", ""avena sativa  kernel extract"", ""vitis vinifera  seed extract"", ""citrus medica limonum  peel extract"", ""glycyrrhiza glabra  root extract"", ""symphytum officinale extract"", ""arctium majus root extract"", ""zea mays  oil"", ""anthemis nobilis flower oil"", ""beta-carotene"", ""phospholipids"", ""lactic acid"", ""allantoin"", ""sclerotium gum"", ""linoleic acid"", ""retinyl palmitate"", ""ascorbyl palmitate"", ""aminomethyl propanol"", ""dimethicone"", ""menthoxypropanediol"", ""potassium cetyl phosphate"", ""ppg-15 stearyl ether benzoate"", ""sodium pca"", ""sorbitan stearate"", ""propylene glycol"", ""carbomer"", ""sodium polyacrylate"", ""ammonium glycyrrhizate"", ""tetrasodium edta"", ""phenoxyethanol"", ""chlorphenesin"", ""methylparaben"", ""propylparaben"", ""and annatto ""]"
p00478,Garnier Fresh-Mix Brightening Face Sheet Shot Mask with Vitamin C 33g,Garnier,3.99,Mask,"[""aqua / water"", ""glycerin"", ""propanediol"", ""betaine"", ""peg-40 hydrogenated castor oil"", ""sodium citrate"", ""sodium hyaluronate"", ""algin"", ""hydroxyacetophenone"", ""hydroxyethylcellulose"", ""citric acid"", ""ci 42090 / blue 1"", ""parfum / fragrance""]"
p00479,Holika Holika Pure Essence Mask Sheet - Lemon,Holika Holika,1.95,Mask,"[""water"", ""glycerin"", ""dipropylene glycol"", ""betaine"", ""polyglyceryl-10 laurate"", ""butylene glycol"", ""centella asiatica\u00a0extract"", ""paeonia suffruticosa root extract"", ""1"", ""2-hexanediol"", ""allantoin"", ""panthenol"", ""citrus limon  fruit\u00a0extract"", ""chamomilla recutita  flower extract"", ""arginine"", ""carbomer"", ""glyceryl caprylate"", ""xanthan gum"", ""ethylhexylglycerin"", ""citrus aurantium dulcis  oil"", ""pyrus malus  fruit extract"", ""carica papaya \u00a0leaf extract"", ""viola tricolor extract"", ""lavandula angustifolia  flower extract"", ""centaurea cyanus flower\u00a0extract"", ""disodium edta""]"
p00480,APIVITA Express Radiance Face Mask - Pomegranate 2x8ml,APIVITA,4.0,Mask,"[""water"", ""glycerin"", ""butylene glycol"", ""behenyl alcohol"", ""peg-60 almond glycerides"", ""sorbitol"", ""water"", ""tocopheryl acetate"", ""panthenol"", ""butyrospermum parkii  butter"", ""punica granatum fruit extract"", ""olea europaea\u00a0 fruit oil"", ""mannitol"", ""cellulose"", ""sodium hyaluronate"", ""mel  extract"", ""ethylhexylglycerin"", ""sodium\u00a0acrylates copolymer"", ""tocopherol"", ""sodium phytate"", ""helianthus annuus  seed oil"", ""sodium carbomer"", ""phenoxyethanol"", ""phospholipids"", ""helianthus annuus  seed oil"", ""peg-40 hydrogenated castor oil"", ""caprylyl\u00a0glycol"", ""ascorbyl palmitate"", ""retinyl palmitate"", ""hydrogenated polyisobutene"", ""polyglyceryl-10 stearate"", ""camellia\u00a0sinensis leaf extract"", ""hydroxypropyl methylcellulose"", ""alcohol"", ""parfum"", ""hexyl cinnamal"", ""linalool"", ""butylphenyl methylpropional"", ""benzyl salicylate"", ""limonene"", ""geraniol"", ""benzyl alcohol"", ""citronellol"", ""hydroxycitronellal"", ""hydroxyisohexyl 3-cyclohexene carboxaldehyde"", ""ci 77891"", ""ci 77491 ""]"
p00481,"Dear, Klairs Rich Moist Soothing Tencel Sheet Mask 25ml","Dear, Klairs",3.0,Mask,"[""water"", ""butylene glycol"", ""glycerin"", ""1"", ""2-hexanediol"", ""aloe barbadensis leaf juice"", ""glycereth-26"", ""propanediol"", ""dipotassium glycyrrhizate"", ""panthenol"", ""betaine"", ""allantoin"", ""cellulose"", ""hydroxyethyl cellulose"", ""sodium hyaluronate"", ""centella asiatica extract"", ""hydrogenated lecithin"", ""ceramide np"", ""ceramide ns"", ""ceramide ap"", ""ceramide as"", ""ceramide eop"", ""phytosphingosine"", ""cholesterol"", ""cetearyl alcohol"", ""stearic acid"", ""carbomer"", ""arginine"", ""disodium edta"", ""sodium acetate"", ""pvm/ma copolymer"", ""polyglyceryl-10 laurate"", ""glyceryl acrylate/ acrylic acid copolymer"", ""ethylhexylglycerin""]"
p00482,Clinique Moisture Surge Overnight Mask 100ml,Clinique,32.0,Mask,"[""water\\aqua\\eau"", ""glycerin"", ""cetyl alcohol"", ""dimethicone"", ""glyceryl polymethacrylate"", ""butyrospermum parkii"", ""cetyl ethylhexanoate"", ""peg-8"", ""glycereth-26"", ""sucrose"", ""sorbitan stearate"", ""peg-100 stearate"", ""trehalose"", ""mangifera indica  seed butter"", ""hypnea musciformis  extract"", ""gellidiela acerosa  extract"", ""olea europaea  fruit extract"", ""triticum vulgare  extract"", ""cladosiphon okamuranus extract"", ""astrocaryum murumuru seed butter"", ""cetearyl alcohol"", ""aloe barbadensis leaf water"", ""peg-75"", ""caffeine"", ""pantethine"", ""sorbitol"", ""butylene glycol"", ""oryzanol"", ""bisabolol"", ""panthenol"", ""phytosterols"", ""tocopheryl acetate"", ""caprylyl glycol"", ""sodium hyaluronate"", ""hexylene glycol"", ""carbomer"", ""potassium hydroxide"", ""dextrin"", ""disodium edta"", ""phenoxyethanol"", ""red 4"", ""yellow 5 ""]"
p00483,APIVITA Express Deep Cleansing Face Mask - Green Clay 2x8ml,APIVITA,4.0,Mask,"[""water"", ""montmorillonite"", ""c12-20 acid peg-8 ester"", ""helianthus annuus  seed oil"", ""magnesium\u00a0aluminum silicate"", ""caprylic/capric triglyceride"", ""butylene glycol"", ""alcohol denat"", ""talc"", ""ci77891"", ""ethylhexyl palmitate"", ""glyceryl stearate"", ""hydrolyzed wheat protein"", ""calendula officinalis flower extract"", ""glycerin"", ""tocopheryl acetate"", ""water"", ""bisabolol"", ""tocopherol"", ""disteardimonium hectorite"", ""panthenol"", ""phenoxyethanol"", ""peg-40\u00a0hydrogenated castor oil"", ""caprylyl glycol"", ""xanthan gum"", ""propylene carbonate"", ""ethylhexylglycerin"", ""camellia sinensis\u00a0leaf extract"", ""propolis extract"", ""aloe barbadensis leaf juice powder"", ""lavandula angustifolia  oil"", ""citrus\u00a0limon  peel oil"", ""parfum"", ""hexyl cinnamal"", ""butylphenyl methylpropional"", ""hydroxycitronellal"", ""cintrellol"", ""hydroxyiso-hexyl hydroxyiso-hexyl 3-cyclohexene carboxaldehyde"", ""alpha-isomethyl ionone"", ""geraniol""]"
p00484,BeautyPro Detoxifying Foaming Cleansing Sheet Mask with Activated Charcoal,BeautyPro,4.95,Mask,"[""activated charcoal extract"", ""extracts of lime"", ""lemon"", ""apple"", ""orange and grapefruit"", ""ginseng root"", ""chamomile"", ""pomegranate"", ""witch hazel"", ""tomato"", ""lavender"", ""rose water"", ""tea tree""]"
p00485,GLAMGLOW Supermud Mask 15g,GLAMGLOW,16.0,Mask,"[""water\\aqua\\eau"", ""kaolin"", ""magnesium aluminum silicate"", ""mandelic acid"", ""carbon"", ""eucalyptus globulus leaf"", ""tartaric acid"", ""pyruvic acid"", ""lactic acid"", ""salicylic acid"", ""glycolic acid"", ""eucalyptus globulus leaf powder"", ""aloe barbadensis leaf juice"", ""glycyrrhiza glabra  root extract"", ""cucumis sativus  fruit extract"", ""hedera helix  extract"", ""symphytum officinale  leaf extract"", ""chamomilla recutita  extract"", ""peg-12 dimethicone"", ""caprylyl glycol"", ""sodium hydroxide"", ""butylene glycol"", ""mentha piperita  oil"", ""hectorite"", ""hexylene glycol"", ""glycerin"", ""calendula officinalis extract"", ""maltodextrin"", ""ethylhexylglycerin"", ""xanthan gum"", ""fragrance"", ""limonene"", ""benzyl benzoate"", ""linalool"", ""phenoxyethanol"", ""potassium sorbate"", ""sodium benzoate"", ""iron oxides ""]"
p00486,Garnier Fresh-Mix Replumping Face Sheet Shot Mask with Hyaluronic Acid 33g,Garnier,3.99,Mask,"[""aqua / water"", ""glycerin"", ""propanediol"", ""betaine"", ""peg-40 hydrogenated castor oil"", ""sodium citrate"", ""sodium hyaluronate"", ""algin"", ""ascorbyl glucoside"", ""hydroxyacetophenone"", ""hydroxyethylcellulose"", ""citric acid"", ""ci 19140 / yellow 5"", ""parfum / fragrance""]"
p00487,"Dear, Klairs Midnight Blue Calming Sheet Mask 25ml","Dear, Klairs",3.0,Mask,"[""water"", ""butylene glycol"", ""methylpropanediol"", ""glycereth-26"", ""1"", ""2 hexanediol"", ""salix alba  bark extract"", ""glycerin"", ""erythritol"", ""arginine"", ""carbomer"", ""carrageenan"", ""betaine"", ""allantoin"", ""ethylhexylglycerin"", ""propanediol"", ""polyglyceryl-10 laurate"", ""glyceryl acrylate/acrylic acid copolymer"", ""pvm/ma copolymer"", ""disodium edta"", ""dipotassium glycyrrhizate"", ""melaleuca alternifolia  leaf oil"", ""centella asiatica extract""]"
p00488,AHAVA Single Use Overnight Deep Wrinkle Mask 6ml,AHAVA,2.36,Mask,"[""water"", ""glycerin"", ""cyclomethicone"", ""niacinamide"", ""saccharide isomerate"", ""isodecyl isononanoate"", ""hydroxyethyl acrylate/sodium acryloyldimethyl taurate copolymer"", ""caprylyl methicone"", ""aloe barbadensis leaf juice"", ""simmondsia chinensis  seed oil"", ""propanediol"", ""phenoxyethanol"", ""cocos nucifera  oil"", ""gardenia tahitensis flower extract"", ""tocopherol"", ""caprylyl glycol"", ""dimethiconol"", ""1"", ""2-hexanediol"", ""peg-12 dimethicone/ppg-20 crosspolymer"", ""sodium hyaluronate"", ""dimethicone"", ""butylene glycol"", ""calotropis procera  callus extract"", ""ethylhexylglycerin"", ""carbomer"", ""tripeptide-3"", ""allantoin"", ""maris aqua"", ""palmitoyl oligopeptide"", ""palmitoyl tetrapeptide-7"", ""polysorbate-20"", ""parfum"", ""hexyl cinnamal"", ""linalool"", ""limonene"", ""geraniol""]"
p00489,Estée Lauder Perfectly Clean Foam Cleanser/Purifying Mask 150ml,Estée Lauder,21.6,Mask,"[""water\\aqua\\eau"", ""myristic acid"", ""glycerin"", ""behenic acid"", ""potassium hydroxide"", ""palmitic acid"", ""sodium methyl cocoyl taurate"", ""lauric acid"", ""stearic acid"", ""sucrose"", ""montmorillonite"", ""silybum marianum  extract"", ""gentiana lutea  root extract"", ""algae extract"", ""sodium hyaluronate"", ""sorbitol"", ""caffeine"", ""zinc pca"", ""peg-3 distearate"", ""kaolin"", ""fragrance"", ""disodium edta"", ""methylchloroisothiazolinone"", ""methylisothiazolinone""]"
p00490,Origins Original Skin Retexturizing Mask with Rose Clay 75ml,Origins,22.0,Mask,"[""water\\aqua\\eau"", ""butylene glycol"", ""kaolin"", ""montmorillonite"", ""polysorbate 20"", ""jojoba esters"", ""peg-100 stearate"", ""bentonite"", ""glycerin"", ""citrus grandis  peel oil"", ""lavandula angustifolia  oil"", ""pelargonium graveolens flower oil"", ""amyris balsamifera bark oil"", ""salvia sclarea  oil"", ""anthemis nobilis flower oil"", ""rosa centifolia flower extract"", ""limonene"", ""linalool"", ""geraniol"", ""epilobium angustifolium flower\\leaf\\stem extract"", ""castanea sativa  seed extract"", ""albizia julibrissin bark extract"", ""lecithin"", ""ethylhexylglycerin"", ""caprylyl glycol"", ""propylene glycol laurate"", ""propylene glycol stearate"", ""peg-150 distearate"", ""hypnea musciformis  extract"", ""gellidiela acerosa  extract"", ""simethicone"", ""sodium hyaluronate"", ""sorbitan laurate"", ""hexylene glycol"", ""dehydroacetic acid"", ""xanthan gum"", ""trisodium edta"", ""phenoxyethanol"", ""titanium dioxide"", ""iron oxides""]"
p00491,APIVITA Express Moisturizing Face Mask - Aloe 2 x 8ml,APIVITA,4.0,Mask,"[""water"", ""dodecane"", ""glycerin"", ""propanediol dicaprylate"", ""peg-40 hydrogenated castor oil"", ""simmondsia chinensis\u00a0 seed oil"", ""triticum vulgare  germ oil"", ""butyrospermum parkii  butter"", ""aloe barbadensis leaf\u00a0juice powder"", ""rosa centifolia flower juice"", ""sorbitan oleate"", ""sideritis perfoliata flowers/leaves/stems extract"", ""sodium hyaluronate"", ""sideritis scardica flowers/leaves/stems extract"", ""sideritis raeseri flowers/leaves/stems\u00a0extract"", ""mel"", ""water"", ""citrus aurantium bergamia  peel oil"", ""panthenol"", ""glyceryl stearate"", ""peg-100 stearate"", ""tocopheryl acetate"", ""helianthus annuus  seed oil"", ""carbomer"", ""hydroxyacetophenone"", ""xanthan\u00a0gum"", ""acrylates/c10-30 alkyl acrylate crosspolymer"", ""sodium hydroxide"", ""allantoin"", ""tocopherol"", ""sodium phytate"", ""dehydroacetic acid"", ""alcohol"", ""parfum"", ""benzyl alcohol"", ""butylphenyl methylpropional"", ""linalool"", ""limonene"", ""citronellol"", ""ci 19140"", ""ci 61570 ""]"
p00492,AHAVA Single Use Brightening & Hydration Mask 6ml,AHAVA,2.36,Mask,"[""water"", ""glycerin"", ""propanediol"", ""squalene"", ""niacinamide"", ""hydroxyethyl acrylate/sodium acryloyldimethyl taurate copolymer"", ""isostearyl isostearate"", ""ethylhexyl palmitate"", ""caprylyl methicone"", ""silica"", ""pvp"", ""phenoxyethanol"", ""aloe barbadensis leaf extract"", ""peg-12 dimethicone/ppg-20\u00a0crosspolymer"", ""propylene glycol"", ""caprylyl glycol"", ""1"", ""2 hexanediol"", ""sodium hyaluronate"", ""tin oxide"", ""titanium dioxide"", ""chromium oxide greens"", ""mica"", ""saccharide isomerate"", ""hydrolyzed yeast protein"", ""biosaccharide gum-1"", ""parfum"", ""citral"", ""limonene"", ""linalool"", ""ferric ferrocyanide"", ""allantoin"", ""silt"", ""maris aqua"", ""lactic\u00a0acid"", ""ethylhexylglycerin"", ""dunaliella salina extract"", ""hydrogenated polydecene"", ""phoenix dactylifera  fruit\u00a0extract"", ""tetrahydropiperine"", ""maris sal ""]"
p00493,NIP+FAB Teen Skin Fix Salicylic Acid Sheet Mask,NIP+FAB,5.5,Mask,"[""water"", ""glycerin"", ""propanediol"", ""alcohol denat"", ""glycereth-26"", ""betaine"", ""hydroxypropyl methylcellulose"", ""butylene glycol"", ""1"", ""2-hexanediol"", ""hydroxyacetophenone"", ""erythritol"", ""methyl gluceth-20"", ""centella asiatica extract"", ""salicylic acid"", ""polyglyceryl-4 caprate"", ""polyglyceryl-6 caprylate"", ""hydroxyethyl urea"", ""potassium hydroxide"", ""allantoin"", ""cocos nucifera  fruit juice"", ""cocos nucifera  water"", ""dipotassium glycyrrhizate"", ""xanthan gum"", ""linoleic acid"", ""sodium hyaluronate"", ""fragrance"", ""glycyrrhiza glabra  root extract"", ""sodium chloride"", ""glyoxal"", ""citrullus lanatus  fruit extract"", ""sophora flavescens root extract"", ""chrysanthemum zawadskii extract"", ""azadirachta indica leaf extract"", ""perilla frutescens leaf extract"", ""chrysanthemum parthenium  extract"", ""oleic acid lens esculenta  fruit extract"", ""pyrus malus  fruit extract"", ""sodium lactate"", ""palmitic acid"", ""palmitoyl tripeptide-5"", ""stearic acid"", ""sodium pca"", ""sodium benzoate"", ""potassium sorbate"", ""tocopherol""]"
p00494,Neutrogena Hydro Boost Hydrogel Recovery Mask 30ml,Neutrogena,5.49,Mask,"[""water"", ""dipropylene glycol"", ""propanediol"", ""chondrus crispus extract"", ""tremella fuciformis sporocarp extract"", ""tocopherol"", ""plukenetia volubilis seed oil"", ""peg-60 hydrogenated castor oil"", ""sucrose cocoate"", ""hydrolyzed hyaluronic acid"", ""ceratonia siliqua gum"", ""potassium chloride"", ""xanthan gum"", ""disodium edta"", ""trisodium edta"", ""chlorphenesin"", ""phenoxyethanol"", ""parfum"", ""ci42090""]"
p00495,Garnier Moisture Bomb Deep Sea Water & Hyaluronic Acid Night-Time Eye Tissue Mask 6g,Garnier,2.99,Mask,"[""aqua / water"", ""propylene glycol"", ""glycerin"", ""arginine"", ""centaurea cyanus flower water"", ""citric acid"", ""coco-betaine"", ""dipotassium glycyrrhizate"", ""glyceryl acrylate/acrylic acid copolymer"", ""hydrogenated starch hydrolysate"", ""hydroxyacetophenone"", ""hydroxyethylcellulose"", ""lavandula hybrida oil"", ""limonene"", ""mannose"", ""maris aqua / sea water"", ""p-anisic acid"", ""peg-40 hydrogenated castor oil"", ""phenoxyethanol"", ""potassium hydroxide"", ""propanediol"", ""pvm/ma copolymer"", ""sodium hyaluronate"", ""xanthan gum"", ""parfum / fragrance""]"
p00496,OSKIA Renaissance Mask (50ml),OSKIA,60.0,Mask,"[""glycerin"", ""water"", ""cetearyl olivate"", ""methyl sulphonyl methane"", ""sorbitan olivate"", ""lactic acid"", ""sodium lactate"", ""carica papaya  fruit extract"", ""maltodextrin"", ""citrus medica limonum  fruit extract"", ""passiflora quadrangularis fruit extract"", ""ananas sativus  fruit extract"", ""vitis vinifera  fruit extract"", ""benzyl alcohol"", ""parfum"", ""alcohol denat"", ""xanthan gum"", ""lepidium sativum sprout extract"", ""inulin"", ""alpha-glucan oligosaccharide"", ""ribose"", ""petasites japonicus  root extract"", ""lecithin"", ""dehydroacetic acid"", ""potassium sorbate"", ""sodium bisulfite"", ""phenoxyethanol"", ""geraniol"", ""citronellol"", ""linalool"", ""ci 77491 ""]"
p00497,APIVITA Express Firming Face Mask - Royal Jelly 2x8ml,APIVITA,5.5,Mask,"[""water"", ""glycerin"", ""butylene glycol"", ""water"", ""behenyl alcohol"", ""peg-60 almond glycerides"", ""hydroxypropyl\u00a0cyclodextrin"", ""sorbitol"", ""tocopheryl acetate"", ""panthenol"", ""royal jelly"", ""sodium carbomer"", ""hydrolyzed wheat protein"", ""phenoxyethanol"", ""olea europaea  fruit oil"", ""butyrospermum parkii  butter"", ""caprylyl glycol"", ""mel"", ""helianthus annuus  seed oil"", ""tocopherol"", ""sodium phytate"", ""polyglyceryl-10 stearate"", ""phospholipids"", ""lecithin"", ""camellia sinensis leaf extract"", ""sodium hyaluronate"", ""boswellia carterii oil"", ""citrus aurantium amara\u00a0 flower oil"", ""pentylene glycol"", ""ethylhexyglycerin"", ""sodium acrylates copolymer"", ""hydrogenated\u00a0polyisobutene"", ""parfum"", ""benzyl salicylate"", ""linalool"", ""butylphenyl methylpropional"", ""hydroxyisohexyl 3-cyclohexene carboxaldehyde"", ""limonene"", ""citronellol"", ""geraniol"", ""alpha-isomethyl ionone"", ""hydroxycitronellal""]"
p00498,PIXI Glow Mud Mask 30ml,PIXI,18.0,Mask,"[""aloe barbadensis leaf juice"", ""kaolin"", ""sea silt"", ""diatomaceous earth"", ""bentonite"", ""glycerin"", ""glyceryl stearate"", ""cetyl alcohol"", ""simmondsia chinensis  seed oil"", ""squalane"", ""humulus lupulus  extract"", ""arctium lappa root  extract"", ""rosmarinus officinalis  leaf extract"", ""salvia officinalis  leaf extract"", ""panax  root extract"", ""phenoxyethanol"", ""caprylyl glycol"", ""ethylhexylglycerin"", ""hexylene glycol"", ""sodium hyaluronate"", ""polysorbate 20"", ""chlorphenesin"", ""hydroxyethyl cellulose"", ""xanthan gum"", ""fragrance"", ""dead sea salt"", ""iron oxide"", ""citric acid""]"
p00499,Clinique Moisture Surge Overnight Mask 15ml,Clinique,7.0,Mask,"[""water\\aqua\\eau"", ""glycerin"", ""cetyl alcohol"", ""dimethicone"", ""glyceryl polymethacrylate"", ""butyrospermum parkii"", ""cetyl ethylhexanoate"", ""peg-8"", ""glycereth-26"", ""sucrose"", ""sorbitan stearate"", ""peg-100 stearate"", ""trehalose"", ""mangifera indica  seed butter"", ""hypnea musciformis  extract"", ""gellidiela acerosa  extract"", ""olea europaea  fruit extract"", ""triticum vulgare  extract"", ""cladosiphon okamuranus extract"", ""astrocaryum murumuru seed butter"", ""cetearyl alcohol"", ""aloe barbadensis leaf water"", ""peg-75"", ""caffeine"", ""pantethine"", ""sorbitol"", ""butylene glycol"", ""oryzanol"", ""bisabolol"", ""panthenol"", ""phytosterols"", ""tocopheryl acetate"", ""caprylyl glycol"", ""sodium hyaluronate"", ""hexylene glycol"", ""carbomer"", ""potassium hydroxide"", ""dextrin"", ""disodium edta"", ""phenoxyethanol"", ""red 4"", ""yellow 5 ""]"
p00500,NIP+FAB Glycolic Fix Extreme Bubble Mask 23g,NIP+FAB,7.0,Mask,"[""water"", ""glycerin"", ""cocamidopropyl betaine"", ""tromethamine"", ""glycolic acid"", ""dipropylene glycol"", ""methyl perfluorobutyl ether"", ""methyl perfluoroisobutyl ether"", ""disiloxane"", ""hydroxyethylcellulose"", ""decyl glucoside"", ""allantoin"", ""phenoxyethanol"", ""chlorphenesin"", ""hydroxyacetophenone"", ""caprylyl glycol"", ""1"", ""2-hexanediol"", ""parfum"", ""propanediol"", ""disodium edta"", ""sodium hyaluronate"", ""illicium verum  fruit extract"", ""retinyl palmitate"", ""thiamine hcl"", ""riboflavin"", ""niacin"", ""carnitine hcl"", ""pantothenic acid"", ""biotin"", ""folic acid"", ""ascorbic acid"", ""tocopherol"", ""linalool""]"
p00501,Aesop Chamomile Concentrate Anti-Blemish Mask 60ml,Aesop,31.0,Mask,"[""water"", ""kaolin"", ""bentonite"", ""alcohol denat"", ""glycerin"", ""oenothera biennis  oil"", ""rosa canina fruit oil"", ""phenoxyethanol"", ""citrus medica limonum  peel oil"", ""ormenis multicaulis oil"", ""rosmarinus officinalis  leaf oil"", ""melaleuca alternifolia  leaf oil"", ""salvia officinalis  oil"", ""leptospermum petersonii oil"", ""methylchloroisothiazolinone"", ""methylisothiazolinone"", ""d-limonene""]"
p00502,L'Oréal Paris Pure Clay Detox Face Mask 50ml,L'Oréal Paris,7.99,Mask,"[""aqua / water"", ""kaolin"", ""montmorillonite"", ""lecithin"", ""polysorbate 20"", ""butylene glycol"", ""propylene glycol"", ""ci 77499 / iron oxides"", ""oryza sativa starch / rice starch"", ""moroccan lava clay"", ""charcoal powder"", ""caprylyl glycol"", ""citric acid"", ""xanthan gum"", ""polyglycerin-10"", ""polyglyceryl-10 myristate"", ""polyglyceryl-10 stearate"", ""sodium dehydroacetate"", ""phenoxyethanol"", ""chlorphenesin"", ""linalool"", ""limonene"", ""parfum / fragrance""]"
p00503,Origins Clear Improvement Active Charcoal Mask to Clear Pores 75ml,Origins,22.0,Mask,"[""water\\aqua\\eau"", ""myrtus communis  leaf water"", ""kaolin"", ""bentonite"", ""butylene glycol"", ""montmorillonite"", ""polysorbate 20"", ""peg-100 stearate"", ""charcoal powder"", ""xanthan gum"", ""lecithin"", ""peg-150 distearate"", ""propylene glycol stearate"", ""sorbitan laurate"", ""glycerin"", ""propylene glycol laurate"", ""simethicone"", ""caprylyl glycol"", ""ethylhexylglycerin"", ""hexylene glycol"", ""trisodium edta"", ""dehydroacetic acid"", ""phenoxyethanol""]"
p00504,Peter Thomas Roth Cucumber Gel Mask 14ml,Peter Thomas Roth,6.72,Mask,"[""water/aqua/eau"", ""butylene glycol"", ""cucumis sativus  fruit extract"", ""ananas sativus  fruit extract"", ""vaccinium myrtillus fruit/leaf extract"", ""carica papaya  fruit extract"", ""acer saccharum  extract"", ""saccharum officinarum  extract"", ""aloe barbadensis leaf juice"", ""chamomilla recutita  flower extract"", ""chamomilla recutita  flower oil"", ""citrus limon  fruit extract"", ""citrus aurantium dulcis  fruit extract"", ""mangifera indica  fruit extract"", ""sodium pca"", ""allantoin"", ""glycerin"", ""propylene glycol"", ""disodium edta"", ""sodium hydroxide"", ""citric acid"", ""carbomer"", ""triethanolamine"", ""polysorbate 20"", ""potassium sorbate"", ""sodium benzoate"", ""phenoxyethanol"", ""yellow 5"", ""blue 1 ""]"
p00505,APIVITA Express Purifying Face Mask for Oily Skin - Propolis 2x8ml,APIVITA,4.0,Mask,"[""water"", ""heilmoor clay"", ""c12-20 acid peg-8 ester"", ""helianthus annuus  seed oil"", ""magnesium aluminum\u00a0silicate"", ""ethylhexyl cocoate"", ""water"", ""montmorillonite"", ""alcohol"", ""sorbitol"", ""glyceryl stearate"", ""propolis extract"", ""sideritis scardica flowers/leaves/stems extract"", ""sideritis perfoliata flowers/leaves/stems extract"", ""sideritis\u00a0raeseri flowers/leaves/stems extract"", ""helichrysum italicum extract"", ""citrus limon  peel oil"", ""helianthus annuus\u00a0 seed oil"", ""panthenol"", ""tocopherol"", ""tocopheryl acetate"", ""peg-40 hydrogenated castor oil"", ""citric acid"", ""disodium edta"", ""xanthan gum"", ""ethylhexylglycerin"", ""caprylyl glycol"", ""disteardimonium hectorite"", ""propylene carbonate"", ""phenoxyethanol"", ""parfum"", ""farnesol"", ""hexyl cinnamal"", ""limonene"", ""hydroxycitronellal"", ""citronellol"", ""linalool"", ""geraniol""]"
p00506,COSRX Ultimate Nourishing Rice Overnight Spa Mask 60ml,COSRX,23.0,Mask,"[""oryza sativa  extract"", ""butylene glycol"", ""glycerin"", ""helianthus annuus  seed oil"", ""betaine"", ""niacinamide"", ""dimethicone"", ""1"", ""2-hexanediol"", ""cetearyl olivate"", ""sorbitan olivate"", ""elaeis guineensis  oil"", ""elaeis guineensis  kernel oil"", ""hydroxyethyl acrylate/sodium acryloyldimethyl taurate copolymer"", ""cetearyl alcohol"", ""ethylhexylglycerin"", ""arginine"", ""carbomer"", ""allantoin"", ""xanthan gum""]"
p00507,REN Clean Skincare Evercalm Ultra Comforting Rescue Mask,REN,32.0,Mask,"[""water"", ""glycerin"", ""cetearyl alcohol"", ""caprylyl caprylate/caprate"", ""olus oil"", ""lactobacillus ferment"", ""butyrospermum parkii  butter"", ""helianthus annuus  seed wax"", ""simmondsia chinensis  seed oil"", ""cetearyl glucoside"", ""propanediol"", ""algae extract"", ""cetyl alcohol"", ""lactobacillus"", ""alpha-glucan oligosaccharide"", ""parfum"", ""tocopheryl acetate"", ""caprylic/capric triglyceride"", ""panthenol"", ""carbomer"", ""vaccinium vitis-idaea  seed oil"", ""xanthan gum"", ""arnica montana flower extract"", ""camelina sativa seed oil"", ""cocos nucifera  fruit extract"", ""tocopherol"", ""magnesium carboxymethyl beta-glucan"", ""malachite extract"", ""albatrellus ovinus extract"", ""laminaria ochroleuca extract"", ""glucose"", ""phenoxyethanol"", ""helianthus annuus  seed oil"", ""citric acid"", ""sodium hydroxide"", ""rosmarinus officinalis leaf extract"", ""citronellol"", ""geraniol"", ""limonene"", ""linalool""]"
p00508,Erno Laszlo Multi-Task Eye Serum Mask (6 Pack),Erno,35.0,Mask,"[""water"", ""glycerin"", ""butylene glycol"", ""niacinamide"", ""ceratonia siliqua gum"", ""chondrus crispus  extract"", ""allantoin"", ""peg-60 hydrogenated castor oil"", ""centella asiatica extract"", ""ethylhexylglycerin"", ""saccharide isomerate"", ""disodium edta"", ""dipotassium glycyrrhizate"", ""1"", ""2-hexanediol"", ""sodium citrate"", ""sodium hyaluronate"", ""citric acid"", ""potassium hydroxide"", ""chlorella vulgaris extract"", ""parfum"", ""phenoxyethanol""]"
p00509,Holika Holika Baby Silky Hand Mask Sheet,Holika Holika,3.95,Mask,"[""water"", ""dimethicone"", ""butylene glycol"", ""glycerin"", ""alcohol"", ""mineral oil"", ""cetyl ethythexanoate"", ""betaine"", ""tocopheryl acetate"", ""urea"", ""butyrospermum parkii  butter"", ""trehalose"", ""carica papaya  fruit extract"", ""sodium hyaluronate"", ""chamomilla recutita  flower extract"", ""aloe barbadensis leaf juice"", ""persea gratissima  oil"", ""olea europaea  fruit oil"", ""honey extract"", ""punica granatum fruit extract"", ""milk protein extract"", ""salicylic acid"", ""cyclopentasiloxane"", ""cetearyl glucoside"", ""polyacrylate-13"", ""polyisobutene"", ""cetearyl alcohol"", ""glyceryl stearate"", ""peg-100 stearate"", ""polysorbate 20"", ""polyglyceryl-3 methylglucose distearate"", ""acrylates/c10-20 alkyl acrylate crosspolymer"", ""triethanolamine"", ""disodium edta"", ""phenoxyethanol"", ""methylparaben"", ""propylparaben"", ""fragrance""]"
p00510,Avène Soothing Radiance Mask 50ml,Avène,13.0,Mask,"[""avene thermal spring water . mineral oil . caprylic/capric triglyceride. water . carthamus tinctorius  seed oil . palmitic acid. stearic acid. hydrogenated palm/palm kernel oil peg-6 esters. triethanolamine. glyceryl stearate. microcrystalline wax . peg-100 stearate. propylene glycol. 1"", ""2-hexanediol. caprylic/capric glycerides. caprylyl glycol. carbomer. disodium edta. fragrance . phenyl trimethicone. ribes rubrum  fruit extract . rubus idaeus  fruit extract . sodium benzoate. tocopheryl glucoside. tropolone. vaccinium myrtillus fruit extract""]"
p00511,BARBER PRO Face Putty Black Peel-Off Mask with Activated Charcoal (3 Applications),BARBER PRO,4.95,Mask,"[""water"", ""alcohol denat"", ""polyvinyl alcohol"", ""peg-60 hydrogenated castor oil"", ""glycerin"", ""cellulose gum"", ""charcoal powder"", ""phenoxyethanol"", ""chlorphenesin"", ""fragrance"", ""ethylhexylglycerin"", ""sodium magnesium silicate"", ""algin"", ""trehalose"", ""caprylyl glycol"", ""polyglycerin-10"", ""polyglyceryl-10 stearate"", ""polyglyceryl-10 myristate"", ""disodium edta"", ""citric acid"", ""sodium dehydroacetate"", ""vitis vinifera  fruit extract"", ""butylene glycol"", ""sea water"", ""lavandula angustifolia  flower water"", ""fragaria chiloensis  fruit extract"", ""ginkgo biloba leaf extract"", ""citrus aurantium dulcis  fruit water"", ""camellia sinensis leaf extract"", ""melaleuca alternifolia  leaf oil"", ""citrus limon  fruit extract"", ""sodium benzoate"", ""potassium sorbate""]"
p00512,Garnier Ultralift Anti Ageing Radiance Boosting Face Sheet Mask 32g,Garnier,3.99,Mask,"[""aqua / water"", ""propanediol"", ""butylene glycol"", ""vitis vinifera seed extract / grape seed extract"", ""ppg-1-peg-9 lauryl glycol ether"", ""peg-40 hydrogenated castor oil"", ""coceth-7"", ""sodium hyaluronate"", ""sodium polyacrylate"", ""sodium polyacrylate starch"", ""p-anisic acid"", ""hydroxyacetophenone"", ""biosaccharide gum-1"", ""xanthan gum"", ""phenoxyethanol"", ""parfum / fragrance""]"
p00513,FOREO UFO Activated Masks - Call It a Night (7 Pack),FOREO,9.99,Mask,"[""water"", ""metlclylpropanediol"", ""glycerin 1"", ""2-hexanediol"", ""panthenol"", ""hydroxyacetophenone"", ""betaine"", ""carbomer"", ""arginine"", ""hydroxyethyl acrylate/sodium/ acryloyldlmethyl taurate copolymer"", ""butylene glycol"", ""olea europaea \u00a0fruit oil"", ""hydroxythylcellulose"", ""dipropylene glycol"", ""parfum"", ""sorbitan isostearate"", ""polysorbate 60"", ""crataegus oxyacantha fruit extract"", ""gelidium cartilagineum extract"", ""panax ginseng root extract""]"
p00514,Peter Thomas Roth Cucumber Gel Mask 150ml,Peter Thomas Roth,41.6,Mask,"[""water/aqua/eau"", ""propylene glycol"", ""cucumis sativus  extract"", ""carica papaya  fruit extract"", ""ananas sativus\u00a0 extract"", ""aloe barbadensis leaf juice"", ""vaccinium myrtillus  fruit extract"", ""saccharum\u00a0officinarum  extract"", ""acer saccharum  extract"", ""chamomilla recutita  extract"", ""chamomilla\u00a0recutita  oil"", ""citrus medica limonum  extract"", ""citrus aurantium dulcis  extract"", ""glycerin"", ""sodium pca"", ""allantoin"", ""disodium edta"", ""sodium polyacrylate"", ""triethanolamine"", ""carbomer"", ""polysorbate 20"", ""diazolidinyl urea"", ""methylparaben"", ""propylparaben"", ""yellow 5"", ""blue 1 ""]"
p00515,Peter Thomas Roth Cucumber Hydra-Gel Eye Masks 60 masks,Peter Thomas Roth,41.0,Mask,"[""water/aqua/eau"", ""glycerin"", ""carrageenan"", ""dipropylene glycol"", ""ceratonia siliqua  gum"", ""cucumis sativus  fruit extract"", ""aloe barbadensis leaf juice powder"", ""caffeine"", ""arnica montana flower extract"", ""sodium hyaluronate"", ""hydrolyzed collagen"", ""chamomilla recutita  flower extract"", ""camellia sinensis leaf extract"", ""tocopheryl acetate"", ""niacinamide"", ""adenosine"", ""allantoin"", ""maltodextrin"", ""ethylhexylglycerin"", ""butylene glycol"", ""calcium lactate"", ""ricinus communis  seed oil"", ""xanthan gum"", ""dextrin"", ""potassium chloride"", ""disodium edta"", ""peg-60 hydrogenated castor oil"", ""chlorphenesin"", ""phenoxyethanol"", ""mica"", ""fragrance/parfum"", ""yellow 5"", ""blue 1 ""]"
p00516,APIVITA Express Moisturizing Face Mask - Honey 2x8ml,APIVITA,4.0,Mask,"[""water"", ""glycerin"", ""propanediol"", ""water"", ""hydroxypropyl cyclodextrin"", ""sorbitol"", ""propanediol dicaprylate"", ""butyrospermum parkii  butter"", ""sodium acrylates copolymer"", ""panthenol"", ""mel"", ""olea europaea  fruit\u00a0oil"", ""hydrolyzed wheat protein"", ""helianthus annuus  seed oil"", ""sideritis perfoliata flower/leaf/stem\u00a0extract"", ""sodium hyaluronate"", ""sideritis scardica flower/leaf/stem extract"", ""hydrolyzed wheat starch"", ""commiphora myrrha\u00a0oil"", ""sideritis raeseri flower/leaf/stem extract"", ""hydroxyacetophenone"", ""tocopheryl acetate"", ""pentylene glycol"", ""lecithin"", ""ethylhexylglycerin"", ""sodium hydroxide"", ""tocopherol"", ""disodium edta"", ""parfum"", ""benzyl salicylate"", ""linalool"", ""limonene"", ""citronellol"", ""geraniol"", ""alpha-isomethyl ionone"", ""hydroxycitronellal"", ""cinnamyl alcohol"", ""citral"", ""benzyl alcohol""]"
p00517,Neutrogena Radiance Boost Hydrogel Recovery Mask 30ml,Neutrogena,3.5,Mask,"[""water"", ""dipropylene glycol"", ""propanediol"", ""niacinamide"", ""chondrus crispus extract"", ""rubus fruticosus leaf extract"", ""maltodextrin"", ""tocopherol"", ""plukenetia volubilis seed oil"", ""peg-60 hydrogenated castor oil"", ""sucrose cocoate"", ""ceratonia siliqua gum"", ""potassium chloride"", ""xanthan gum"", ""disodium edta"", ""trisodium edta"", ""chlorphenesin"", ""phenoxyethanol"", ""parfum"", ""linalool"", ""benzyl salicylate"", ""alpha-isomethyl ionone"", ""hexyl cinnamal"", ""citronellol"", ""ci 14700"", ""ci 19140""]"
p00518,Chantecaille Bio Lift Mask - 50ml,Chantecaille,148.0,Mask,"[""rosa damascena flower water"", ""water"", ""propanediol"", ""caprylic/capric triglyceride"", ""glycerin"", ""coco-caprylate/caprate"", ""c12-20 acid peg-8 ester"", ""potassium cetyl phosphate"", ""carbomer"", ""saccharide isomerate"", ""phenoxyethanol"", ""ci 77891"", ""ethylhexylglycerin"", ""c12-13 alkyl lactate"", ""prunus armeniaca  kernel oil"", ""sodium hydroxide"", ""citrus aurantium dulcis  fruit extract"", ""pullulan"", ""imperata cylindrica root extract"", ""chondrus crispus powder"", ""propylene glycol"", ""disodium edta"", ""triticum vulgare  protein"", ""bisabolol"", ""pentylene glycol"", ""tocopheryl acetate"", ""butylene glycol"", ""algae extract"", ""rosa damascena flower oil"", ""sodium hyaluronate"", ""citronellol"", ""peg-8"", ""acacia decurrens flower wax"", ""jasminum grandiflorum  flower wax"", ""narcissus poeticus flower wax"", ""pelargonium graveolens oil"", ""citric acid"", ""sodium citrate"", ""geraniol"", ""caprylyl glycol"", ""centella asiatica extract"", ""tocopherol"", ""saxifraga sarmentosa extract"", ""sodium benzoate"", ""ascorbyl palmitate"", ""potassium sorbate"", ""linalool"", ""acetyl hexapeptide-8"", ""acrylates/c10-30 alkyl acrylate crosspolymer"", ""ascorbic acid""]"
p00519,Rodial Dragon's Blood Eye Mask Single,Rodial,6.0,Mask,"[""water"", ""butylene glycol"", ""glycerin"", ""propanediol"", ""croton lechleri resin extract"", ""olive oil glycereth-8 esters"", ""phenoxyethanol"", ""ethylhexylglycerin"", ""scutellaria baicalensis root extract"", ""carbomer"", ""arginine"", ""glyceryl caprylate"", ""xanthan gum"", ""panthenol"", ""arnica montana flower extract"", ""sodium citrate"", ""polysorbate 20"", ""sodium hyaluronate"", ""tocopheryl acetate"", ""allantoin"", ""disodium edta"", ""parfum"", ""hydrolyzed collagen"", ""morus alba bark extract"", ""hamamelis virginiana  extract"", ""pentylene glycol""]"
p00520,BeautyPro CBD Oil Infused Sheet Mask 22ml,BeautyPro,5.95,Mask,"[""cannabis sativa seed extract"", ""pentylene glycol"", ""arnica montana flower extract"", ""glycerin"", ""hibiscus esculentus fruit extract"", ""dioscorea opposita root extract"", ""linum usitatissimum seed extract"", ""salvia hispanica seed extract"", ""cannabis sativa seed oil"", ""lavandula angustifolia  decyl glucoside"", ""rosmarinas officinalis  leaf extract"", ""chamomilla recutita  flower extract"", ""rosa canina fruit extract""]"
p00521,Origins Out of Trouble 10 Minute Mask to Rescue Problem Skin 75ml,Origins,22.0,Mask,"[""water\\aqua\\eau"", ""cetyl esters"", ""zinc oxide"", ""titanium dioxide"", ""cetyl alcohol"", ""cetearyl alcohol"", ""glycerin"", ""glyceryl stearate"", ""peg-100 stearate"", ""camphor"", ""ceteareth-20"", ""salicylic acid"", ""colloidal sulfur"", ""butylene glycol"", ""bentonite"", ""caprylyl glycol"", ""hexylene glycol"", ""phenoxyethanol""]"
p00522,Dr.Jart+ Cicapair Tiger Grass Calming Mask,Dr.Jart+,5.5,Mask,"[""water"", ""butylene glycol"", ""glycerin"", ""niacinamide"", ""1"", ""2-hexanediol"", ""melia azadirachta leaf extract"", ""carbomer"", ""polyglyceryl-10 laurate"", ""arginine"", ""dextrin"", ""allantoin"", ""dipotassium glycyrrhizate"", ""hydroxyethylcellulose"", ""melia azadirachta flower extract"", ""polyglyceryl-10 myristate"", ""caramel"", ""ethylhexylglycrein"", ""adenosine"", ""disodium edta"", ""glyceryl acrylate/acrylic acid copolymer"", ""pvm/ma copolymer"", ""parfum"", ""sodium hyaluronate"", ""caprylic/capric triglyceride"", ""anthemis nobilis flower extract"", ""citrus aurantium bergamia peel oil"", ""lavandula angustifolia oil"", ""rosmarinus officinalis flower/leaf/stem extract"", ""methyl lactate"", ""ethyl menthane carboxamide"", ""methyl diisopropyl propionamide"", ""hydrogenated lecithin"", ""polyglyceryl-10 oleate"", ""asiatic acid"", ""asiaticoside"", ""madecassic acid"", ""centella asiatica extract"", ""madecassoside""]"
p00523,Lancôme Génifique Hydrogel Sheet Mask (1 Mask),Lancôme,16.2,Mask,"[""water"", ""butylene glycol"", ""bifida ferment lysate"", ""glycerin"", ""bis-peg-18 methyl ether dimethyl silane"", ""hydroxyethylpiperazine ethane sulfonic acid"", ""alcohol denat"", ""peg-20"", ""sodium benzoate"", ""sodium hydroxide"", ""phenoxyethanol"", ""adenosine"", ""ppg-3 myristyl ether"", ""chlorphenesin"", ""salicyloyl phytosphingosine"", ""ammonium polyacryldimethyltauramide/ammonium polyacryloyldimethyl taurate"", ""limonene"", ""carbomer"", ""citronellol"", ""fragrance""]"
p00524,Holika Holika Skin Rescuer Mask Sheet - Collagen,Holika Holika,3.95,Mask,"[""water"", ""glycerin"", ""isopentyldiol"", ""dipropylene glycol"", ""butylene glycol"", ""centella asiatica extract"", ""paeonia suffruticosa root extract"", ""sodium hyaluronate"", ""1"", ""2-hexanediol"", ""peg-60 hydrogenated castor oil"", ""chamomilla recutita\u00a0 flower extract"", ""carbomer"", ""arginine"", ""glyceryl caprylate"", ""hydroxyethylcellulose"", ""ethylhexylglycerin"", ""hydrolyzed collagen"", ""citrus aurantium dulcis  oil"", ""citrus grandis  peel oil"", ""salvia officinalis\u00a0 leaf extract"", ""malva sylvestris  flower extract"", ""citrus limon  fruit extract"", ""scabiosa arvensis\u00a0extract"", ""lavandula angustifolia  oil"", ""pelargonium graveolens flower oil"", ""ocimum basilicum  oil"", ""rosmarinus officinalis  leaf oil"", ""salvia sclarea  oil"", ""glycosphingolipids"", ""glycolipids"", ""caprylyl\u00a0glycol"", ""acetyl hexapeptide-8"", ""disodium edta""]"
p00525,AHAVA Single Use Clearing Mask 6ml,AHAVA,2.36,Mask,"[""water"", ""kaolin"", ""glycerin"", ""aloe barbadensis leaf juice"", ""glyceryl stearate"", ""propanediol"", ""synthetic fluorphlogopite"", ""silt"", ""titanium dioxide"", ""tin oxide"", ""butylene glycol"", ""calendula officinalis extract"", ""1"", ""10 \u2013decanediol"", ""10-hydroxydecanoic acid"", ""sebacic acid"", ""caprylyl glycol"", ""chlorphenesin"", ""phenoxyethanol"", ""bisabolol"", ""jojoba esters"", ""xanthan gum"", ""magnesium aluminum silicate"", ""linum\u00a0usitatissimum  seed extract"", ""sodium levulinate"", ""honokiol"", ""magnolol"", ""1"", ""2 hexanediol"", ""silica"", ""ci 77007"", ""allantoin"", ""parfum"", ""dipotassium glycyrrhizate"", ""maris sal"", ""maris aqua"", ""tetrahydropiperine"", ""ferric ferrocyanide""]"
p00526,FARMACY Honey Potion Renewing Antioxidant Hydration Mask,FARMACY,36.0,Mask,"[""glycerin"", ""diglycerin"", ""polyglyceryl-10 stearate"", ""honey extract"", ""propolis extract"", ""royal jelly extract"", ""panthenol"", ""caprylic/capric triglyceride"", ""hippophae rhamnoides oil"", ""zingiber officinale  root extract"", ""allantoin"", ""phenoxyethanol"", ""echinacea purpurea root extract"", ""honey"", ""water"", ""flavor"", ""vanillyl butyl ether""]"
p00527,Liz Earle Deep Cleansing Mask 75ml,Liz Earle,19.0,Mask,"[""aloe barbadensis  leaf juice"", ""kaolin"", ""mel"", ""illite"", ""glycerin"", ""glyceryl stearate se"", ""propolis cera"", ""bentonite"", ""alcohol"", ""xanthan gum"", ""pelargonium graveolens  oil"", ""phenoxyethanol"", ""decyl glucoside"", ""sodium hydroxide"", ""ethylhexylglycerin"", ""benzoic acid"", ""dehydroacetic acid"", ""citronellol"", ""potassium sorbate"", ""citric acid""]"
p00528,Vichy Quenching Mineral Mask Duo Sachet 2 x 6ml,Vichy,3.0,Mask,"[""water"", ""glycerin"", ""alcohol denat"", ""niacinamide"", ""dipropylene glycol"", ""pentylene glycol"", ""butylene glycol"", ""peg-8"", ""peg/ppg/polybutylene glycol-8/5/3 gylcerin"", ""peg-60 hydrogenated caster oil"", ""ci 61570"", ""carbomer"", ""triethanolamine"", ""phenoxyethanol"", ""ammonium polyacryloyldimethyl taurate"", ""tetrasodium edta"", ""menthoxypropanediol"", ""t-butyl alcohol"", ""parfum""]"
p00529,AHAVA Single Use Mud Mask 8ml,AHAVA,2.36,Mask,"[""kaolin"", ""silt"", ""water"", ""cocamide mea"", ""dmdm hydantoin"", ""sodium lauroamphoacetate"", ""sodium trideceth sulfate"", ""propanediol"", ""glyceryl stearate"", ""ethylhexyl palmitate"", ""aloe barbadensis leaf extract"", ""propylene glycol"", ""glycerin"", ""simmondsia chinensis  seed oil"", ""ceteareth-30"", ""cetearyl alcohol"", ""maris sal"", ""sodium lactate"", ""zinc oxide"", ""caprylyl glycol"", ""chlorphenesin"", ""phenoxyethanol"", ""panthenol"", ""chamomilla recutita  flower oil"", ""stearyl alcohol"", ""magnesium aluminum silicate"", ""hydroxyethylcellulose"", ""peg-40 stearate"", ""allantoin"", ""lactic acid"", ""dimethicone"", ""sorbitan tristearate"", ""xanthan gum"", ""peg-5 cocoate"", ""peg-8 dicocoate"", ""peg-9"", ""iodopropynyl butylcarbamate"", ""triclosan"", ""methylisothiazolinone"", ""bha"", ""tocopherol ""]"
p00530,Sanctuary Spa Charcoal Bubble Sheet Mask 22g,Sanctuary Spa,5.0,Mask,"[""water"", ""dipropylene glycol"", ""glycerin"", ""methyl perfluorobutyl ether"", ""methyl perfluoroisobutyl ether"", ""disodium cocoamphodiacetate"", ""cocamidopropyl betaine"", ""sodium chloride"", ""betaine"", ""butylene glycol"", ""paeonia suffruticosa root extract"", ""centella asiatica extract"", ""sodium polyacrylate"", ""1"", ""2-hexanediol"", ""hexylene glycol"", ""xanthan gum"", ""chamomilla recutita  flower extract"", ""glyceryl caprylate"", ""fragrance"", ""ethylhexylglycerin"", ""disodium edta"", ""citrus paradisi  fruit extract"", ""origanum vulgare leaf extract"", ""chamaecyparis obtusa leaf extract"", ""salix alba  bark extract"", ""citrus aurantifolia  fruit extract"", ""citrus medica limonum  fruit extract"", ""pyrus malus  fruit extract"", ""citrus aurantium dulcis  fruit extract"", ""vitis vinifera  fruit extract"", ""lactobacillus/soybean ferment extract"", ""portulaca oleracea extract"", ""scutellaria baicalensis root extract"", ""cinnamomum cassia bark extract"", ""phenoxyethanol"", ""limonene"", ""hexyl cinnamal"", ""linalool""]"
p00531,MAGICSTRIPES Lifting Collagen Mask (1 Mask),MAGICSTRIPES,8.0,Mask,"[""water"", ""sodium polyacrylate"", ""butylene glycol"", ""glycerin"", ""hydrolyzed collagen"", ""caffeine"", ""tocopherol"", ""ascorbic acid"", ""avena sativa extract"", ""aroma""]"
p00532,NIOD Voicemail Masque 50ml,NIOD,30.0,Mask,"[""lactococcus ferment lysate"", ""dimethicone"", ""centaurea cyanus flower water"", ""glycerin"", ""dimethicone/vinyl dimethicone crosspolymer"", ""hydroxyethyl acrylate/sodium acryloyldimethyl taurate copolymer"", ""propanediol"", ""water"", ""pentylene glycol"", ""origanum vulgare leaf extract"", ""leontopodium alpinum callus culture extract"", ""plantago lanceolata leaf extract"", ""melanin"", ""sodium hyaluronate"", ""arginine"", ""sodium chloride"", ""isohexadecane"", ""polysorbate 60"", ""xanthan gum"", ""citric acid"", ""ethoxydiglycol"", ""ppg-26-buteth-26"", ""peg-40 hydrogenated castor oil"", ""potassium sorbate"", ""sodium benzoate"", ""ethylhexylglycerin"", ""phenoxyethanol"", ""chlorphenesin""]"
p00533,NIP+FAB Retinol Fix Sheet Mask 10g,NIP+FAB,7.95,Mask,"[""water"", ""glycerin"", ""butylene glycol"", ""pentaerythrityl tetraethylhexanoate"", ""1"", ""2-hexanediol"", ""hydroxyacetophenone"", ""cetyl ethylhexanoate"", ""cetearyl alcohol"", ""betaine"", ""glyceryl stearate"", ""dimethicone"", ""adenosine"", ""c14-22 alcohols"", ""trehalose"", ""acrylates/c10-30 alkyl acrylate crosspolymer"", ""arginine"", ""dipotassium glycyrrhizate"", ""c12-20 alkyl glucoside"", ""caprylic/capric triglyceride"", ""sodium hyaluronate"", ""parfum"", ""glyceryl acrylate/acrylic acid copolymer"", ""leontopodium alpinum callus culture extract"", ""cocos nucifera  fruit juice"", ""cocos nucifera  water"", ""polysorbate 20"", ""polycaprolactone"", ""retinol"", ""lecithin"", ""palmitoyl tripeptide-5"", ""ceramide np"", ""sodium magnesium silicate"", ""phaseolus radiatus seed extract"", ""bht"", ""glucose"", ""avena sativa  meal extract""]"
p00534,Origins Clear Improvement Charcoal Honey Mask to Purify and Nourish 75ml,Origins,30.0,Mask,"[""water\\aqua\\eau"", ""butylene glycol"", ""bentonite"", ""montmorillonite"", ""honey\\mel\\miel"", ""polysorbate 20"", ""peg-100 stearate"", ""polybutene"", ""jojoba esters"", ""lavandula angustifolia  oil"", ""citrus limon  peel oil"", ""cananga odorata flower oil"", ""mentha viridis  leaf oil"", ""rosmarinus officinalis leaf oil"", ""eugenia caryophyllus  bud oil"", ""gaultheria procumbens  leaf oil"", ""citrus aurantium amara  flower extract"", ""triethyl citrate"", ""ethyl phenylacetate"", ""limonene"", ""linalool"", ""eugenol"", ""citral"", ""benzyl benzoate"", ""yeast extract\\faex\\extrait de levure"", ""kaolin"", ""charcoal powder"", ""caffeine"", ""sodium hyaluronate"", ""glycerin"", ""trehalose"", ""lecithin"", ""ethylhexylglycerin"", ""xanthan gum"", ""caprylyl glycol"", ""peg-150 distearate"", ""silica"", ""hexylene glycol"", ""disodium edta"", ""tetrasodium edta"", ""dehydroacetic acid"", ""phenoxyethanol"", ""mica"", ""titanium dioxide"", ""iron oxides ""]"
p00535,Filorga Hydra-Filler Mask 23g,Filorga,10.0,Mask,"[""water"", ""glycerin"", ""pentylene glycol"", ""xanthan gum"", ""polysorbate 20"", ""sodium hyaluronate"", ""sodium pca"", ""sodium lactate"", ""parfum"", ""tetrasodium glutamate diacetate"", ""citric acid"", ""aloe barbadensis leaf juice powder"", ""fructose"", ""glycine"", ""niacinamide"", ""sodium benzoate"", ""urea"", ""sodium hydroxide"", ""inositol""]"
p00536,Bulldog Oil Control Face Mask 100ml,Bulldog,4.5,Mask,"[""water"", ""kaolin"", ""glycerin"", ""decyl glucoside"", ""montmorillonite"", ""phenoxyethanol"", ""xanthan gum"", ""hamamelis virginiana  water"", ""chlorphenesin"", ""parfum"", ""disodium edta"", ""alcohol"", ""sodium dehydroacetate"", ""salix alba  bark extract"", ""limonene"", ""juniperus communis fruit extract"", ""potassium sorbate"", ""sodium benzoate"", ""citric acid"", ""sodium hydroxide""]"
p00537,MAGICSTRIPES Chin & Cheek Lifting Mask (1 Mask),MAGICSTRIPES,10.0,Mask,"[""water"", ""sodium polyacrylate"", ""butylene glycol"", ""glycerin"", ""hydrolyzed collagen"", ""caffeine"", ""tocopherol"", ""ascorbic acid"", ""avena sativa extract"", ""aroma""]"
p00538,Neutrogena Purifying Boost Hydrogel Recovery Mask 30ml,Neutrogena,3.99,Mask,"[""water"", ""dipropylene glycol"", ""propanediol"", ""butyrospermum parkii butter"", ""chondrus crispus extract"", ""moringa oleifera seed extract"", ""tocopherol"", ""plukenetia volubilis seed oil"", ""peg-60 hydrogenated castor oil"", ""sucrose cocoate"", ""glycerin"", ""ceratonia siliqua gum"", ""potassium chloride"", ""xanthan gum"", ""disodium edta"", ""trisodium edta"", ""citric acid"", ""disodium phosphate"", ""chlorphenesin"", ""phenoxyethanol"", ""parfum"", ""linalool"", ""hexyl cinnamal"", ""ci 42090"", ""ci 19140""]"
p00539,APIVITA Express Line Reducing Face Mask - Grape 2x8ml,APIVITA,4.0,Mask,"[""water"", ""glycerin"", ""hydrogenated vegetable oil"", ""cetearyl alcohol"", ""dipalmitoyl hydroxyproline"", ""biosaccharide\u00a0gum-4"", ""olea europaea  fruit oil"", ""dicaprylyl carbonate"", ""vitis vinifera  seed oil"", ""caprylyl glycol"", ""tocopheryl acetate"", ""cetearyl glucoside"", ""mannitol"", ""ethylhexyglycerin"", ""decyl glucoside"", ""helianthus annuus \u00a0seed oil"", ""water"", ""cellulose"", ""polyglyceryl-10 stearate"", ""phospholipids"", ""cetyl palmitate"", ""sorbitan olivate"", ""sorbitan palmitate"", ""allantoin"", ""bisabolol"", ""tocopherol"", ""disodium edta"", ""camellia sinensis leaf extract"", ""sodium\u00a0hyaluronate"", ""retinyl palmitate"", ""ubiquinone"", ""sodium acrylates copolymer"", ""hydrogenated polyisobutene"", ""phenoxyethanol"", ""panthenol"", ""xantham gum"", ""rosa damascena flower oil"", ""pogostemon calbin leaf oil"", ""parfum"", ""geraniol"", ""hydroxycitronellal"", ""linalool"", ""hexyl cinnamal"", ""limonene"", ""alphasomethyl ionone"", ""citronellol"", ""benzyl salicylate"", ""hydroxypropyl methylcellulose"", ""ci 77491"", ""ci 77492"", ""ci 77891 ""]"
p00540,PIXI Collagen Plumping Mask 45ml,PIXI,18.0,Mask,"[""aqua/water/eau"", ""glycerin"", ""propanediol"", ""caprylic/capric triglyceride"", ""hydrogenated polydecene"", ""cetearyl alcohol"", ""glyceryl\u00a0stearate"", ""propylene glycol"", ""sorbitan stearate"", ""phenoxyethanol"", ""acacia seyal gum extract"", ""ethylhexylglycerin"", ""adenosine"", ""potassium sorbate"", ""acetyl hexapeptide-8"", ""avena strigosa seed extract"", ""beta-glucan"", ""camellia japonica flower extract"", ""chamomilla recutita  extract"", ""salvia officinalis  extract"", ""rosa canina fruit extract"", ""jasminum officinale\u00a0 extract"", ""mentha viridis  extract"", ""lavandula angustifolia  extract"", ""rosmarinus officinalis\u00a0 leaf extract"", ""melissa officinalis extract"", ""lavandula angustifolia  oil"", ""citrus aurantium dulcis\u00a0 peel oil"", ""citrus aurantifolia  oil"", ""citric acid"", ""palmitic acid"", ""stearic acid"", ""sodium polyacrylate starch"", ""arginine"", ""carbomer"", ""allantoin"", ""lecithin"", ""1"", ""2-hexanediol"", ""butylene glycol"", ""disodium edta""]"
p00541,FOREO UFO Activated Masks - Make My Day (7 Pack),FOREO,9.99,Mask,"[""water"", ""methylpropanediol"", ""glycerin"", ""1"", ""2-hexanediol"", ""panthenol"", ""hydroxyacetophenone"", ""betaine"", ""brassica oleracea italica  sprout extract"", ""gelidium cartilagineum extract"", ""hydroxyethyl acrlate/sodium acryloyldimethleaurate copolymer"", ""carbomer"", ""arginine"", ""hydroxyethyl cellulose"", ""sodium hyaluronate"", ""sodium acetylated hyaluronate"", ""hydrolyzed hyaluronic acid"", ""parfum ""]"
p00542,Elemis Pro-Collagen Hydra-Gel Eye Mask (Pack of 6),Elemis,52.0,Mask,"[""aqua/water/eau"", ""glycerin"", ""ceratonia siliqua gum"", ""carrageenan"", ""phenoxyethanol"", ""panthenol"", ""lactobacillus"", ""scutellaria baicalensis root"", ""camellia sinensis leaf"", ""artemisia princeps leaf"", ""houttuynia cordata leaf"", ""citrus junos  fruit extract ferment filtrate"", ""peg-60 hydrogenated castor oil"", ""simmondsia chinensis  seed oil"", ""maris aqua"", ""ethylhexylglycerin"", ""sodium hyaluronate"", ""caprylyl glycol"", ""1"", ""2-hexanediol"", ""plankton extract"", ""disodium edta"", ""chlorella vulgaris extract"", ""potassium hydroxide"", ""ricinus communis  seed oil"", ""butylene glycol"", ""padina pavonica thallus extract""]"
p00543,REN Clean Skincare Clarimatte Invisible Pores Detox Mask,REN,28.0,Mask,"[""citrus aurantium amara  flower water"", ""glycerin"", ""alcohol"", ""caprylic/capric triglyceride"", ""cetearyl olivate"", ""phospholipids"", ""glycine soja  oil"", ""sorbitan olivate"", ""phenoxyethanol"", ""vaccinium vitis-idaea  seed oil"", ""inulin"", ""lactose"", ""milk protein"", ""aster maritima/ tripolium extract"", ""arnica montana flower extract"", ""laminaria digitata extract"", ""sodium hyaluronate"", ""sodium carboxymethyl betaglucan"", ""alpha-glucan oligosaccharide"", ""rumex occidentalis extract"", ""laminaria ochroleuca extract"", ""tocopherol"", ""xanthan gum"", ""sodium hydroxymethylglycinate"", ""lactic acid"", ""sodium citrate""]"
p00544,Eve Lom Rescue Mask (100ml),Eve Lom,55.0,Mask,"[""kaolin"", ""water"", ""glycerin"", ""alcohol denat"", ""mel"", ""prunus amygdalus dulcis"", ""camphor"", ""magnesium aluminum silicate"", ""sodium chloride"", ""allantoin"", ""aluminum chlorohydrate"", ""propylene glycol"", ""calcium chloride""]"
p00545,GLAMGLOW Supermud Mask 50g,GLAMGLOW,44.0,Mask,"[""water\\aqua\\eau"", ""kaolin"", ""magnesium aluminum silicate"", ""mandelic acid"", ""carbon"", ""eucalyptus globulus leaf"", ""tartaric acid"", ""pyruvic acid"", ""lactic acid"", ""salicylic acid"", ""glycolic acid"", ""eucalyptus globulus leaf powder"", ""aloe barbadensis leaf juice"", ""glycyrrhiza glabra  root extract"", ""cucumis sativus  fruit extract"", ""hedera helix  extract"", ""symphytum officinale  leaf extract"", ""chamomilla recutita  extract"", ""peg-12 dimethicone"", ""caprylyl glycol"", ""sodium hydroxide"", ""butylene glycol"", ""mentha piperita  oil"", ""hectorite"", ""hexylene glycol"", ""glycerin"", ""calendula officinalis extract"", ""maltodextrin"", ""ethylhexylglycerin"", ""xanthan gum"", ""fragrance"", ""limonene"", ""benzyl benzoate"", ""linalool"", ""phenoxyethanol"", ""potassium sorbate"", ""sodium benzoate"", ""iron oxides ""]"
p00546,BeautyPro Nourishing Collagen Sheet Mask with Olive Extract,BeautyPro,4.95,Mask,"[""water"", ""glycerin"", ""glycereth-26"", ""propylene glycol"", ""butylene glycol"", ""hamamelis virginiana"", ""peg-60 hydrogenated castor oil"", ""camellia sinensis leaf extract"", ""aloe barbadensis leaf juice"", ""olea europaea  fruit oil"", ""rosa centifolia flower water"", ""jania rubens extract hydrolyzed collagen"", ""sodium hyaluronate"", ""pentylene glycol"", ""hydroxyethylcellulose"", ""carbomer"", ""triethanolamine"", ""caprylhydroxamic acid"", ""boswellia serrata resin extract"", ""disodium edta"", ""1"", ""2-hexanediol"", ""phenoxyethanol"", ""ethylhexylglycerin"", ""caprylyl glycol"", ""parfum""]"
p00547,Oh K! Chok Chok Smoothing Undereye Mask 2 x 1.5g,Oh K!,4.25,Mask,"[""water"", ""glycerin"", ""dipropylene glycol"", ""niacinamide"", ""ceratonia siliqua gum"", ""chondrus crispus powder"", ""calcium aluminum borosilicate"", ""butylene glycol"", ""paeonia suffruticosa root extract"", ""centella asiatica extract"", ""cellulose gum"", ""polyacrylate-13"", ""1"", ""2-hexanediol"", ""titanium dioxide"", ""sodium hyaluronate"", ""chamomilla recutita  flower extract"", ""polyisobutene"", ""glyceryl caprylate"", ""polysorbate 20"", ""adenosine"", ""ethylhexylglycerin"", ""silica"", ""sorbitan isostearate"", ""tin oxide"", ""hamamelis virginiana  leaf extract"", ""magnesium ascorbyl phosphate"", ""hyaluronic acid"", ""laminaria japonica extract"", ""disodium edta"", ""parfum ""]"
p00548,AHAVA Purifying Mud Mask 100ml,AHAVA,28.99,Mask,"[""kaolin"", ""silt"", ""water"", ""cocamide mea"", ""dmdm hydantoin"", ""sodium lauroamphoacetate"", ""sodium trideceth sulfate"", ""propanediol"", ""glyceryl stearate"", ""ethylhexyl palmitate"", ""aloe barbadensis leaf extract"", ""propylene glycol"", ""glycerin"", ""simmondsia chinensis  seed oil"", ""ceteareth-30"", ""cetearyl alcohol"", ""maris sal"", ""sodium lactate"", ""zinc oxide"", ""caprylyl glycol"", ""chlorphenesin"", ""phenoxyethanol"", ""panthenol"", ""chamomilla recutita  flower oil"", ""stearyl alcohol"", ""magnesium aluminum silicate"", ""hydroxyethylcellulose"", ""peg-40 stearate"", ""allantoin"", ""lactic acid"", ""dimethicone"", ""sorbitan tristearate"", ""xanthan gum"", ""peg-5 cocoate"", ""peg-8 dicocoate"", ""peg-9"", ""iodopropynyl butylcarbamate"", ""triclosan"", ""methylisothiazolinone"", ""bha"", ""tocopherol ""]"
p00549,BeautyPro THERMOTHERAPY Warming Gold Foil Mask 30g,BeautyPro,5.95,Mask,"[""aqua/water/eau"", ""glycerin"", ""propylene glycol"", ""propylene glycol dicaprylate/dicaprate"", ""polysorbate 80"", ""panthenol"", ""hydrolyzed collagen"", ""adenosine"", ""glycine soja  seed extract"", ""caprylic/capric triglyceride"", ""sodium hyaluronate"", ""hydrogenated lecithin"", ""ubiquinone"", ""tocopheryl acetate"", ""disodium edta"", ""arginine"", ""carbomer"", ""hydroxyethylcellulose"", ""sodium nitrate"", ""glyoxal"", ""benzyl glycol"", ""ethylhexylglycerin"", ""raspberry ketone"", ""butylene glycol"", ""phenoxyethanol"", ""parfum/fragrance""]"
p00550,L'Oréal Paris Pure Clay Blemish Rescue Face Mask 50ml,L'Oréal Paris,7.99,Mask,"[""aqua / water"", ""kaolin"", ""glycerin"", ""alcohol denat"", ""isononyl isononanoate"", ""cetearyl alcohol"", ""mica"", ""ci 77891 / titanium dioxide"", ""stearic acid"", ""stearyl alcohol"", ""zinc sulfate"", ""glyceryl stearate citrate"", ""cetearyl glucoside"", ""sodium hydroxide"", ""laminaria saccharina extract"", ""pyridoxine hci"", ""myristic acid"", ""palmitic acid"", ""moroccan lava clay"", ""capryloyl glycine"", ""xanthan gum"", ""montmorillonite"", ""butylene glycol"", ""tocopherol"", ""phenoxyethanol"", ""ci 77499 / iron oxides"", ""ci 77510 / ferric ferrocyanide""]"
p00551,Garnier Pure Active Anti Blackhead Charcoal Mask Peel Off,Garnier,7.99,Mask,"[""water"", ""alcohol denat"", ""vp/va copolymer"", ""polyvinyl alcohol"", ""glycerin"", ""peg-8"", ""ci 7749/iron oxides"", ""cellulose gum"", ""charcoal powder"", ""citric acid"", ""polyglycerin-10"", ""polyglyceryl-10 myristate"", ""polyglyceryl-10 stearate"", ""salicylic acid"", ""sodium dehydroacetate"", ""sodium hydroxide"", ""xanthan gum"", ""parfum/fragrance""]"
p00552,Chantecaille Jasmine & Lily Healing Mask,Chantecaille,75.0,Mask,"[""rosa damascena flower water"", ""aqua/water/eau"", ""glycerin"", ""caprylic/capric triglyceride"", ""ppg-15 stearyl ether"", ""c12-20 acid peg-8 ester"", ""coco-caprylate/caprate"", ""potassium cetyl phosphate"", ""carbomer"", ""phenoxyethanol"", ""saccharide isomerate"", ""ci 77891"", ""ethylhexylglycerin"", ""sodium hydroxide"", ""chlorphenesin"", ""macadamia integrifolia seed oil"", ""oenothera biennis  oil"", ""chondrus crispus powder"", ""bisabolol"", ""panthenol"", ""glycyrrhetinic acid"", ""sodium hyaluronate"", ""acacia decurrens flower wax"", ""jasminum grandiflorum  flower wax"", ""narcissus poeticus flower wax"", ""jasminum grandiflorum  flower extract"", ""peg-8"", ""citric acid"", ""sodium citrate"", ""tocopherol"", ""pelargonium graveolens oil"", ""rosa damascena flower oil"", ""lilium candidum bulb extract"", ""ascorbyl palmitate"", ""ascorbic acid"", ""citronellol"", ""geraniol"", ""benzyl benzoate"", ""linalool"", ""eugenol""]"
p00553,Omorovicza Deep Cleansing Mask (50ml),Omorovicza,72.0,Mask,"[""water"", ""kaolin"", ""glycerin"", ""cetearyl alcohol"", ""silt"", ""stearic acid"", ""cetearyl olivate"", ""zinc oxide"", ""phenoxyethanol"", ""sorbitan olivate"", ""mannitol"", ""malpighia punicifolia  fruit extract"", ""saccharomyces  ferment extract"", ""tocopherol"", ""ethylhexylglycerin"", ""sodium hydroxide"", ""parfum"", ""yeast extract"", ""phospholipids"", ""linalool"", ""limonene"", ""citronellol"", ""geraniol""]"
p00554,Sukin Oil Balancing + Charcoal Anti-Pollution Facial Masque 100ml,Sukin,11.95,Mask,"[""water"", ""kaolin"", ""bentonite"", ""stearic acid"", ""cetyl alcohol"", ""cetearyl alcohol"", ""glyceryl stearate"", ""caprylic/capric triglyceride"", ""ceteareth-20"", ""persea gratissima  oil"", ""rosa canina fruit oil"", ""charcoal powder"", ""biosaccharide\u00a0gum-4"", ""cydonia oblonga leaf extract"", ""cocos nucifera  oil"", ""aloe barbadensis leaf juice"", ""cucumis sativus\u00a0 fruit extract"", ""moringa oleifera leaf extract"", ""aspalathus linearis leaf extract"", ""chamomilla recutita\u00a0 flower extract"", ""epilobium angustifolium extract"", ""punica granatum fruit extract"", ""vaccinium myrtillus fruit extract"", ""glycerin"", ""tocopherol"", ""xanthan gum"", ""citrus nobilis \u00a0peel oil"", ""lavandula angustifolia  oil"", ""backhousia citriodora leaf oil"", ""citrus aurantifolia  oil"", ""citrus aurantium amara  leaf/twig oil"", ""citric acid"", ""phenoxyethanol"", ""benzyl alcohol"", ""limonene"", ""linalool""]"
p00555,La Roche-Posay Hydraphase Intense Masque 50ml,La Roche-Posay,18.0,Mask,"[""water"", ""glycerin"", ""dimethicone"", ""alcohol denat"", ""butyrospermum parkii butter"", ""glyceryl stearate"", ""paraffinum liquidum"", ""cetyl alcohol"", ""peg-100 stearate"", ""nylon-12""]"
p00556,Peter Thomas Roth Pumpkin Enzyme Mask 150ml,Peter Thomas Roth,50.0,Mask,"[""water/aqua/eau"", ""cucurbita pepo"", ""aluminum oxide"", ""glycerin"", ""triethanolamine"", ""lactobacillus/pumpkin ferment extract"", ""ascorbic acid"", ""tocopherol"", ""retinyl palmitate"", ""sodium hyaluronate"", ""leuconostoc/radish root ferment filtrate"", ""edta"", ""edetate discodium"", ""dihydrate"", ""usp"", ""methyl eugenol"", ""carbomer"", ""potassium sorbate"", ""sodium benzoate"", ""chlorphenesin"", ""phenoxyethanol""]"
p00557,AHAVA Single Use Hydration Cream Mask 8ml,AHAVA,2.36,Mask,"[""water"", ""glycerin"", ""ceteareth-20 & cetearyl alcohol"", ""caprylic/capric triglyceride"", ""glyceryl\u00a0stearate"", ""ethylhexyl palmitate"", ""propanediol"", ""cetyl alcohol"", ""alanine & creatine & glycerin &\u00a0glycine & magnesium aspartate & saccharide hydrolysate & urea"", ""butyrospermum parkii"", ""caprylyl glycol &\u00a0chlorphenesin & phenoxyethanol"", ""1"", ""2 hexanediol & sodium hyaluronate & aqua"", ""aloe barbadensis leaf juice"", ""aloe\u00a0barbadensis leaf extract & propylene glycol"", ""maris sal"", ""peg-40 stearate"", ""xanthan gum"", ""sorbitan\u00a0tristearate"", ""tocopheryl  acetate"", ""silt"", ""parfum"", ""lactic acid"", ""saccharide\u00a0isomerate"", ""tocopherol"", ""hexyl cinnamal"", ""limonene"", ""benzyl salicylate"", ""linalool"", ""hydroxycitronellal""]"
p00558,Sanctuary Spa 5 Minute Thermal Charcoal Detox Mask 75ml,Sanctuary Spa,10.0,Mask,"[""zeolite"", ""butylene glycol"", ""glycerin"", ""peg-8"", ""kaolin"", ""dimethicone"", ""prunus amygdalus dulcis  oil"", ""cetyl alcohol"", ""peg-150"", ""cera alba"", ""titanium dioxide"", ""xanthan gum"", ""carbon"", ""commiphora myrrha oil""]"
p00559,Shiseido Benefiance Pure Retinol Express Smoothing Eye Mask x 12 Sachets,Shiseido,62.0,Mask,"[""water"", ""butylene glycol"", ""pentaerythrityl tetraethylhexanoate"", ""diphenylsiloxy phenyl trimethicone"", ""glycerin"", ""dipropylene glycol"", ""peg-60 hydrogenated castor oil"", ""tocopheryl acetate"", ""phenoxyethanol"", ""alcohol"", ""carbomer"", ""sodium citrate"", ""fragrance"", ""bht"", ""squalane"", ""xanthan gum"", ""potassium hydroxide"", ""retinol"", ""polysorbate 20"", ""citric acid"", ""trisodium edta"", ""magnesium ascorbyl phosphate"", ""butylphenyl methylpropional"", ""sapindus mukurossi peel extract"", ""limonene"", ""linalool"", ""uncaria gambir extract"", ""citronellol"", ""alpha-isomethyl ionone"", ""paeonia suffruticosa root extract"", ""geraniol"", ""benzyl benzoate"", ""sodium acetylated hyaluronate"", ""hydroxyproline"", ""chlorella vulgaris extract"", ""beta-carotene ""]"
p00560,Murad Pore Extractor Pomegranate Mask,Murad,30.0,Mask,"[""water/aqua/eau"", ""sodium c14-16 olefin sulfonate"", ""bentonite"", ""butylene glycol"", ""jojoba esters"", ""glyceryl stearate"", ""peg-100 stearate"", ""cetearyl alcohol"", ""titanium dioxide"", ""polylactic acid"", ""sodium palmamphoacetate"", ""hydrolyzed jojoba esters"", ""kaolin"", ""methyl gluceth-20"", ""lithium magnesium sodium silicate"", ""polysorbate 20"", ""punica granatum extract"", ""schinus molle extract"", ""acacia concinna fruit extract"", ""balanites aegyptiaca fruit extract"", ""gypsophila paniculata root extract"", ""urea"", ""yeast amino acids"", ""trehalose"", ""inositol"", ""taurine"", ""betaine"", ""xanthan gum"", ""propanediol"", ""disodium carboxyethyl siliconate"", ""citric acid"", ""cocamidopropyl betaine"", ""caprylyl glycol"", ""chlorphenesin"", ""phenoxyethanol"", ""fragrance"", ""red 40 lake ""]"
p00561,Holika Holika Skin Rescuer Mask Sheet - Vita C,Holika Holika,3.95,Mask,"[""water"", ""glycerin"", ""niacinamide"", ""isopentyldiol"", ""dipropylene glycol"", ""butylene glycol"", ""centella asiatica extract"", ""paeonia suffruticosa root extract"", ""sodium hyaluronate"", ""1"", ""2-hexanediol"", ""peg-60 hydrogenated castor oil"", ""chamomilla\u00a0recutita  flower extract"", ""carbomer"", ""arginine"", ""glyceryl caprylate"", ""hydroxyethylcellulose"", ""ethylhexylglycerin"", ""magnesium ascorbyl phosphate"", ""salvia officinalis  leaf extract"", ""malva sylvestris \u00a0flower extract"", ""scabiosa arvensis extract"", ""glutathione"", ""disodium edta"", ""fragrance""]"
p00562,BARBER PRO Gentlemen's Sheet Mask Rejuvenating and Hydrating with Anti-Ageing Collagen,BARBER PRO,4.95,Mask,"[""water"", ""glycerin"", ""propylene glycol"", ""glycereth-26"", ""hydrolyzed collagen"", ""sodium pca"", ""camellia sinensis leaf extract"", ""janria rubens extract"", ""sodium hyaluronate"", ""butylene glycol"", ""caprylhydroxamic acid"", ""1"", ""2-hexanediol"", ""boswellia serrata resin extract"", ""peg-60 hydrogenated castor oil"", ""natto gum"", ""punica granatum fruit extract"", ""hamamelis virginiana  extract"", ""charcoal powder"", ""tocopheryl acetate"", ""disodium edta"", ""triethanolamine"", ""hydroxyethylcellulose"", ""carbomer parfum"", ""phenoxyethanol"", ""ethylhexylglycerin""]"
p00563,APIVITA Moisturizing Face Mask - Aloe 50ml,APIVITA,12.3,Mask,"[""water"", ""caprylic/capric triglyceride"", ""simmondsia chinensis  seed oil"", ""glycerin"", ""triticum vulgare\u00a0 germ oil"", ""peg-40 hydrogenated castor oil"", ""butyrosper-mum parkii  butter"", ""aloe barbadensis leaf juice\u00a0powder"", ""rosa centifolia flower juice"", ""camellia sinensis leaf extract"", ""sodium hyaluronate"", ""mel  extract"", ""citrus aurantium bergamia  fruit oil"", ""pelargonium graveolens flower oil"", ""glyceryl stearate"", ""cyclopentasiloxane"", ""arginine"", ""tocopheryl acetate"", ""peg-100 stearate"", ""phenoxyethanol"", ""panthenol"", ""caprylyl glycol"", ""carbomer"", ""acrylates/c10-30 alkyl acrylate crosspolymer"", ""ethylhexylglycerin"", ""xanthan gum"", ""allantoin"", ""water"", ""sodium phytate"", ""sorbitan oleate"", ""parfum"", ""butylphenyl methylpropional"", ""linalool"", ""limonene"", ""citronellol"", ""ci\u00a019140"", ""ci 61570 ""]"
p00564,Project Lip Mask,Project Lip,3.95,Mask,"[""water"", ""glycerin"", ""dipropylene glycol"", ""caprylic/capric triglyceride"", ""ceratonia siliqua gum"", ""butylene glycol"", ""chondrus crispus powder"", ""chondrus crispus extract"", ""polysorbate 60"", ""mica"", ""cellulose gum"", ""paeonia suffruticosa root extract"", ""centella asiatica extract"", ""1"", ""2-hexanediol"", ""potassium chloride"", ""titanium dioxide"", ""sodium polyacrylate"", ""chamomilla recutita  flower extract"", ""hydrogenated polydecene"", ""glyceryl caprylate"", ""glyceryl stearate"", ""peg-100 stearate"", ""sucrose"", ""ethylhexylglycerin"", ""trideceth-6"", ""citrus aurantium dulcis  fruit extract"", ""sodium hyaluronate"", ""tin oxide"", ""citrus limon  fruit extract"", ""theobroma cacao  extract"", ""sodium oleate"", ""hydrogenated lecithin"", ""acetyl hexapeptide-8"", ""disodium edta"", ""phenoxyethanol"", ""fragrance""]"
p00565,AHAVA Uplifting & Firming Sheet Mask,AHAVA,6.3,Mask,"[""water"", ""galactoarabinan"", ""aloe barbadensis leaf juice"", ""glycerin"", ""peg-40 hydrogenated castor oil"", ""propanediol"", ""lycium barbarum  fruit extract"", ""phenoxyethanol"", ""sodium\u00a0hyaluronate"", ""phoenix dactylifera  fruit extract"", ""caprylyl glycol"", ""ethylhexylglycerin"", ""allantoin"", ""sodium\u00a0citrate"", ""parfum"", ""xanthan gum"", ""citric acid"", ""maris aqua"", ""hydroxyethylcellulose"", ""methylsilanol mannuronate"", ""1"", ""2-hexanediol"", ""pichia/resveratrol ferment extract"", ""sorbic acid""]"
p00566,Antipodes Halo Skin Brightening Facial Mud Mask 75g,Antipodes,26.99,Mask,"[""water"", ""kaolin"", ""volcanic new zealand mud"", ""glycerin"", ""propanediol"", ""simmondsia chinensis \u00a0esters"", ""zinc oxide"", ""glucolactone and sodium benzoate"", ""magnesium aluminium silcate"", ""butylene glycol"", ""arbutin"", ""citric\u00a0acid"", ""sodium sulphite"", ""acetyl tyrosine"", ""saxifraga sarmentosa  extract"", ""paeonia suffruticosa\u00a0 root extract"", ""aminopropyl ascorbyl phosphate"", ""scutellaria baicalensis  root extract"", ""glutathione"", ""dehydroacetic acid"", ""benzyl alcohol"", ""xanthan gum"", ""pongamia glabra  seed oil"", ""asteriscus graveolens\u00a0 flower extract"", ""persea gratissima  pear oil"", ""coco-glucoside"", ""vinaza grape and kiwi  extract"", ""pure plant fragrance of vanilla"", ""raspberry"", ""wild berry\u00a0and musk: benzyl salicylate"", ""citral"", ""citronella"", ""geraniol"", ""d-limonene"", ""linalool""]"
p00567,APIVITA Deep Cleansing Face Mask - Green Clay 50ml,APIVITA,12.3,Mask,"[""water"", ""montmorillonite"", ""c12-20 acid peg-8 ester"", ""helianthus annuus  seed oil"", ""magnesium\u00a0aluminum silicate"", ""caprylic/capric triglyceride"", ""butylene glycol"", ""alcohol denat"", ""talc"", ""ci77891"", ""ethylhexyl palmitate"", ""glyceryl stearate"", ""hydrolyzed wheat protein"", ""calendula officinalis flower extract"", ""glycerin"", ""tocopheryl acetate"", ""water"", ""bisabolol"", ""tocopherol"", ""disteardimonium hectorite"", ""panthenol"", ""phenoxyethanol"", ""peg-40\u00a0hydrogenated castor oil"", ""caprylyl glycol"", ""xanthan gum"", ""propylene carbonate"", ""ethylhexylglycerin"", ""camellia sinensis\u00a0leaf extract"", ""propolis extract"", ""aloe barbadensis leaf juice powder"", ""lavandula angustifolia  oil"", ""citrus\u00a0limon  peel oil"", ""parfum"", ""hexyl cinnamal"", ""butylphenyl methylpropional"", ""hydroxycitronellal"", ""cintrellol"", ""hydroxyiso-hexyl hydroxyiso-hexyl 3-cyclohexene carboxaldehyde"", ""alpha-isomethyl ionone"", ""geraniol""]"
p00568,L'Oréal Paris Pure Clay Glow Face Mask 50ml,L'Oréal Paris,7.99,Mask,"[""aqua / water"", ""kaolin"", ""glycerin"", ""glyceryl stearate"", ""propylene glycol"", ""cyclohexasiloxane"", ""hydrogenated polyisobutene"", ""dimethicone"", ""peg-100 stearate"", ""prunus armeniaca seed powder / apricot seed powder"", ""perlite"", ""polysorbate 20"", ""carbomer"", ""triethanolamine"", ""dimethiconol"", ""palmaria palmata extract"", ""moroccan"", ""lava clay"", ""caprylyl glycol"", ""xanthan gum"", ""montmorillonite"", ""tocopherol"", ""phenoxyethanol"", ""ci 77491"", ""ci 77492"", ""ci 77499 / iron oxides"", ""linalool"", ""parfum / fragrance""]"
p00569,The Ordinary Lactic Acid 10% + HA 2% Superficial Peeling Formulation 30ml,The Ordinary,6.1,Peel,"[""water"", ""lactic acid"", ""glycerin"", ""pentylene glycol"", ""arginine"", ""potassium citrate"", ""triethanolamine"", ""sodium hyaluronate crosspolymer"", ""tasmannia lanceolata fruit/leaf extract"", ""acacia senegal gum"", ""xanthan gum"", ""trisodium ethylenediamine disuccinate"", ""ppg-26-buteth-26"", ""ethyl 2"", ""2-dimethylhydrocinnamal"", ""peg-40 hydrogenated castor oil"", ""ethylhexylglycerin"", ""1"", ""2-hexanediol"", ""caprylyl glycol""]"
p00570,The Ordinary Lactic Acid 5% + HA 2% Superficial Peeling Formulation 30ml,The Ordinary,5.8,Peel,"[""water"", ""lactic acid"", ""glycerin"", ""arginine"", ""potassium citrate"", ""triethanolamine"", ""sodium hyaluronate crosspolymer"", ""tasmannia lanceolata fruit/leaf extract"", ""acacia senegal gum"", ""xanthan gum"", ""pentylene glycol"", ""trisodium ethylenediamine disuccinate"", ""peg-40 hydrogenated castor oil"", ""ppg-26-buteth-26"", ""ethylhexylglycerin"", ""1"", ""2-hexanediol"", ""caprylyl glycol""]"
p00571,The INKEY List Apple Cider Vinegar Acid Peel 30ml,The INKEY List,14.99,Peel,"[""water"", ""glycolic acid"", ""glycerin"", ""caprylyl/capryl glucoside"", ""polysorbate 20"", ""vaccinium myrtillus  fruit extract"", ""acetum"", ""sodium hydroxide"", ""propanediol"", ""xanthan gum"", ""saccharum officinarum  extract"", ""lactobacillus/vaccinium macrocarpon fruit ferment filtrate"", ""phenoxyethanol"", ""hippophae rhamnoides  fruit oil"", ""salix alba  bark extract"", ""maltodextrin"", ""citrus aurantium dulcis  fruit extract"", ""citrus limon  fruit extract"", ""citronellyl methylcrotonate"", ""acer saccharum  extract"", ""ethylhexylglycerin"", ""leuconostoc/radish root ferment filtrate"", ""biosaccharide gum-1"", ""phytic acid"", ""agastache mexicana flower/leaf/stem extract""]"
p00572,Elemis Papaya Enzyme Peel 50ml,Elemis,35.0,Peel,"[""aqua/water/eau"", ""propylene glycol"", ""octyldodecanol"", ""glyceryl stearate se"", ""cetearyl alcohol"", ""glycerin"", ""c12-16 alcohols"", ""helianthus annuus  seed oil"", ""niacinamide"", ""xanthan gum"", ""phenoxyethanol"", ""palmitic acid"", ""hydrogenated lecithin"", ""fragrance"", ""papain"", ""chlorphenesin"", ""lactis proteinum/milk protein/prot\u00e9ine du lait"", ""ananas sativus  fruit extract"", ""sodium dehydroacetate"", ""disodium edta"", ""porphyridium cruentum  extract"", ""cinnamyl alcohol"", ""fucus vesiculosus  extract"", ""capsicum annuum fruit extract"", ""tocopherol"", ""citronellol"", ""geraniol"", ""limonene"", ""citral"", ""mentha arvensis  leaf oil"", ""cuminum cyminum  seed oil""]"
p00573,AHAVA Single Use Facial Renewal Peel 8ml,AHAVA,2.36,Peel,"[""maris aqua"", ""glycerin"", ""propanediol"", ""acer saccharinum  extract &\u00a0citrus aurantium dulcis  fruit extract & citrus medica limonum  fruit extract & saccharum officinarum\u00a0 extract & vaccinium myrtillus  leaf extract & aqua"", ""water"", ""pvp"", ""aminomethyl propanediol"", ""ascorbic acid"", ""phenoxyethanol & ethylhexylglycerin"", ""aloe barbadensis leaf juice"", ""allantoin"", ""bisabolol"", ""butylene glycol & calendula officinalis flower extract & propylene glycol"", ""aloe barbadensis\u00a0leaf extract"", ""citrus aurantium bergamia  fruit oil"", ""disodium lauriminodipropionate tocopheryl phospates"", ""tocopheryl  acetate"", ""dunaliella salina extract & hydrogenated polydecene"", ""helianthus annuus \u00a0seed oil & melissa officinalis leaf extract & polyglyceryl-3 polyricinoleate""]"
p00574,PIXI Peel and Polish,PIXI,24.0,Peel,"[""water/aqua/eau"", ""lacticacid"", ""polylactic acid"", ""helianthus annuus  seed oil"", ""cetearyl alcohol"", ""propanediol"", ""ceteareth-20"", ""beraclay light red"", ""hamamelis virginiana  water"", ""panax ginseng root extract"", ""carica papaya  fruit extract"", ""saccharum officinarum  extract"", ""acer saccharum"", ""extract"", ""cucumis sativus  fruit extract"", ""citrus\u00a0aurantium dulcis  fruit extract"", ""citrus limon  fruit extract"", ""vaccinium myrtillus fruit extract"", ""hydroxyethylcellulose"", ""polyglceryl-3"", ""cocoate"", ""butylene glycol"", ""maltooligosyl glucoside"", ""glyceryl stearate"", ""peg-100 stearate"", ""caprylic/capric triglyceride"", ""dipentaerythrityl tri-polyhydroxystearate"", ""hydrogenated starch hydrolysate"", ""phenoxyethanol"", ""caprylyl glycol"", ""sodium hydroxide"", ""xanthan\u00a0gum"", ""polyglceryl-4"", ""caprate"", ""polyglceryl-6 caprylate"", ""polyglceryl-6 ricinoleate"", ""pentylene glycol"", ""sorbic acid"", ""hydroxyphenyl"", ""propamidobenzoic acid"", ""ascorbyl"", ""palmitate"", ""benzoic acid"", ""tocopherol""]"
p00575,Elizabeth Arden Visible Difference Peel & Reveal Revitalizing Mask (50ml),Elizabeth Arden,26.0,Peel,"[""water/aqua/eau"", ""alcohol denat"", ""propylene glycol"", ""citrus medica limonum  fruit extract"", ""cucumis sativus  fruit extract"", ""daucus carota sativa  root extract"", ""ginkgo biloba leaf extract"", ""hamamelis virginiana  bark/leaf/stem extract"", ""hamamelis virginiana  water"", ""rosmarinus officinalis  leaf extract"", ""ascorbic acid polypeptide"", ""retinyl linoleate"", ""tocopheryl acetate"", ""glycyrrhetinic acid"", ""tridecyl salicylate"", ""peg-40 stearate"", ""ppg-5-ceteth-20"", ""sorbitan stearate"", ""citric acid"", ""disodium edta"", ""silica"", ""dimethicone"", ""parfum/fragrance"", ""benzyl alcohol"", ""butylphenyl methylpropional"", ""hexyl cinnamal"", ""limonene"", ""linalool"", ""zinc oxide ""]"
p00576,Murad Replenishing Multi-Acid Peel 100ml,Murad,48.0,Peel,"[""water/aqua/eau"", ""caprylic/capric triglyceride"", ""c13-16 isoparaffin"", ""glycolic acid"", ""simmondsia chinensis  seed oil"", ""triolein"", ""glycerin"", ""sodium hydroxide"", ""propylene glycol caprylate"", ""lactic acid"", ""malic acid"", ""tranexamic acid"", ""salicylic acid"", ""sodium hyaluronate"", ""bisabolol"", ""tocopheryl acetate"", ""ocimum sanctum leaf extract"", ""melia azadirachta leaf extract"", ""melia azadirachta flower extract"", ""amino esters-1"", ""amber powder"", ""coccinia indica fruit extract"", ""solanum melongena  fruit extract"", ""curcuma longa  root extract"", ""corallina officinalis extract"", ""moringa oleifera seed oil"", ""urea"", ""yeast amino acids"", ""trehalose"", ""inositol"", ""taurine"", ""betaine"", ""caprylhydroxamic acid"", ""propanediol"", ""1"", ""2 hexanediol""]"
p00577,Peter Thomas Roth FirmX Peeling Gel 100ml,Peter Thomas Roth,40.0,Peel,"[""water/aqua/eau"", ""peg-32"", ""cellulose"", ""butylene glycol"", ""citrus aurantium bergamia  fruit water"", ""sorbitol"", ""r-bacillus licheniformis keratinase"", ""ananas sativus  fruit extract"", ""lactobacillus/punica granatum fruit ferment extract"", ""leuconostoc/radish root ferment filtrate"", ""sodium hyaluronate"", ""glycerin"", ""sodium hydroxide"", ""citric acid"", ""tetrasodium edta"", ""algin"", ""carbomer"", ""tromethamine"", ""isopropyl myristate"", ""sodium chloride"", ""calcium chloride"", ""potassium sorbate"", ""sodium benzoate"", ""mica"", ""phenoxyethanol""]"
p00578,Murad Intensive-C Radiance Peel 50ml,Murad,55.0,Peel,"[""cyclomethicone"", ""ascorbic acid"", ""dimethicone crosspolymer"", ""c12-15 alkyl ethylhexanoate"", ""di-c12-15 alkyl fumarate"", ""tocopheryl acetate"", ""retinol"", ""bisabolol"", ""allantoin"", ""lysine lauroyl methionate"", ""rice amino acids"", ""zinc aspartate"", ""chitosan ascorbate"", ""retinyl palmitate"", ""cyanocobalamin"", ""beta-carotene"", ""ranunculus ficaria extract"", ""glycine"", ""glutamic acid"", ""caprylic/capric triglyceride"", ""vegetable oil"", ""limonene"", ""carthamus tinctorius  seed oil"", ""citrus aurantium dulcis  peel oil"", ""citrus nobilis  peel oil"", ""ocimum basilicum  oil"", ""citrus grandis  peel oil"", ""ferula galbaniflua  resin oil""]"
p00579,Peter Thomas Roth Peptide 21 Amino Acid Exfoliating Peel Pads - 60 Pads,Peter Thomas Roth,41.6,Peel,"[""water/aqua/eau"", ""butylene glycol"", ""sodium lactate"", ""phytic acid"", ""ppg-5-ceteth-20"", ""rosa centifolia flower water"", ""hamamelis virginiana  water"", ""salicylic acid"", ""threonine"", ""glutamic acid"", ""serine"", ""aspartic acid"", ""arginine"", ""alanine"", ""proline"", ""valine"", ""histidine"", ""glycine"", ""lysine"", ""chamomilla recutita  flower extract"", ""camellia sinensis leaf extract"", ""ascorbic acid"", ""retinyl palmitate"", ""tocopheryl acetate"", ""aloe barbadensis leaf juice"", ""borago officinalis seed oil"", ""symphytum officinale leaf extract"", ""citrus limon  peel extract"", ""citrus aurantifolia  peel extract"", ""citrus aurantium dulcis  fruit extract"", ""citrus tangerina  peel extract"", ""mentha piperita  extract"", ""salvia officinalis  leaf extract"", ""zingiber officinale  root extract"", ""phenoxyethanol"", ""sodium hydroxide"", ""aminobutyric acid"", ""potassium sorbate"", ""sodium benzoate"", ""caprylic/- capric triglyceride"", ""peg-8 dimethicone"", ""leucine"", ""sodium ascorbyl phosphate"", ""limonene"", ""benzoic acid"", ""tyrosine"", ""phenylalanine"", ""isoleucine"", ""citric acid"", ""octyldodecanol"", ""silica"", ""sodium propoxyhydroxypropyl thiosulfate silica""]"
p00580,Lancer Skincare Caviar Lime Acid Peel 50ml,Lancer Skincare,90.0,Peel,"[""water"", ""glycolic acid"", ""sodium hydroxide"", ""phytic acid"", ""glyceryl stearate"", ""peg-100 stearate"", ""galactoarabinan"", ""caprylic/capric triglyceride"", ""dimethyl isosorbide"", ""ethoxydiglycol"", ""neopentyl glycol diethylhexanoate"", ""stearyl alcohol"", ""propanediol"", ""polyacrylate crosspolymer-6"", ""glycerin"", ""maltodextrin"", ""sodium ascorbate"", ""retinol"", ""oryza sativa  bran extract"", ""citrus grandis  peel oil"", ""rosmarinus officinalis  leaf oil"", ""helianthus annuus  seed extract"", ""rosmarinus officinalis  leaf extract"", ""microcitrus australasica fruit extract"", ""citrus aurantifolia  oil"", ""citrus aurantium dulcis  peel oil"", ""mentha piperita  oil"", ""eucalyptus globulus leaf oil"", ""allantoin"", ""bromelain"", ""papain"", ""tocopherol"", ""dimethicone"", ""polymethylsilsesquioxane"", ""vanillyl butyl ether"", ""ethylhexylglycerin"", ""hdi/trimethylol hexyllactone crosspolymer"", ""xanthan gum"", ""disodium edta"", ""benzyl alcohol"", ""menthoxypropanediol"", ""limonene"", ""linalool""]"
p00581,Alpha-H Beauty Sleep Power Peel 50ml,Alpha-H,43.2,Peel,"[""water"", ""glycolic acid"", ""caprylic/capric triglyceride"", ""dimethicone"", ""cetearyl alcohol"", ""glyceryl stearate"", ""peg-100 stearate"", ""cyclopentasiloxane"", ""euglena gracilis extract"", ""potassium hydroxide"", ""ceteareth-20"", ""sodium carrageenan"", ""glycerin"", ""stearic acid"", ""hydrolyzed wheat flour"", ""phenoxyethanol"", ""maltodextrin"", ""simmondsia chinensis seed oil"", ""dimethicone crosspolymer"", ""parfum"", ""butyrospermum parkii butter"", ""mangifera indica seed butter"", ""prunus amygdalus dulcis oil"", ""retinol"", ""tocopheryl acetate"", ""vitis vinifera seed oil"", ""panthenol"", ""tanacetum annuum flower oil"", ""gluconolactone"", ""allantoin"", ""disodium edta"", ""sodium benzoate"", ""aloe barbadensis leaf"", ""calcium pantothenate"", ""xanthan gum"", ""caprylyl glycol"", ""proline"", ""serine"", ""sodium hyaluronate"", ""urea"", ""magnesium lactate"", ""papain"", ""ethylhexylglycerin"", ""calcium gluconate"", ""alanine"", ""magnesium chloride"", ""sodium citrate"", ""limonene"", ""linalool""]"
p00582,Elemis Peptide4 Overnight Radiance Peel 30ml,Elemis,56.0,Peel,"[""aqua/water/eau"", ""lactic acid"", ""hibiscus sabdariffa flower extract"", ""sodium hydroxide"", ""polyacrylate crosspolymer-6"", ""phenoxyethanol"", ""hydroxyethyl acrylate/sodium acryloyldimethyl taurate copolymer"", ""glycerin"", ""squalane"", ""hydrolyzed jojoba esters"", ""fragrance"", ""perilla ocymoides seed oil"", ""echium plantagineum seed oil"", ""disodium edta"", ""matthiola longipetala  seed oil"", ""ethylhexylglycerin"", ""magnesium hydroxide"", ""benzyl benzoate"", ""yeast extract"", ""polysorbate 60"", ""sorbitan isostearate"", ""propylene glycol dicaprylate/dicaprate"", ""linalool"", ""limonene"", ""t-butyl alcohol"", ""hexyl cinnamal"", ""potassium sorbate"", ""soy amino acids"", ""xanthan gum"", ""cananga odorata flower oil"", ""citrus aurantium dulcis  peel oil"", ""myristica fragrans  kernel oil"", ""sodium benzoate"", ""hydrolyzed yeast protein"", ""eugenol"", ""coumarin"", ""citrus aurantium amara  leaf/twig oil"", ""citrus aurantium amara  peel oil"", ""coriandrum sativum  fruit oil"", ""tocopherol""]"
p00583,PIXI Hydrating Milky Peel 80ml,PIXI,24.0,Peel,"[""aqua/water/eau"", ""cellulose"", ""propanediol"", ""phenoxyethanol"", ""arginine"", ""carbomer"", ""polysorbate 20"", ""allantoin"", ""bifida ferment lysate"", ""cocos"", ""nucifera  fruit extract"", ""avena"", ""strigosa seed extract"", ""origanum vulgare"", ""leaf extract"", ""chamaecyparis obtusa leaf"", ""extract"", ""salix alba  bark extract"", ""lactobacillus/soybean ferment extract"", ""portulaca oleracea extract"", ""cinnamomum cassia bark extract"", ""scutellaria baicalensis root extract"", ""lecithin"", ""potassium sorbate"", ""citric acid"", ""trehalose"", ""glycerin"", ""ethylhexylglycerin"", ""parfum/fragrance"", ""disodium edta"", ""butylene glycol""]"
p00584,Embryolisse Gentle Night Peeling Care Radiance Secret 40ml,Embryolisse,18.0,Peel,"[""water"", ""glycerin"", ""coco-caprylate/caprate"", ""cetearyl alcohol"", ""butyrospermum parkii  butter"", ""caprylic/capric triglyceride"", ""hydrogenated polyisobutene"", ""macadamia ternifolia seed oil"", ""tridecyl trimellitate"", ""argania spinosa kernel oil"", ""glyceryl stearate"", ""aluminium starch"", ""octenyl succinate"", ""phenoxyethanol"", ""cetearyl glucoside"", ""hydroxyethyl acrylate/sodium acryloyldimethyl taurate copolymer"", ""cera alba"", ""isohexadecane"", ""sodium stearoyl glutamate"", ""acrylates/c10-30 alkylacrylate crosspolymer"", ""bisabolol"", ""tocopheryl acetate"", ""parfum"", ""alcohol denat"", ""ethylhexylglycerin"", ""polysorbate-60"", ""disodium edta"", ""sorbitan isostearate"", ""microcitrus australasica fruit extract"", ""sodium hydroxide"", ""limonene""]"
p00585,Estée Lauder Perfectionist Pro Instant Resurfacing Peel with 9.9% AHAs + BHA,Estée Lauder,56.7,Peel,"[""water\\aqua\\eau"", ""dimethicone"", ""citric acid"", ""glycolic acid"", ""sodium hydroxide"", ""butylene glycol"", ""tartaric acid"", ""algae extract"", ""decyl oleate"", ""polyacrylate crosspolymer-6"", ""polyacrylamide"", ""salicylic acid"", ""polysilicone-11"", ""resveratrol"", ""sodium hyaluronate"", ""hordeum vulgare  extract\\extrait d'orge"", ""caffeine"", ""triticum vulgare  germ extract"", ""phospholipids"", ""hydrogenated lecithin"", ""pantethine"", ""sucrose"", ""tocopheryl acetate"", ""biosaccharide gum - 1"", ""peg-11 methyl ether dimethicone"", ""c13-14 isoparaffin"", ""propylene glycol caprylate"", ""squalane"", ""oleth-10"", ""stearamidopropyl dimethylamine"", ""caprylyl glycol"", ""laureth-7"", ""stearic acid"", ""t-butyl alcohol"", ""hexylene glycol"", ""fragrance"", ""disodium edta"", ""phenoxyethanol""]"
p00586,L'Oréal Paris Revitalift Laser Glycolic Peel Pads x 25 Pads,L'Oréal Paris,22.49,Peel,"[""aqua / water"", ""alcohol denat"", ""hydroxyethylpiperazine ethane sulfonic acid"", ""propylene glycol"", ""glycerin"", ""glycolic acid"", ""sodium hydroxide"", ""citric acid"", ""ppg-26-buteth-26"", ""peg-40 hydrogenated castor oil"", ""allantoin"", ""ascorbyl glucoside"", ""biosaccharide gum-1"", ""panthenol"", ""phenoxyethanol"", ""linalool"", ""limonene"", ""hexyl cinnamal"", ""benzyl salicylate"", ""parfum / fragrance""]"
p00587,Radical Skincare Express Delivery Enzyme Peel 50ml,Radical Skincare,45.0,Peel,"[""water"", ""butylene glycol"", ""carbomer"", ""sodium hydroxide"", ""papain"", ""sodium"", ""hyaluronate"", ""glycosaminoglycans"", ""glycerin"", ""ananas sativus  fruit extract"", ""carica papaya fruit extract"", ""lactobacillus/pumpkin ferment extract"", ""vitis vinifera  seed extract"", ""coffea robusta seed extract"", ""camelia sinensis leaf extract"", ""lactobacillus/punica granatum fruit ferment extract"", ""leuconostoc/radish root ferment filtrate"", ""prunus armeniaca  fruit extract"", ""aniba rosaeodora  wood extract"", ""citrus aurantifolia  peel extract"", ""citrus aurantium dulcis"", ""peel extract"", ""vanilla planifolia fruit extract"", ""citrus grandis  peel extract"", ""mangifera indica  fruit extract"", ""cucumis sativus  fruit extract"", ""citrus limon  fruit extract"", ""citrus junos  fruit extract"", ""cocos nucifera  oil"", ""tocopheryl"", ""acetate"", ""ascorbic acid"", ""niacinamide"", ""lecithin"", ""allantoin"", ""maltodextrin"", ""xanthan gum"", ""phenoxyethanol"", ""ethylhexylglycerin"", ""red 40""]"
p00588,Dermalogica Rapid Reveal Peel,Dermalogica,71.1,Peel,"[""water/aqua/eau"", ""glycerin"", ""lactic acid"", ""lactobacillus/pumpkin fruit ferment filtrate"", ""ethoxydiglycol"", ""peg-40 hydrogenated castor oil"", ""sodium hydroxide"", ""oryza sativa  bran extract"", ""microcitrus australasica fruit extract"", ""citrus limon  peel oil"", ""pullulan"", ""lecithin"", ""tocopherol"", ""leuconostoc/radish root ferment filtrate"", ""sclerotium gum"", ""cocamidopropyl pg-dimonium chloride phosphate"", ""xanthan gum"", ""menthyl lactate"", ""tetrasodium glutamate diacetate"", ""vanillyl butyl ether"", ""silica"", ""ethylhexylglycerin"", ""ppg-26-buteth-26"", ""citral"", ""geraniol"", ""linalool"", ""limonene"", ""phenoxyethanol""]"
p00589,Radical Skincare Detox Charcoal Enzyme Peel 50ml,Radical Skincare,45.0,Peel,"[""water"", ""butylene glycol"", ""carbomer"", ""sodium hydroxide"", ""sodium hyaluronate"", ""glycerin"", ""allantoin"", ""glycosaminoglycans"", ""niacinamide"", ""hydrophilic polyether polyurethane"", ""papain"", ""carbon"", ""vitis vinifera  seed extract"", ""coffea robusta seed extract"", ""camelia sinensis leaf extract"", ""mangifera indica  fruit extract"", ""citrus junos  fruit extract"", ""ananas sativus  fruit extract"", ""carica papaya fruit extract"", ""lactobacillus/pumpkin ferment extract"", ""lactobacillus/punica granatum fruit ferment extract"", ""cucumis sativus  fruit extract"", ""citrus limon  fruit extract"", ""prunus armeniaca  fruit extract"", ""aniba rosaeodora  wood extract"", ""citrus aurantifolia  peel extract"", ""citrus aurantium dulcis  peel extract"", ""vanilla planifolia fruit extract"", ""citrus grandis  peel extract"", ""cocos nucifera  oil"", ""tocopheryl acetate"", ""lecithin"", ""ascorbic acid"", ""leuconostoc/radish root ferment filtrate"", ""xanthan gum"", ""phenoxyethanol"", ""ethylhexylglycerin""]"
p00590,Polaar Northern Light Micro-Peeling Foam 100ml,Polaar,28.0,Peel,"[""water"", ""cetearyl alcohol"", ""glycerin"", ""hydrogenated vegetable glycerides"", ""prunus amygdalus dulcis  oil"", ""dicaprylyl carbonate"", ""argania spinosa kernel oil"", ""butyrospermum parkii  butter"", ""caprylic/capric triglyceride"", ""butylene glycol"", ""cetearyl glucoside"", ""benzyl alcohol"", ""parfum"", ""sodium hydroxide"", ""gaultheria procumbens  leaf extract"", ""sodium stearoyl glutamate"", ""citric acid"", ""tocopherol"", ""aloe barbadensis leaf extract"", ""helianthus annuus  seed oil"", ""xanthan gum"", ""sodium gluconate"", ""dehydroacetic acid"", ""hippophae rhamnoides fruit extract"", ""hydrolyzed algin"", ""linalool"", ""limonene"", ""ci 15985"", ""citral"", ""citronellol"", ""geraniol"", ""ci 19140"", ""ci 17200 ""]"
p00591,Omorovicza Blue Diamond Peel (50ml),Omorovicza,155.0,Peel,"[""glycerin"", ""water"", ""lactobionic acid"", ""cetearyl olivate"", ""sorbitan olivate"", ""phenoxyethanol"", ""lactic acid"", ""sodium lactate"", ""mangifera indica  pulp extract"", ""spondias mombin pulp extract"", ""musa sapientum  pulp extract"", ""copper gluconate"", ""parfum"", ""behenyl alcohol"", ""butyrospermum parkii"", ""mica"", ""saccharomyces  ferment extract"", ""ethylhexylglycerin"", ""xanthan gum"", ""water"", ""titanium dioxide"", ""hydrogenated castor oil"", ""stearyl alcohol"", ""protease"", ""subtilisin"", ""benzyl alcohol"", ""potassium sorbate"", ""phospholipids"", ""acetyl pentapeptide"", ""diamond"", ""silica"", ""linalool"", ""limonene"", ""geraniol"", ""citral"", ""lilial"", ""benzyl benzoate""]"
p00592,VERSO Enzyme Peel 50ml,VERSO,80.0,Peel,"[""water"", ""lactobacillus/punica granatum fruit ferment extract"", ""glycerin"", ""gluconolactone"", ""propylene glycol"", ""glycolic acid"", ""lactic acid"", ""sodium lactate"", ""polyacrylate crosspolymer-6"", ""hydroxyethyl acrylate/sodium acryloyldimethyl taurate copolymer"", ""niacinamide"", ""curcuma longa root extract"", ""leuconostoc/radish root ferment filtrate"", ""polysorbate 60"", ""sorbitan isostearate"", ""dehydroacetic acid"", ""formic acid"", ""t-butyl alcohol"", ""biosaccharide gum-4"", ""sodium hydroxide"", ""benzonic acid"", ""phenoxyethanol"", ""parfum""]"
p00593,Natura Bissé Glyco Extreme Peel 30ml,Natura Bissé,230.0,Peel,"[""water"", ""glycolic acid"", ""alcohol denat"", ""sodium hydroxide"", ""ethoxydiglycol"", ""hydroxypropyl starch phosphate"", ""lactic acid"", ""propylene glycol"", ""glycerin"", ""salicyloyl phytosphingosine"", ""hydrolyzed opuntia ficus-indica flower extract"", ""hexanoyl dipeptide-3 norleucine acetate"", ""salix alba  bark extract"", ""avena sativa  kernel extract"", ""lecithin"", ""peg-60 hydrogenated castor oil"", ""tartaric acid"", ""malic acid"", ""citric acid"", ""ethylhexylglycerin"", ""disodium edta"", ""phenoxyethanol"", ""methylparaben"", ""ethylparaben"", ""butylparaben"", ""propylparaben"", ""fragrance"", ""limonene"", ""geraniol"", ""hydroxycitronellal"", ""linalool"", ""citronellol"", ""cinnamyl alcohol"", ""citral""]"
p00594,Natura Bissé Tolerance Enzyme Peel 50ml,Natura Bissé,89.0,Peel,"[""water"", ""caprylic/capric triglyceride"", ""coco-caprylate"", ""octyldodeceth-25"", ""methyl gluceth-10"", ""glycerin"", ""cyclopentasiloxane"", ""ethoxydiglycol"", ""pentylene glycol"", ""lactic acid"", ""salicylic acid"", ""hydrolyzed opuntia ficus-indica flower extract"", ""carica papaya\u00a0 fruit extract"", ""chamomilla recutita  flower extract"", ""allantoin"", ""propylene glycol"", ""ethylhexylglycerin"", ""tocopherol"", ""disodium edta"", ""sodium hydroxide"", ""potassium sorbate"", ""sodium benzoate"", ""phenoxyethanol"", ""methylisothiazolinone"", ""flavor"", ""fragrance"", ""yellow 5"", ""red 4 ""]"
p00595,Mavala Skin Vitality Beauty Enhancing Micro-Peel 65ml,Mavala,17.0,Peel,"[""water"", ""glycerin"", ""butylene glycol"", ""caprylic/capric triglyceride"", ""synthetic wax"", ""hydrogenated polyisobutene"", ""squalane"", ""steareth-2"", ""glyceryl stearate"", ""cetyl alcohol"", ""steareth-21"", ""sodium polyacrylate"", ""vitis vinifera  seed oil"", ""prunus armeniaca  fruit extract"", ""malva sylvestris  flower extract"", ""allantoin"", ""chlorphenesin"", ""cocamidopropyl betaine"", ""dimethicone"", ""methylcellulose"", ""polysorbate 65"", ""potassium hydroxide"", ""pvm/ma decadiene crosspolymer"", ""simethicone"", ""tocopheryl acetate"", ""ethylparaben"", ""methylparaben"", ""phenoxyethanol""]"
p00596,Goldfaden MD Fresh A Peel Multi Acid Resurfacing Peel 50ml,Goldfaden MD,50.25,Peel,"[""purified water"", ""lactic acid"", ""vaccinium myrtillus extract"", ""saccharum officinarum  extract"", ""acer\u00a0saccharinum  extract"", ""citrus aurantium dulcis  fruit extract"", ""citrus medica limonum  extract""]"
p00597,Manuka Doctor ApiClear Facial Peel 100ml,Manuka Doctor,29.99,Peel,"[""water"", ""titanium dioxide"", ""polyvinyl alcohol"", ""alcohol denat"", ""butylene glycol"", ""montmorillonite"", ""kaolin"", ""calcium sulfate"", ""magnesium aluminum silicate"", ""peg-60 hydrogenated castor oil"", ""phenoxyethanol"", ""polysorbate 80"", ""1"", ""2-hexanediol"", ""caprylyl glycol"", ""parfum"", ""hydrolyzed silk"", ""carica papaya  leaf extract"", ""hordeum distichon  extract"", ""artemisia vulgaris extract"", ""citrus grandis  seed extract"", ""glycerin"", ""dipotassium glycyrrhizate"", ""disodium edta"", ""hydrolyzed collagen"", ""lecithin"", ""chamaecyparis obtusa water"", ""mel  extract"", ""bee venom"", ""bambusa textilis stem extract"", ""pinus palustris leaf extract"", ""ceramide 3"", ""sodium hyaluronate"", ""soy isoflavones"", ""tocopherol"", ""linalool"", ""benzyl benzoate""]"
p00598,Comfort Zone Sublime Skin Peel Pad (14 Pack),Comfort Zone,80.0,Peel,"[""aqua / water / eau"", ""glycolic acid"", ""gluconolactone"", ""propanediol"", ""niacinamide"", ""arginine"", ""sodium hydroxide"", ""3-o-ethyl ascorbic acid"", ""caprylyl glycol"", ""tetrasodium glutamate diacetate"", ""caprylhydroxamic acid"", ""glycerin""]"
p00599,Recipe for Men Peeling Mask,Recipe for Men,25.0,Peel,"[""water"", ""glycerin"", ""glycolic acid"", ""salix nigra bark extract"", ""polyacrylate crosspolymer-6"", ""hydroxyethyl acrylate/sodium acryloyldimethyl taurate copolymer"", ""sodium lactate"", ""lactic acid"", ""xylitylglucoside"", ""phenoxyethanol"", ""hydrated silica"", ""anhydroxylitol"", ""butylene glycol"", ""parfum"", ""xylitol"", ""polysorbate 60"", ""sorbitan isostearate"", ""ethylhexylglycerin"", ""glucose"", ""formic acid"", ""t-butyl alcohol"", ""limonene"", ""ci 74160"", ""cinnamomum cassia bark extract"", ""sanguisorba officinalis root extract"", ""zingiber officinale root extract"", ""ci 42051""]"
p00600,Comfort Zone Essential Peeling 60ml,Comfort Zone,30.0,Peel,"[""aqua/water/eau"", ""caprylic/capric triglyceride"", ""glyceryl stearate citrate"", ""glycerin"", ""octyldodecanol"", ""betaine"", ""cyclodextrin"", ""cetearyl isononanoate"", ""c12-15 alkyl benzoate"", ""propanediol"", ""butyrospermum parkii butter/butyrospermum parkii  butter"", ""dicaprylyl ether"", ""panthenol"", ""sodium acrylates/beheneth-25 methacrylate crosspolymer"", ""hydrogenated polydecene"", ""1"", ""2-hexanediol"", ""sorbitan laurate"", ""sodium levulinate"", ""sodium anisate"", ""caprylhydroxamic acid"", ""tocopherol"", ""o-cymen-5-ol"", ""lauryl glucoside"", ""magnolia officinalis bark extract"", ""bromelain""]"
p00601,CeraVe Eye Repair Cream 14ml,CeraVe,12.0,Eye Care,"[""purified water"", ""niacinamide"", ""cetyl alcohol"", ""caprylic/capric triglyceride"", ""glycerin"", ""propanediol"", ""isononyl isononanoate"", ""jojoba esters"", ""peg-20 methyl glucose sesquistearate"", ""cetearyl alcohol"", ""dimethicone"", ""methyl glucose sesquistearate"", ""ceramide 3"", ""ceramide 6-ll"", ""ceramide 1"", ""hyaluronic acid"", ""zinc citrate"", ""prunus amygdalus dulcis  oil"", ""aloe barbadensis leaf juice"", ""chrysanthellum indicum extract"", ""tocopherol"", ""equisetum arvense extract"", ""asparagopsis armata extract"", ""ascophyllum nodosum extract"", ""phenoxyethanol"", ""carbomer"", ""behentrimonium methosulfate"", ""sorbitol"", ""triethanolmanie"", ""laureth-4"", ""butylene glycol"", ""hydrogenated vegetable oil"", ""tetrasodium edta"", ""ethylhexylglycerin"", ""sodium lauroyl lactylate"", ""sodium hydroxide"", ""phytosphingosine"", ""cholesterol"", ""xanthan gum""]"
p00602,The INKEY List Caffeine Eye Serum 15ml,The INKEY List,8.99,Eye Care,"[""propanediol"", ""polyglyceryl-6 distearate"", ""cetyl alcohol"", ""hydroxyethyl acrylate/sodium acryloyldimethyl taurate copolymer"", ""jojoba esters"", ""glyceryl dibehenate"", ""albizia julibrissin bark extract"", ""squalane"", ""caffeine"", ""polyglyceryl-3 beeswax"", ""phospholipids"", ""tribehenin"", ""ethylhexylglycerin"", ""xanthan gum"", ""glycine soja  extract"", ""polysorbate 60"", ""disodium edta"", ""glyceryl behenate"", ""butylene glycol"", ""glycine soja  sterol"", ""leuconostoc/radish root ferment filtrate"", ""hyaluronic acid"", ""carbomer"", ""darutoside"", ""polysorbate 20"", ""palmitoyl tetrapeptide-7"", ""palmitoyl tripeptide-1"", ""phenoxyethanol""]"
p00603,Avène Soothing Eye Contour Cream 10ml,Avène,10.0,Eye Care,"[""avene thermal spring water"", ""mineral oil"", ""caprylic/capric triglyceride"", ""cyclomethicone"", ""glycerin"", ""sucrose stearate"", ""peg-12"", ""sucrose distearate"", ""triethanolamine"", ""batyl alcohol"", ""bisabolol"", ""caprylic/capric triglycerides"", ""carbomer"", ""dextran sulfate"", ""disodium edta"", ""sodium hyaluronate"", ""tocopheryl glucoside""]"
p00604,Bobbi Brown Extra Eye Repair Cream 15ml,Bobbi Brown,48.5,Eye Care,"[""water\\aqua\\eau"", ""petrolatum"", ""dimethicone"", ""butyrospermum parkii"", ""glycerin"", ""ceresin"", ""phenyl trimethicone"", ""acetyl glucosamine"", ""pentylene glycol"", ""lauryl peg-9 polydimethylsiloxyethyl dimethicone"", ""lanolin alcohol"", ""camellia sinensis  leaf extract"", ""olea europaea  fruit extract"", ""triticum vulgare  extract"", ""scutellaria baicalensis root extract"", ""ascophyllum nodosum extract"", ""asparagopsis armata extract"", ""pyrus malus  fruit extract"", ""morus bombycis  root extract"", ""salvia sclarea  extract"", ""oenothera biennis  oil"", ""limnanthes alba  seed oil"", ""vitis vinifera  seed oil"", ""tocopheryl acetate"", ""caffeine"", ""sucrose"", ""silica"", ""cholesterol"", ""sorbitol"", ""di-c12-15 alkyl fumarate"", ""peg-30 dipolyhydroxystearate"", ""behenyl alcohol"", ""hydroxystearic acid"", ""micrococcus lysate"", ""peg-8 distearate"", ""acetyl hexapeptide-8"", ""trehalose"", ""linoleic acid"", ""butylene glycol"", ""sodium hyaluronate"", ""lecithin"", ""potassium stearate"", ""potassium palmitate"", ""fragrance"", ""sodium chloride"", ""trisodium edta"", ""limonene"", ""benzyl salicylate"", ""chlorphenesin"", ""phenoxyethanol""]"
p00605,Antipodes Kiwi Seed Oil Eye Cream 30ml,Antipodes,27.99,Eye Care,"[""water"", ""persea gratissima"", ""glycerin"", ""cetearyl alcohol"", ""cetearyl\u00a0wheat straw glycosides"", ""steraic acid"", ""glyceryl stearate"", ""tocopherol acetate"", ""daucus carota\u00a0sativa"", ""kiwifruit seed oil"", ""borage oil"", ""gluconolactone"", ""sodium benzoate"", ""calcium gluconate"", ""vitis vinifera ""]"
p00606,La Roche-Posay Toleriane Ultra Eyes (20ml),La Roche-Posay,16.0,Eye Care,"[""water"", ""glycerin"", ""squalane"", ""propanediol"", ""butylene glycol"", ""butyrospermum parkii butter"", ""pentylene glycol"", ""niacinamide"", ""dimethicone"", ""pothmethylsilsequioxane"", ""polysorbate 20"", ""glyceryl acrylate/acrylic acid copolymer"", ""dimethiconol"", ""aluminium starch octenylsuccinate"", ""ammonium polyacryldimethyltauramide/ammonium polyacryldimiethyl taurate"", ""disodium edta"", ""citric acid"", ""acetyl dipeptide-1 cetyl ester""]"
p00607,Bobbi Brown Hydrating Eye Cream 15ml,Bobbi Brown,33.5,Eye Care,"[""water\\aqua\\eau"", ""ethylhexyl palmitate"", ""squalane"", ""butylene glycol"", ""cetyl alcohol"", ""glyceryl stearate"", ""hydrogenated vegetable oil"", ""simmondsia chinensis  seed oil"", ""persea gratissima  oil"", ""hamamelis virginiana  extract"", ""aloe barbadensis leaf juice"", ""cholesterol"", ""peg-100 stearate"", ""glycerin"", ""sodium pca"", ""trehalose"", ""ascorbyl palmitate"", ""ethylhexylglycerin"", ""hydroxyproline"", ""proline"", ""acrylates copolymer"", ""phytantriol"", ""glycine"", ""linoleic acid"", ""phytosphingosine"", ""sodium hydroxide"", ""tocopheryl acetate"", ""sodium hyaluronate"", ""tocopherol"", ""carbomer"", ""disodium edta"", ""phenoxyethanol""]"
p00608,First Aid Beauty Skin Lab Retinol Eye Cream with Triple Hyaluronic Acid 15ml,First Aid Beauty,34.0,Eye Care,"[""water"", ""caprylic/capric triglyceride"", ""polymethyl methacrylate"", ""glycerin"", ""squalane"", ""glyceryl stearate"", ""butylene glycol"", ""vinyl dimethicone/methicone silsesquioxane crosspolymer"", ""polysorbate 20"", ""glyceryl stearate citrate"", ""butyrospermum parkii  butter"", ""magnesium ascorbyl phosphate"", ""retinol"", ""caffeine"", ""ceramide ng"", ""palmitoyl tripeptide-1"", ""tocopherol"", ""allantoin"", ""sodium hyaluronate"", ""atelocollagen"", ""avena sativa  kernel extract"", ""sodium chondroitin sulfate"", ""hydroxypropyl cyclodextrin"", ""aloe barbadensis leaf juice powder"", ""linoleic acid"", ""phytosteryl canola glycerides"", ""palmitic acid"", ""oleic acid"", ""stearic acid"", ""triolein"", ""cholesterol"", ""sodium acrylates copolymer"", ""hydrogenated lecithin"", ""lecithin"", ""sodium polyacrylate"", ""polysilicone-11"", ""xanthan gum"", ""caprylyl glycol"", ""mica"", ""ethylhexylglycerin"", ""polyglyceryl-3 stearate"", ""hydrogenated poly"", ""stearyl alcohol"", ""cetyl alcohol"", ""polyethylene"", ""ethylene/propylene/styrene copolymer"", ""butylene/ethylene/styrene copolymer"", ""pentaerythrityl tetra-di-t-butyl hydroxyhydrocinnamate"", ""steareth-30"", ""dipropylene glycol"", ""phenoxyethanol"", ""chlorphenesin"", ""tin oxide"", ""citric acid"", ""ci 77891 ""]"
p00609,Medik8 Retinol Eye TR Serum 7ml,Medik8,19.0,Eye Care,"[""carthamus tinctorius  seed oil"", ""cyclopentasiloxane"", ""cyclohexasiloxane"", ""ppg-12/smdi copolymer"", ""tocopheryl acetate"", ""caprylic/capric triglyceride"", ""retinol"", ""lecithin"", ""bht""]"
p00610,Clinique All About Eyes Eye Cream 15ml,Clinique,27.5,Eye Care,"[""cyclopentasiloxane"", ""water\\aqua\\eau"", ""isostearyl palmitate"", ""polyethylene"", ""butylene glycol"", ""polysilicone-11"", ""ethylene/acrylic acid copolymer"", ""morus bombycis  root extract"", ""caffeine"", ""phytosphingosine"", ""triticum vulgare  bran extract"", ""scutellaria baicalensis root extract"", ""whey protein\\lactis protein\\prot\u00e9ine du petit-lait"", ""olea europaea  fruit extract"", ""camellia sinensis  leaf extract"", ""cholesterol"", ""linoleic acid"", ""tocopheryl acetate"", ""magnesium ascorbyl phosphate"", ""pyridoxine dipalmitate"", ""sucrose"", ""glycerin"", ""dimethicone"", ""glyceryl laurate"", ""peg/ppg-18/18 dimethicone"", ""petrolatum"", ""cetyl peg/ppg-10/1 dimethicone"", ""propylene carbonate"", ""sodium chloride"", ""quaternium-90 bentonite"", ""disodium edta"", ""phenoxyethanol"", ""iron oxides""]"
p00611,Clinique Moisture Surge Eye 96-Hour Hydro-Filler Concentrate 15ml,Clinique,27.5,Eye Care,"[""water\\aqua\\eau"", ""glycerin"", ""butylene glycol"", ""propanediol"", ""phenyl trimethicone"", ""sucrose"", ""hydroxyethyl urea"", ""camellia sinensis  leaf extract"", ""hypnea musciformis  extract"", ""trehalose"", ""algae extract"", ""alteromonas ferment extract"", ""acetyl glucosamine"", ""gelidiella acerosa extract"", ""chlorella vulgaris extract"", ""aloe barbadensis leaf water"", ""sorbitol"", ""cholesterol"", ""niacinamide"", ""pentaerythrityl tetraethylhexanoate"", ""sodium polyaspartate"", ""aloe barbadensis leaf extract"", ""cocos nucifera  oil"", ""hydrolyzed rice extract"", ""caffeine"", ""acetyl hexapeptide-8"", ""tocopheryl acetate"", ""cucumis sativus  fruit extract"", ""palmitoyl hexapeptide-12"", ""glyceryl acrylate/acrylic acid copolymer"", ""glyceryl polymethacrylate"", ""acrylates/c10-30 alkyl acrylate crosspolymer"", ""peg-7m"", ""dextrin palmitate"", ""dehydroxanthan gum"", ""sodium hyaluronate"", ""pentaerythrityl adipate/caprate/caprylate/heptanoate"", ""tetrahexyldecyl ascorbate"", ""carbomer"", ""peg-8"", ""sodium hydroxide"", ""citric acid"", ""triethoxycaprylylsilane"", ""disodium edta"", ""sodium citrate"", ""pentaerythrityl tetra-di-t-butyl hydroxyhydrocinnamate"", ""bht"", ""phenoxyethanol"", ""chlorphenesin"", ""blue 1 lake"", ""yellow 5 lake"", ""iron oxides ""]"
p00612,VICHY Minéral 89 Eyes Hyaluronic Acid +Caffeine 15ml,VICHY,20.0,Eye Care,"[""water"", ""propanediol"", ""butyrospermum parkii butter/shea butter"", ""glycerin"", ""carbomer"", ""caffeine"", ""sodium hyaluronate"", ""adenosine"", ""phenoxyethanol"", ""chlorella vulgaris extract"", ""citric acid"", ""caprylyl glycol"", ""biosaccharide gum-1""]"
p00613,La Roche-Posay Redermic [R] Retinol Eye Cream 15ml,La Roche-Posay,27.0,Eye Care,"[""aqua / water"", ""isocetyl stearate"", ""glycerin"", ""octyldodecanol"", ""propylene glycol"", ""pentylene glycol"", ""dimethicone"", ""acrylamide/sodium acryloyldimethyltaurate copolymer"", ""cetearyl alcohol"", ""dimethicone/vinyl dimethicone crosspolymer"", ""caffein"", ""isohexadecane"", ""sodium hyaluronate"", ""sodium hydroxide"", ""retinol"", ""retinyl linoleate"", ""adenosine"", ""ammonium polyacryldimethyltauramide / ammonium polyacryloyldimethyl taurate"", ""caprylyl glycol"", ""citric acid"", ""polysilicone-8"", ""polysorbate 80"", ""phenoxyethanol""]"
p00614,Liz Earle Eyebright Soothing Eye Lotion 150ml Bottle,Liz Earle,16.0,Eye Care,"[""water"", ""hamamelis virginiana  water"", ""peg-60 almond glycerides"", ""glycerin"", ""decyl glucoside"", ""centaurea cyanus  flower extract"", ""euphrasia officinalis extract"", ""aloe barbadensis  leaf juice"", ""phenoxyethanol"", ""panthenol"", ""benzoic acid"", ""dehydroacetic acid"", ""ethylhexylglycerin"", ""sodium hydroxide"", ""citric acid"", ""sodium benzoate"", ""potassium sorbate""]"
p00615,PIXI Retinol Eye Cream 25ml,PIXI,22.0,Eye Care,"[""aqua/ water/ eau"", ""persea gratissima"", ""glycerin"", ""cetearyl alcohol"", ""potassium cetyl phosphate"", ""butyrospermum parkii  butter"", ""simmondsia chinensis  seed oil"", ""squalane"", ""hydroxyethyl acrylate/sodium acryloyldimethyl taurate copolymer"", ""panthenol"", ""retinol"", ""sambucus nigra flower extract"", ""vaccinium angustifolium  fruit extract"", ""helianthus annuus  seed oil"", ""glycyrrhiza glabra  root extract"", ""hydrolyzed collagen"", ""tocopherol"", ""adenosine"", ""sodium hyaluronate"", ""c12-15 alkyl benzoate"", ""sorbitan laurate"", ""c18-36 acid glycol ester"", ""c18-36 acid triglyceride"", ""palmitoyl tripeptide-1"", ""palmitoyl tetrapeptide-7"", ""caffeine"", ""xanthan gum"", ""disodium edta"", ""polysorbate 60"", ""phenoxyethanol"", ""ethylhexyglycerin"", ""laureth-23"", ""bht"", ""bha""]"
p00616,Elemis Pro-Collagen Advanced Eye Treatment (15ml),Elemis,46.0,Eye Care,"[""aqua/water/eau"", ""propylene glycol"", ""glycerin"", ""phenoxyethanol"", ""oryza sativa  hull powder"", ""ammonium acryloyldimethyltaurate/vp copolymer"", ""sclerotium gum"", ""disodium edta"", ""sodium pca"", ""sodium lactate"", ""simmondsia chinensis  seed oil"", ""arginine"", ""tromethamine"", ""aspartic acid"", ""hydrolyzed wheat protein"", ""pca"", ""aesculus hippocastanum  seed extract"", ""centaurea cyanus flower extract"", ""linum usitatissimum  seed extract"", ""plantago ovata seed extract"", ""sodium hyaluronate"", ""glycine"", ""alanine"", ""caramel"", ""iodopropynyl butylcarbamate"", ""serine"", ""linalool"", ""valine"", ""aniba rosaeodora  wood oil"", ""anthemis nobilis flower oil"", ""isoleucine"", ""lavandula angustifolia  oil"", ""lavandula hybrida oil"", ""osmanthus fragrans flower extract"", ""proline"", ""threonine"", ""histidine"", ""phenylalanine"", ""padina pavonica thallus extract""]"
p00617,L’Oréal Paris Revitalift Filler Renew Eye Cream (15ml),L’Oréal,19.99,Eye Care,"[""water"", ""glycerin"", ""dimethicone"", ""isohexadecane"", ""hydroxyethylpiperazine ethane sulfonic acid"", ""alcohol denat"", ""dipropylene glycol"", ""synthetic wax"", ""peg-10 dimethicone"", ""secale cereale extract / rye seed extract"", ""dimethicone/peg-10/15 crosspolymer"", ""dimethicone/polyglycerin-3 crosspolymer"", ""caffeine"", ""sodium acrylates copolymer"", ""sodium hyaluronate"", ""adenosine"", ""nylon-12"", ""dipotassium glycyrrhizate"", ""disodium edta"", ""caprylic/capric triglyceride"", ""caprylyl glycol"", ""pentylene glycol"", ""disteardimonium hectorite"", ""methylparaben"", ""phenoxyethanol""]"
p00618,Bulldog Age Defence Eye Roll-On 15ml,Bulldog,7.5,Eye Care,"[""water"", ""glycerin"", ""ethylhexyl stearate"", ""cetearyl alcohol"", ""pentaerythrityl distearate"", ""phenoxyethanol"", ""sodium polyacrylate"", ""tocopherol"", ""sodium stearoyl glutamate"", ""sorbitol"", ""helianthus annuus  seed oil"", ""xanthan gum"", ""benzoic acid"", ""echinacea purpurea flower/leaf/stem extract"", ""dehydroacetic acid"", ""asparagopsis armata extract"", ""ascophyllum nodosum extract"", ""rosmarinus officinalis  leaf extract"", ""citric acid"", ""potassium sorbate"", ""sodium benzoate"", ""sodium hydroxide""]"
p00619,La Roche-Posay Hydraphase Intense Eyes 15ml,La Roche-Posay,16.0,Eye Care,"[""aqua / water"", ""glycerin"", ""carbomer"", ""glycinesoja protein / soybean protein"", ""caffeine"", ""isohexadecane"", ""sodium cocoyl glutamate"", ""sodium hyaluronate"", ""sodium hydroxide"", ""disodium edta"", ""hydrolyzed hyaluronic acid"", ""caprylyl glycol"", ""polysorbate 80"", ""acrylamide / sodium acryloyldimethyltaurate copolymer"", ""potassium sorbate"", ""sodium benzoate""]"
p00620,Balance Me Wonder Eye Cream 15ml,Balance Me,16.0,Eye Care,"[""water"", ""glycerin"", ""hamamelis virginiana  water"", ""cetearyl alcohol"", ""glyceryl stearate"", ""cocos nucifera  oil"", ""cetearyl glucoside"", ""cucumis sativus  seed oil"", ""hydroxystearic/linolenic/oleic polyglycerides"", ""oleic/linoleic/linolenic polyglycerides"", ""simmondsia chinensis  seed oil"", ""rosa canina  fruit oil"", ""hydrolyzed hyaluronic acid"", ""picea abies  extract"", ""rubus chamaemorus  seed extract"", ""aloe barbadensis  leaf extract"", ""anthemis nobilis  flower oil"", ""lavandula angustifolia  flower oil"", ""pelargonium graveolens  flower oil"", ""daucus carota  seed oil"", ""styrax tonkinensis  resin extract"", ""cymbopogon martini  oil"", ""citrus limon  peel oil"", ""rosmarinus officinalis  extract"", ""vitis vinifera  seed oil"", ""tocopherol"", ""helianthus annuus  seed oil"", ""xanthan gum"", ""sodium stearoyl lactylate"", ""coco-caprylate"", ""dehydroacetic acid"", ""benzyl alcohol"", ""sodium citrate"", ""limonene"", ""linalool"", ""geraniol"", ""citral"", ""benzyl benzoate"", ""citronellol""]"
p00621,Medik8 C-Tetra Eye Serum 7ml,Medik8,19.0,Eye Care,"[""simmondsia chinensis  seed oil"", ""cyclopentasiloxane"", ""cyclohexasiloxane"", ""tetrahexyldecyl ascorbate"", ""tocopheryl acetate"", ""citrus grandis  peel oil"", ""limonene""]"
p00622,Fade Out Advanced Even Skin Tone Eye Defence Cream 15ml,Fade Out,9.99,Eye Care,"[""water"", ""ethylhexyl methoxycinnamate"", ""homosalate"", ""glycerin"", ""dimethicone"", ""propylene glycol"", ""titanium dioxide"", ""niacinamide"", ""phenoxyethanol"", ""hydroxyethyl acrylate/sodium acryloyldimethyl taurate copolymer"", ""sucrose palmitate"", ""hexylresorcinol"", ""acrylates/c10-30 alkyl acrylate crosspolymer"", ""squalane"", ""triethanolamine"", ""glyceryl linoleate"", ""tocopheryl acetate"", ""sodium sulfite"", ""alumina"", ""disodium edta"", ""ethylhexylglycerin"", ""steareth-20"", ""polysorbate 60"", ""simethicone"", ""potassium sorbate"", ""sodium hyaluronate"", ""glyceryl oleate"", ""chlorhexidine digluconate"", ""sorbitan isostearate"", ""ascorbyl palmitate"", ""tocopherol"", ""n-hydroxysuccinimide"", ""chrysin"", ""palmitoyl oligopeptide"", ""palmitoyl tetrapeptide-7"", ""citric acid""]"
p00623,Estée Lauder Advanced Night Repair Matrix Synchronized Recovery Eye Concentrate 15ml,Estée Lauder,44.1,Eye Care,"[""water\\aqua\\eau"", ""dimethicone"", ""isohexadecane"", ""glycerin"", ""butylene glycol"", ""bis-peg-18 methyl ether dimethyl silane"", ""peg-10 dimethicone"", ""disteardimonium hectorite"", ""isopropyl isostearate"", ""ppg-15 stearyl ether"", ""sucrose"", ""trehalose"", ""pentylene glycol"", ""hydroxyethyl urea"", ""cucumis sativus  fruit extract"", ""garcinia mangostana peel extract"", ""anthemis nobilis  flower extract"", ""hordeum vulgare  extract\\extrait d'orge"", ""silybum marianum  extract"", ""glycine soja  seed extract"", ""lactobacillus ferment"", ""algae extract"", ""sorbitol"", ""betula alba  extract"", ""scutellaria baicalensis root extract"", ""morus bombycis  root extract"", ""poria cocos sclerotium extract"", ""camelina sativa seed oil"", ""bifida ferment lysate"", ""propylene glycol dicaprate"", ""caffeine"", ""sodium hyaluronate"", ""sodium polyaspartate"", ""hydrogenated lecithin"", ""aminopropyl ascorbyl phosphate"", ""phytosphingosine"", ""yeast extract\\faex\\extrait de levure"", ""ethylhexylglycerin"", ""sodium rna"", ""hydrolyzed algin"", ""tripeptide-32"", ""polysilicone-11"", ""isododecane"", ""tocopheryl acetate"", ""helianthus annuus  seedcake"", ""polyethylene"", ""propylene carbonate"", ""polyacrylate crosspolymer-6"", ""sodium dehydroacetate"", ""potassium sorbate"", ""lecithin"", ""disodium edta"", ""bht"", ""phenoxyethanol"", ""iron oxides ""]"
p00624,L'Oréal Paris Dermo Expertise Revitalift Anti-Wrinkle + Firming Eye Cream (15ml),L'Oréal Paris,11.49,Eye Care,"[""aqua / water"", ""dimethicone"", ""glycerin"", ""ci12-15 alkyl benzoate"", ""shorea robusta butter / shorea robusta seed butter"", ""stearic acid"", ""palmitic acid"", ""peg-100 stearate"", ""glyceryl stearate"", ""acetyl trifluoromethylphenyl valylglycine"", ""acrylamide/sodium acryloyldimethyltaurate copolymer"", ""acrylates copolymer"", ""caffeine"", ""cetyl alcohol"", ""chlorhexidine digluconate"", ""ethylparaben"", ""faex extract / yeast extract"", ""glycine soja protein / soybean protein"", ""hydrolyzed soy protein"", ""isohexadecane"", ""methylparaben"", ""paraffin"", ""peg-20 stearate"", ""phenyl ethyl alcohol"", ""polysorbate 80"", ""potassium sorbate"", ""retinyl palmitate"", ""sodium benzoate"", ""stearyl alcohol"", ""triethanolamine"", ""phenoxyethanol""]"
p00625,DHC Revitalizing Moisture Strip: Eyes - 6 Applications,DHC,9.0,Eye Care,"[""water/aqua/eau"", ""glycerin"", ""sodium polyacrylate"", ""pentylene glycol"", ""sodium polyacrylate starch"", ""dipropylene glycol"", ""tartaric acid"", ""aloe barbadensis leaf juice"", ""butylene glycol"", ""phenoxyethanol"", ""alcloxa"", ""sorbitan isostearate"", ""pca ethyl cocoyl arginate"", ""alpha-arbutin"", ""ppg-8-ceteth-20"", ""olea europaea  leaf extract"", ""morus alba root extract"", ""acetyl tyrosine"", ""pueraria lobata root extract"", ""paeonia suffruticosa root extract"", ""glycine soja  seed extract"", ""aloe barbadensis leaf extract"", ""chlorella vulgaris extract""]"
p00626,Lancôme Advanced Génifique Eye Care 15ml,Lancôme,39.15,Eye Care,"[""water"", ""cyclohexasiloxane"", ""bifida ferment lysate"", ""glycerin"", ""propanediol"", ""alcohol denat"", ""polysilicone-11"", ""dimethicone"", ""polymethylsilsesquioxane"", ""di-c12-13 alkyl malate"", ""ci 77891/titanium dioxide"", ""ascorbyl"", ""glucoside"", ""mica"", ""hydrogenated vegetable oil"", ""sodium hyaluronate"", ""sodium benzoate"", ""phenoxyethanol"", ""adenosine"", ""faex extract/yeast extract"", ""ptfe"", ""peg-10 dimethicone"", ""triethanolamine"", ""chlorphenesin"", ""chlorhexidine digluconate"", ""polygonum fagopyrum extract/polygonum fagopyrum seed extract"", ""silica"", ""salicyloyl phytosphingosine"", ""chlorella"", ""vulgaris extract"", ""ammonium polyacryldimethyltauramide/ammonium polyacryloyldimethyl taurate"", ""dimethiconol"", ""limonene"", ""synthetic fluorphlogopite"", ""caprylic/capric triglyceride"", ""carbomer"", ""boron nitride"", ""acrylates/c10-30 alkyl"", ""acrylate crosspolymer"", ""bis-peg/ppg-16/16 peg/ppg-16/16 dimethicone"", ""disodium edta"", ""ceteareth-20"", ""potassium cetyl"", ""phosphate"", ""citronellol"", ""parfum/fragrance""]"
p00627,La Roche-Posay Hyalu B5 Eyes 15ml,La Roche-Posay,25.5,Eye Care,"[""aqua / water"", ""glycerin"", ""butyrospermum parkii butter / shea butter"", ""dimethicone"", ""prunus armeniaca kernel oil / apricot kernel oil"", ""pentaerythrityl tetraethylhexanoate"", ""panthenol"", ""silica"", ""isohexadecane"", ""zea mays starch / corn starch"", ""propylene glycol"", ""hydroxypropyl tetrahydropyrantriol"", ""cera alba / beeswax"", ""stearic acid"", ""palmitic acid"", ""peg-100 stearate"", ""glyceryl stearate"", ""peg-20 stearate"", ""stearyl alcohol"", ""tin oxide"", ""bis-peg-18 methyl ether dimethyl silane"", ""sorbitan oleate"", ""dimethiconol"", ""sodium hyaluronate"", ""arginine pca"", ""serine"", ""myristic acid"", ""alumina"", ""disodium edta"", ""isopropyl titanium triisostearate"", ""hydrolyzed hyaluronic acid"", ""hydrolyzed linseed extract"", ""citric acid"", ""acetyl dipeptide-1 cetyl ester"", ""toluene sulfonic acid"", ""polysorbate 80"", ""acrylamide/sodium acryloyldimethyltaurate copolymer"", ""bht"", ""pentaerythrityl tetra-di-t-butyl hydroxyhydrocinnamate"", ""sodium benzoate"", ""phenoxyethanol"", ""benzoic acid"", ""ci 77491"", ""ci 77492"", ""ci 77499 / iron oxides"", ""ci 77891 / titanium dioxide"", ""mica""]"
p00628,Estée Lauder Daywear Eye Cooling Anti-Oxidant Moisture Gel Créme,Estée Lauder,26.55,Eye Care,"[""water\\aqua\\eau"", ""dimethicone"", ""butylene glycol"", ""trisiloxane"", ""glycerin"", ""ammonium acryloyldimethyltaurate/vp copolymer"", ""trehalose"", ""sucrose"", ""algae extract"", ""cucumis sativus  fruit extract"", ""ascophyllum nodosum extract"", ""asparagopsis armata extract"", ""ergothioneine"", ""thermus thermophillus ferment"", ""dipotassium glycyrrhizate"", ""sodium\u00a0hyaluronate"", ""caffeine"", ""artemia extract"", ""acetyl glucosamine"", ""palmaria palmata extract"", ""hydrolyzed rice extract"", ""lauryl\u00a0pca"", ""oleth-10"", ""lauryl peg-9 polydimethylsiloxyethyl dimethicone"", ""sorbitol"", ""sodium pca"", ""urea"", ""tetrahexyldecyl\u00a0ascorbate"", ""tocopheryl acetate"", ""carbomer"", ""citric acid"", ""polyquaternium-51"", ""ethylbisiminomethylguaiacol manganese\u00a0chloride"", ""potassium sorbate"", ""cyclodextrin"", ""tromethamine"", ""disodium edta"", ""bht"", ""phenoxyethanol"", ""yellow 5"", ""blue 1 ""]"
p00629,Elemis Pro-Collagen Eye Renewal 15ml,Elemis,69.0,Eye Care,"[""aqua/water/eau"", ""dicaprylyl carbonate"", ""peg-8"", ""glycerin"", ""methylsilanol mannuronate"", ""sodium polyacrylate"", ""hexyldecanol"", ""hexyldecyl laurate"", ""sorbitol"", ""padina pavonica thallus extract"", ""propylene glycol"", ""diazolidinyl urea"", ""sodium benzoate"", ""disodium edta"", ""potassium sorbate"", ""caprylic/capric triglyceride"", ""chlorella vulgaris extract"", ""butylene glycol"", ""algae extract"", ""phenoxyethanol"", ""hydrogenated vegetable oil"", ""equisetum arvense extract"", ""persea gratissima  leaf extract"", ""tocopherol"", ""polygonum fagopyrum  seed extract"", ""sorbic acid""]"
p00630,Medik8 Advanced Night Eye 15ml,Medik8,36.0,Eye Care,"[""water"", ""caprylic/capric triglyceride"", ""dimethicone"", ""stearic acid"", ""glycerin"", ""cetearyl alcohol"", ""nylon-12"", ""cetearyl olivate"", ""propylene glycol"", ""c12-16 alcohols"", ""sorbitan olivate"", ""squalane"", ""sodium acrylate/sodium acryloyldimethyl taurate copolymer"", ""sodium hyaluronate"", ""palmitic acid"", ""caffeine"", ""amelanchier alnifolia  fruit extract"", ""hydrogenated lecithin"", ""tremella fuciformis  extract"", ""niacinamide"", ""candelilla/jojoba/rice bran polyglyceryl-3 esters"", ""glyceryl stearate"", ""ferric hexapeptide-35"", ""hylocereus undatus  fruit extract"", ""arginine"", ""sodium stearoyl lactylate"", ""butylene glycol"", ""cera microcristallina"", ""ascorbic acid"", ""ethylhexylglycerin"", ""tocopherol"", ""pogostemon cablin  leaf oil"", ""glucosyl hesperidin"", ""sorbitol"", ""phenoxyethanol"", ""carbomer"", ""palmitoyl tetrapeptide-7"", ""palmitoyl tripeptide-1"", ""polysorbate 20""]"
p00631,GLAMGLOW Bright Eyes Cream 15ml,GLAMGLOW,29.0,Eye Care,"[""water\\aqua\\eau"", ""butyrospermum parkii  butter"", ""butylene glycol"", ""dimethicone"", ""glycerin"", ""cetearyl alcohol"", ""cetyl esters"", ""isostearyl neopentanoate"", ""cetyl alcohol"", ""polybutene"", ""sodium hyaluronate"", ""caffeine"", ""tocopheryl acetate"", ""narcissus tazetta bulb extract"", ""aminopropyl ascorbyl phosphate"", ""linoleic acid"", ""acetyl hexapeptide-8"", ""artemia extract"", ""hibiscus sabdariffa flower extract"", ""trifluoroacetyl tripeptide-2"", ""anthemis nobilis  flower extract"", ""laminaria digitata extract"", ""cucumis melo  fruit extract"", ""cetearyl glucoside"", ""cholesterol"", ""persea gratissima  oil"", ""pyrus malus  fruit extract"", ""lens esculenta  fruit extract"", ""citrullus lanatus  fruit extract"", ""algae extract"", ""lauryl pca"", ""whey protein\\lactis protein\\proteine du petit-lait"", ""yeast extract\\faex\\extrait de levure"", ""sodium lactate"", ""sorbitol"", ""trehalose"", ""zinc pca"", ""glucose"", ""acetyl glucosamine"", ""neopentyl glycol diheptanoate"", ""carbomer"", ""sodium hydroxide"", ""propylene glycol dicaprylate"", ""polymethyl methacrylate"", ""sodium pca"", ""dextran"", ""acrylates/c10-30 alkyl acrylate crosspolymer"", ""polyethylene"", ""decarboxy carnosine hcl"", ""potassium sulfate"", ""caprylylglycol"", ""1"", ""2-hexanediol"", ""tetradecyl aminobutyroylvalylaminobutyric urea trifluoroacetate"", ""methyl glucose sesquistearate"", ""bht"", ""disodium edta"", ""phenoxyethanol"", ""potassium sorbate"", ""sodium benzoate"", ""mica"", ""titanium dioxide"", ""iron oxides ""]"
p00632,PIXI 24K Eye Elixir 10ml,PIXI,22.0,Eye Care,"[""water"", ""dipropylene glycol"", ""glycerin"", ""phenoxyethanol"", ""allantoin"", ""ethylhexylglycerin"", ""arginine"", ""acrylates/c10-30 alkyl acrylate crosspolymer"", ""peg-60 hydrogenated castor oil"", ""disodium edta"", ""adenosine"", ""trideceth-10"", ""cucumis sativus  fruit extract"", ""rubus idaeus  fruit extract"", ""butylene glycol"", ""iron oxides"", ""steareth-20"", ""1"", ""2-hexanediol"", ""hydrolyzed collagen"", ""n-hydroxysuccinimide"", ""chlorhexidine digluconate"", ""potassium sorbate"", ""gold"", ""acetyl hexapeptide-8"", ""chrysin"", ""palmitoyl oligopeptide"", ""palmitoyl tetrapeptide-7""]"
p00633,Caudalie VineActiv Energizing and Smoothing Eye Cream 15ml,Caudalie,27.5,Eye Care,"[""aqua/water/eau"", ""glycerin"", ""butylene glycol"", ""isononyl isononanoate"", ""caprylic/capric triglyceride"", ""cetearyl alcohol"", ""hydrogenated vegetable oil"", ""peg-20 stearate"", ""cetyl alcohol"", ""tocopheryl acetate"", ""palmitoyl grape seed extract"", ""carbomer"", ""ethylhexylglycerin"", ""arginine"", ""cyathea cumingii leaf extract"", ""escin"", ""ammonium glycyrrhizate"", ""caprylyl glycol"", ""hamamelis virginiana  leaf extract"", ""calendula officinalis flower extract"", ""xanthan gum"", ""picea abies extract"", ""tocopherol"", ""helianthus annuus  seed oil"", ""ascorbyl tetraisopalmitate"", ""sodium phytate"", ""polysorbate 20"", ""glyceryl caprylate"", ""cinnamic acid"", ""levulinic acid"", ""sodium levulinate"", ""palmitoyl tripeptide-1"", ""palmitoyl tetrapeptide-7"", ""citric acid ""]"
p00634,Murad Resurgence Renewing Eye Cream (15ml),Murad,65.0,Eye Care,"[""water"", ""butylene glycol"", ""tricaprylyl citrate"", ""bis-diglyceryl polyacyladipate-2"", ""jojoba esters"", ""pentylene glycol"", ""boron nitride"", ""caprylic/capric/myristic/stearic triglyceride"", ""cetyl alcohol"", ""stearic acid"", ""glyceryl stearate"", ""peg-100 stearate"", ""glycerin"", ""glycine soja  protein"", ""palmitoyl pentapeptide-4"", ""iris florentina root extract"", ""dioscorea villosa  root extract"", ""glycine soja  sterols"", ""trifolium pratense  flower extract"", ""citrus unshiu peel extract"", ""palmitoyl tetrapeptide-7"", ""retinol"", ""polyquaternium-51"", ""serenoa serrulata fruit extract"", ""oenothera biennis  oil"", ""borago officinalis seed oil"", ""dipeptide-2"", ""hesperidin methyl chalcone"", ""caprylic/capric triglyceride"", ""mangifera indica  seed butter"", ""dimethicone"", ""sodium pca"", ""panthenol"", ""cetyl phosphate"", ""oleyl alcohol"", ""steareth-20"", ""lecithin"", ""carbomer"", ""polysorbate 20"", ""aminomethyl propanol"", ""disodium edta"", ""silica"", ""phenoxyethanol"", ""propylparaben"", ""methylparaben"", ""titanium dioxide"", ""iron oxides""]"
p00635,La Roche-Posay Pigmentclar Eyes 15ml,La Roche-Posay,25.5,Eye Care,"[""aqua / water"", ""glycerin"", ""butylene glycol"", ""dimethicone"", ""niacinamide"", ""isopropyl palmitate"", ""cetearyl alcohol"", ""ammonium polyacryldimethyltauramide / ammonium polyacryloyldimethyltaurate"", ""butyrospermum parkii butter / shea butter"", ""peg - 100 stearate"", ""peg / ppg / polybutylene glycol-8/5/3 glycerin"", ""stearic acid"", ""glyceryl stearate"", ""dimethicone / vinyl dimethicone crosspolymer"", ""dimethiconol"", ""caffeine"", ""sodium hydroxide"", ""silica"", ""ginkgo bilboa extract / ginkgo leaf extract"", ""palmitic acid"", ""alumina"", ""phenylethyl resorcinol"", ""ascorbyl glucoside"", ""poloxamer 338"", ""disodium edta"", ""isopropyl titanium triisostearate"", ""hydrolyzed rice protein"", ""caprylyl glycol"", ""xanthan gum"", ""ferulic acid"", ""phenoxyethanol"", ""ci77491"", ""ci77492"", ""ci77499 / iron oxides"", ""ci 77891 / titanium dioxide"", ""mica""]"
p00636,Avene Gentle Eye Make-Up Remover 125ml,Avene,10.0,Eye Care,"[""avene thermal spring water"", ""triethanolamine"", ""sodium chloride"", ""poloxamer 188"", ""acrylates/c10-30 alkyl acrylate crosspolymer"", ""phenethyl alcohol"", ""sorbitol"", ""water ""]"
p00637,REN Clean Skincare Keep Young and Beautiful Firm and Lift Eye Cream,REN,33.0,Eye Care,"[""rosa damascena flower water"", ""cetearyl alcohol"", ""cetearyl ethylhexanoate"", ""triheptanoin"", ""camellia oleifera seed oil"", ""caprylic/ capric triglyceride"", ""squalane"", ""glycerin"", ""cetearyl glucoside"", ""rosa canina  fruit oil"", ""butyrospermum parkii"", ""myristyl myristate"", ""dipalmitoyl hydroxyproline"", ""lauryl laurate"", ""oryzanol"", ""palmitoyl hydrolyzed wheat protein"", ""phenoxyethanol"", ""vaccinium vitis-idaea  seed oil"", ""hexapeptide-11"", ""safflower glyceride/ palm oil aminopropanediol esters"", ""bisabolol"", ""sodium hydroxymethylglycinate"", ""tocopherol"", ""xanthan gum"", ""panthenol"", ""faex  extract""]"
p00638,L'Oréal Paris Gentle Eye Make-Up Remover 125ml,L'Oréal Paris,3.49,Eye Care,"[""water"", ""hexylane"", ""glycol"", ""disodium cocoamphodiacetate"", ""panthenol"", ""sodium laureth-8 sulfate"", ""sodium"", ""laureth sulfate"", ""triethanolamine"", ""allantoin"", ""magnesium laureth-8 sulfate"", ""magnesium laureth sulfate"", ""magnesium oleth sulfate"", ""sodium oleth sulfate"", ""methylparaben"", ""sodium benzoate"", ""chlorhexidine dihydrochloride"", ""disodium edta"", ""quaternium-15"", ""parfum / fragrance"", ""geraniol"", ""citronellol""]"
p00639,DECLÉOR Jasmine Eye Cream 15ml,DECLÉOR,25.9,Eye Care,"[""dimethicone"", ""glycerin"", ""isononyl isononanoate"", ""alcohol denat"", ""niacinamide"", ""cetyl alcohol"", ""peg-100 stearate"", ""glyceryl stearate"", ""ascorbyl glucoside"", ""amaranthus caudatus seed extract"", ""butyrospermum parkii butter / shea butter"", ""triethanolamine"", ""dimethicone/vinyl dimethicone crosspolymer"", ""ci 77163 / bismuth oxychloride"", ""ci 77891 / titanium dioxide"", ""stearic acid"", ""silica"", ""palmitic acid"", ""phenoxyethanol"", ""carbomer"", ""caffeine"", ""sodium citrate"", ""ammonium polyacryloyldimethyl taurate"", ""ethylhexyl hydroxystearate"", ""mica"", ""tocopheryl acetate"", ""disodium edta"", ""xanthan gum"", ""ci 77491"", ""ci 77492"", ""ci 77499 / iron oxides"", ""citric acid"", ""glycyrrhiza glabra extract / licorice root extract"", ""capryloyl salicylic acid"", ""butylene glycol"", ""dextrin"", ""myristic acid"", ""jasminum officinale flower extract / jasmine flower extract"", ""hydroxypalmitoyl sphinganine"", ""oxothiazolidinecarboxylic acid"", ""benzyl alcohol"", ""eperua falcata bark extract"", ""benzyl benzoate"", ""tin oxide"", ""linalool"", ""paeonia suffruticosa root extract"", ""eugenol""]"
p00640,Dermalogica Multivitamin Power Firm 15ml,Dermalogica,42.75,Eye Care,"[""cyclopentasiloxane"", ""bis-diglyceryl polyacyladipate-2"", ""dimethicone crosspolymer"", ""cetyl ethylhexanoate"", ""polyethylene"", ""tocopheryl acetate"", ""camellia sinensis  leaf extract"", ""chamomilla recutita  extract"", ""corallina officinalis extract"", ""carthamus tinctorius  seed oil"", ""vitis vinifera  seed oil"", ""flavor"", ""ascorbic acid"", ""glycyrrhetinic acid"", ""boron nitride"", ""and retinyl palmitate""]"
p00641,Clinique Repairwear Anti-Gravity Eye Cream 15ml,Clinique,39.5,Eye Care,"[""water\\aqua\\eau"", ""butyrospermum parkii"", ""cetearyl alcohol"", ""butylene glycol"", ""hydrogenated polyisobutene"", ""phenyl trimethicone"", ""polyglyceryl-3 beeswax"", ""polybutene"", ""sucrose"", ""polymethyl methacrylate"", ""cetyl esters"", ""isostearyl neopentanoate"", ""glycerin"", ""cetearyl glucoside"", ""whey protein\\lactis protein\\prot\u00e9ine du petit-lait"", ""sigesbeckia orientalis  extract"", ""camellia sinensis  leaf extract"", ""hordeum vulgare  extract\\extrait d'orge"", ""triticum vulgare  germ extract"", ""chlorella vulgaris extract"", ""yeast extract\\faex\\extrait de levure"", ""linoleic acid"", ""cholesterol"", ""caffeine"", ""palmitoyl oligopeptide"", ""squalane"", ""phytosphingosine"", ""sodium hyaluronate"", ""dimethicone"", ""caprylyl glycol"", ""peg-8"", ""methyl glucose sesquistearate"", ""polysilicone-11"", ""glyceryl polymethacrylate"", ""peg-100 stearate"", ""tocopheryl acetate"", ""stearic acid"", ""1"", ""2-hexanediol"", ""acrylates/c10-30 alkyl acrylate crosspolymer"", ""sodium dehydroacetate"", ""tetrahexyldecyl ascorbate"", ""aminomethyl propanol"", ""potassium sulfate"", ""phenoxyethanol"", ""disodium edta"", ""titanium dioxide"", ""mica""]"
p00642,First Aid Beauty Eye Duty Triple Remedy Overnight Balm (15ml),First Aid Beauty,28.0,Eye Care,"[""aqua/water/eau"", ""glycerin"", ""butyrospermum parkii  butter"", ""caprylic/capric triglyceride"", ""dimethicone"", ""c10-18 triglycerides"", ""ethylhexyl palmitate"", ""cetyl alcohol"", ""aluminum starch octenylsuccinate"", ""glyceryl stearate"", ""niacinamide"", ""chrysanthemum parthenium  extract"", ""spilanthes acmella flower extract"", ""acacia decurrens flower wax"", ""camellia sinensis leaf extract"", ""glycyrrhiza glabra  root extract"", ""jojoba esters"", ""palmitoyl hexapeptide-12"", ""palmitoyl tetrapeptide-7"", ""algae extract"", ""carbomer"", ""hyaluronic acid"", ""helianthus annuus  seed wax"", ""peg-75 stearate"", ""caprylyl glycol"", ""ceteth-20"", ""steareth-20"", ""acrylates/c10-30 alkyl acrylate crosspolymer"", ""xanthan gum"", ""butylene glycol"", ""leuconostoc/radish root ferment filtrate"", ""polyglycerin-3"", ""sodium lactate"", ""polysorbate 20"", ""palmitic acid"", ""sodium hydroxide"", ""tetrasodium edta"", ""edta"", ""citric acid"", ""phenoxyethanol""]"
p00643,Lumene Nordic Hydra [Lähde] Purity Dew Drops Hydrating Eye Gel 15ml,Lumene,14.9,Eye Care,"[""water"", ""glycerin"", ""butylene glycol"", ""betula alba  juice"", ""betaine"", ""phenoxyethanol"", ""acrylates/c10-30 alkyl\u00a0acrylate crosspolymer"", ""panthenol"", ""propanediol"", ""xylitylglucoside"", ""anhydroxylitol"", ""trehalose"", ""urea"", ""hydrolyzed rice\u00a0bran protein"", ""sodium hydroxide"", ""xylitol"", ""ethylhexylglycerin"", ""xanthan gum"", ""disodium edta"", ""caprylyl glycol"", ""pentylene\u00a0glycol"", ""serine"", ""sodium benzoate"", ""glycine soja  oil"", ""superoxide dismutase"", ""algin"", ""disodium phosphate"", ""glyceryl polyacrylate"", ""pullulan"", ""sodium hyaluronate"", ""citric acid"", ""glucose"", ""potassium sorbate"", ""sodium dextran\u00a0sulfate"", ""potassium phosphate"", ""chondrus crispus  extract""]"
p00644,L'Oréal Paris Absolute Eye and Lip Make-Up Remover 125ml,L'Oréal Paris,5.49,Eye Care,"[""aqua / water"", ""cyclopentasiloxane"", ""isohexadecane"", ""isopropyl palmitate"", ""sodium chloride"", ""dipotassium phosphate"", ""poloxamer 184"", ""potassium phosphate"", ""panthenol"", ""polyaminopropyl biguanide"", ""ci 61565 / green 6""]"
p00645,Elemis Peptide Eye Recovery Cream 15ml,Elemis,38.0,Eye Care,"[""aqua/water/eau"", ""glycerin"", ""coco-caprylate"", ""cocos nucifera  oil"", ""glyceryl oleate citrate"", ""buglossoides arvensis  seed oil"", ""bellis perennis  flower extract"", ""hieracium pilosella  extract"", ""mica"", ""simmondsia chinensis  seed oil"", ""panthenol"", ""acrylates/c10-30 alkyl acrylate crosspolymer"", ""hydroxyacetophenone"", ""phenoxyethanol"", ""xanthan gum"", ""tocopherol"", ""perilla ocymoides seed oil"", ""sodium hydroxide"", ""tocopheryl acetate"", ""disodium edta"", ""sodium citrate"", ""citric acid"", ""sodium benzoate"", ""matthiola longipetala  seed oil"", ""sodium dehydroacetate"", ""hydrolyzed yeast protein""]"
p00646,Goldfaden MD Bright Eyes Dark Circle Radiance Concentrate 15ml,Goldfaden MD,32.16,Eye Care,"[""water"", ""simmondsia chinensis  seed oil"", ""cetyl alcohol"", ""candelilla/jojoba/rice bran polyglyceryl-3 esters"", ""glyceryl stearate"", ""glycerin"", ""sodium hyaluronate"", ""squalane"", ""glycine soja  oil"", ""prunus armeniaca  kernel oil"", ""magnesium aluminum silicate"", ""cetearyl alcohol"", ""sodium stearoyl lactylate"", ""xanthan gum"", ""glycine soja  protein"", ""hydrolyzed rice protein"", ""superoxide dismutase"", ""chondrus crispus  extract"", ""mica"", ""phenoxyethanol"", ""ethylhexylglycerin"", ""arnica montana flower extract"", ""tocopherol"", ""glyceryl caprylate"", ""cellulose gum"", ""citrus paradisi  peel oil"", ""aspalathus linearis  leaf extract""]"
p00647,L'Oréal Men Expert Hydra Energetic Cooling Eye Roll-On (10ml),L'Oréal,10.99,Eye Care,"[""aqua / water"", ""butylene glycol"", ""glycerin"", ""mentha piperita extract / peppermint leaf extract"", ""c13-14 isoparaffin"", ""caffeine"", ""escin"", ""sodium hyaluronate"", ""sodi um hydroxide"", ""palmitoyl oligopeptide"", ""palmitoyl tetrapeptide-7"", ""aluminum hydroxide"", ""guanosine"", ""ascorbyl glucoside"", ""hydroxyproline"", ""caprylyl glycol"", ""laureth-7"", ""biosaccharide gum-1"", ""xanthan gum"", ""panthenol"", ""n-hydroxysuccinimide"", ""polyacrylamide"", ""chrysin"", ""phenoxyethanol"", ""mica"", ""potassium sorbate"", ""chlorhexidine digluconate""]"
p00648,Clinique Pep Start Eye Cream 15ml,Clinique,24.0,Eye Care,"[""water\\aqua\\eau"", ""glycerin"", ""butylene glycol"", ""butyrospermum parkii"", ""squalane"", ""cetyl esters"", ""dimethicone"", ""methyl gluceth-20"", ""polyethylene"", ""glycereth-26"", ""polybutene"", ""sucrose"", ""magnolia officinalis bark extract"", ""sigesbeckia orientalis  extract"", ""algae extract"", ""molasses extract\\saccharum officinarum\\extrait de m\u00e9lasse"", ""sapindus mukurossi fruit extract"", ""palmitoyl tetrapeptide-7"", ""whey protein\\lactis protein\\prot\u00e9ine du petit-lait"", ""palmitoyl hexapeptide-12"", ""trifluoroacetyl tripeptide-2"", ""caffeine"", ""phytosphingosine"", ""acetyl hexapeptide-8"", ""palmitoyl tripeptide-1"", ""yeast extract\\faex\\extrait de levure"", ""glycine soja  protein"", ""caesalpinia spinosa gum"", ""acrylates/c10-30 alkyl acrylate crosspolymer"", ""glyceryl polymethacrylate"", ""sucrose stearate"", ""caprylyl glycol"", ""peg-8"", ""sodium hyaluronate"", ""simethicone"", ""polysorbate 20"", ""carbomer"", ""sodium hydroxide"", ""dextran"", ""hexylene glycol"", ""sodium citrate"", ""phenoxyethanol"", ""mica"", ""titanium dioxide ""]"
p00649,Lancôme Rénergie Multi-Lift Eye Cream 15ml,Lancôme,44.55,Eye Care,"[""water"", ""dimethicone"", ""glycerin"", ""isohexadecane"", ""alcohol denat"", ""squalane"", ""cetyl alcohol"", ""stearic acid"", ""paraffinum liquidum"", ""palmitic acid"", ""peg-100 stearate"", ""glyceryl stearate"", ""peg-20 stearate"", ""cera alba"", ""octyldodecanol"", ""ci 77891"", ""ci 16035"", ""ci 19140"", ""c13-14 isoparaffin"", ""mica"", ""saccharomyces"", ""hydrolyzed linseed extract"", ""sodium hydroxide"", ""hydrolyzed soy protein"", ""hydrolyzed hyaluronic acid"", ""sodium benzoate"", ""phenoxyethanol"", ""adenosine"", ""acetyl tetrapeptide-9"", ""caffeine"", ""silica"", ""polyacrylamide"", ""chlorphenesin"", ""chlorhexidine digluconate"", ""polyethylene"", ""dimethiconol"", ""limonene"", ""benzyl alcohol"", ""linalool"", ""capryloyl salicylic acid"", ""cera microcristallina"", ""paraffin"", ""butyrospermum parkii butter"", ""citronellol"", ""laureth-7"", ""coumarin"", ""parfum""]"
p00650,Bulldog Energising Eye Roll On 15ml,Bulldog,7.5,Eye Care,"[""water"", ""glycerin"", ""prunus amygdalus dulcis  oil"", ""phenoxyethanol"", ""sodium polyacrylate"", ""mica"", ""polyglyceryl-3 cocoate"", ""polyglyceryl-4 caprate"", ""polyglyceryl-6 caprylate"", ""polyglyceryl-6 ricinoleate"", ""titanium dioxide"", ""sorbitol"", ""xanthan gum"", ""benzoic acid"", ""glycogen"", ""dehydroacetic acid"", ""phytic acid"", ""asparagopsis armata  extract"", ""ascophyllum nodosum  extract"", ""citric acid"", ""potassium sorbate"", ""sodium hydroxide""]"
p00651,Avène Refreshing Eye Contour 15ml,Avène,16.0,Eye Care,"[""avene thermal spring water"", ""mineral oil"", ""caprylic/capric triglyceride"", ""glycerin"", ""water"", ""peg-12"", ""glyceryl stearate"", ""peg-100 stearate"", ""1"", ""2-hexanediol"", ""caprylyl glycol"", ""carbomer"", ""disodium edta"", ""ribes rubrum  fruit extract"", ""rubus idaeus  fruit extract"", ""sodium benzoate"", ""sodium dextran sulfate"", ""sodium hydroxide"", ""tocopheryl glucoside"", ""vaccinium myrtillus fruit extract""]"
p00652,Manuka Doctor ApiNourish Age-Defying Eye Cream 15ml,Manuka Doctor,10.99,Eye Care,"[""water"", ""mel"", ""polyacrylamide"", ""cyclopentasiloxane"", ""caprylic/capric triglyceride"", ""oryza sativa  germ oil"", ""ammonium acryloyldimethyltaurate/vp copolymer"", ""phenoxyethanol"", ""c13-14 isoparaffin"", ""butylene glycol"", ""shea butter oleyl esters"", ""laureth-7"", ""tocopheryl acetate"", ""stearoxy dimethicone"", ""glycerin"", ""disodium edta"", ""ethylhexylglycerin"", ""glucosyl hesperidin"", ""triethanolamine"", ""dimethicone"", ""panicum miliaceum  seed extract"", ""caprylyl glycol"", ""opuntia ficus-indica stem extract"", ""1"", ""2-hexanediol"", ""bee venom"", ""tannic acid"", ""potassium sorbate"", ""acetyl hexapeptide-37"", ""acetyl octapeptide-3""]"
p00653,VICHY Aqualia Thermal Eye Awakening Balm (15ml),VICHY,15.0,Eye Care,"[""water"", ""glycerin"", ""dimethicone"", ""propanediol"", ""dimethicone/peg-10/15 crosspolymer"", ""ci 42090"", ""caffeine"", ""sodium chloride"", ""sodium citrate"", ""sodium hyaluronate"", ""sodium hydroxide"", ""phenoxyethanol"", ""p-anisic acid"", ""chondrus crispus"", ""disodium edta"", ""citric acid b iosaccha r ide gum-1 and polymethylsilsesquioxane""]"
p00654,DECLÉOR Hydra Floral Everfresh Hydrating Wide-Open Eye Gel,DECLÉOR,24.5,Eye Care,"[""centaurea cyanus flower water"", ""aqua / water"", ""propanediol"", ""alcohol denat"", ""glycerin"", ""simmondsia chinensis seed oil / jojoba seed oil"", ""tocopherol"", ""ammonium"", ""olyacryloyldimethyl taurate"", ""caffeine"", ""arginine"", ""carbomer"", ""caprylyl glycol"", ""coco-betaine"", ""scutellaria baicalensis root extract"", ""sodium hyaluronate"", ""helianthus annuus seed oil / sunflower seed oil"", ""salicylic acid"", ""citric acid""]"
p00655,Medik8 Eyelift Peptides 15ml,Medik8,38.0,Eye Care,"[""water"", ""alcohol denat"", ""glycerin"", ""c12-15 alkyl benzoate"", ""xanthan gum"", ""hydrolyzed rice protein"", ""tribehenin"", ""butylene glycol"", ""hesperidin methyl chalcone"", ""ceramide 2"", ""glycine soja  protein"", ""benzyl alcohol"", ""peg-10 phytosterol"", ""superoxide dismutase"", ""steareth-20"", ""carbomer"", ""phenoxyethanol"", ""chlorhexidine\u00a0digluconate"", ""palmitoyl tetrapeptide-7"", ""sorbic acid"", ""palmitoyl tripeptide-1"", ""dehydroacetic acid"", ""polysorbate 20"", ""palmitoyl hexapeptide-12"", ""palmitoyl\u00a0tetrapeptide-3"", ""potassium sorbate"", ""sodium benzoate"", ""n-hydroxysuccinimide"", ""benzoic acid"", ""sodium dextran sulfate"", ""dipeptide-2"", ""chrysin"", ""tocopherol""]"
p00656,Shiseido Exclusive Ultimune Eye Power Infusing Eye Concentrate 15ml,Shiseido,58.0,Eye Care,"[""water"", ""dimethicone"", ""glycerin"", ""dipropylene glycol"", ""alcohol denat"", ""sorbitol"", ""peg-10 dimethicone"", ""dimethicone/vinyl dimethicone crosspolymer"", ""methyl gluceth-10"", ""sodium chloride"", ""nylon-12"", ""peg/ppg-19/19 dimethicone"", ""hydrogenated polyisobutene"", ""phenoxyethanol"", ""cetyl ethylhexanoate"", ""erythritol"", ""saccharide isomerate"", ""cellulose gum"", ""butylene glycol"", ""peg/ppg-14/7 dimethyl ether"", ""tocopheryl acetate"", ""rosa damascena flower water"", ""fragrance"", ""tocopherol"", ""trisodium edta"", ""citric acid"", ""sodium citrate"", ""ppg-3 dipivalate"", ""phytosteryl macadamiate"", ""linalool"", ""sodium metabisulfite"", ""geraniol"", ""ginkgo biloba leaf extract"", ""citronellol"", ""origanum majorana leaf extract"", ""nelumbo nucifera germ extract"", ""alcohol"", ""sodium carboxymethyl beta-glucan"", ""thymus serpyllum extract"", ""perilla ocymoides leaf extract"", ""iris florentina root extract"", ""ganoderma lucidum  stem extract""]"
p00657,Dermalogica Total Eye Care 15ml,Dermalogica,40.5,Eye Care,"[""titanium dioxide"", ""bitter orange flower extract"", ""c12-15"", ""alkyl octanoate"", ""lactic acid"", ""butylene glycol"", ""glycerin"", ""silica"", ""glyceryl stearate"", ""peg-100 stearate"", ""cetearyl alcohol"", ""ceteareth-20"", ""cyclomethicone"", ""dea-cetyl phosphate"", ""magnesium aluminum silicate"", ""extracts of: meadowsweet"", ""hydrocotyl; tocopheryl acetate"", ""bisabolol"", ""allantoin"", ""leucine"", ""valine"", ""tyrosine"", ""argnine"", ""lysine"", ""sodium pca"", ""xanthum gum"", ""propylene glycol"", ""disodium edta"", ""diazolidinyl"", ""urea"", ""isopropylparaben"", ""isobutylparaben"", ""butylparaben"", ""magnesium silicate"", ""iron oxides"", ""mica ""]"
p00658,Dermalogica Intensive Eye Repair (15ml),Dermalogica,44.55,Eye Care,"[""water"", ""cyclopentasiloxane"", ""butylene glycol"", ""bis-diglyceryl polyacyladipate-2"", ""squalane"", ""persea gratissima oil unsaponifiables"", ""butyrospermum parkii"", ""glyceryl stearate"", ""peg-100 stearate"", ""cetyl alcohol"", ""peg-40 stearate"", ""extracts of: rosa centifolia flower"", ""centella asiatica"", ""echinacea purpurea"", ""vitis vinifera seed"", ""camellia oleifera leaf"", ""ginkgo biloba leaf"", ""dioscorea villosa root"", ""cucumis sativus fruit"", ""ruscus aculeatus root"", ""arnica montana flower; lecithin"", ""phospholipids"", ""glycolipids"", ""sodium pca"", ""sodium hyaluronate"", ""tocopheryl acetate"", ""stearic acid"", ""dea-cetyl phosphate"", ""sorbitan tristearate"", ""dimethicone"", ""dimethiconol"", ""sclerotium gum"", ""superoxide dismutase"", ""triethanolamine"", ""panthenol"", ""disodium edta"", ""phenoxyethanol"", ""retinyl palmitate"", ""ascorbyl palmitate"", ""methylparaben"", ""propylparaben""]"
p00659,benefit It's Potent Brightening Eye Cream 14g,benefit,29.0,Eye Care,"[""water"", ""ethylene/acrylic acid copolymer"", ""butylene glycol"", ""glycerin"", ""propylene glycol dicaprylate/dicaprate"", ""squalane"", ""caprylic/capric triglyceride"", ""steareth-21"", ""linum usitatissimum  seed extract"", ""phenoxyethanol"", ""stearalkonium hectorite"", ""cetyl alcohol"", ""stearyl alcohol"", ""hexyldecanol"", ""steareth-2"", ""glyceryl hydroxystearate"", ""sodium polyacrylate"", ""alcohol"", ""caprylyl glycol"", ""palmitic acid"", ""stearic acid"", ""dimethicone"", ""propylene carbonate"", ""tocopheryl acetate"", ""avena sativa  kernel extract"", ""althaea officinalis root extract"", ""prunus amygdalus dulcis  fruit extract"", ""hesperidin methyl chalcone"", ""glyceryl acrylate/acrylic acid copolymer"", ""acrylates/c10-30 alkyl acrylate crosspolymer"", ""tetrasodium edta"", ""steareth-20"", ""tromethamine"", ""ci 77891"", ""sodium hyaluronate"", ""theobroma cacao  extract"", ""pyrus malus  fruit extract"", ""sanguisorba officinalis root extract"", ""brassica campestris  sterols"", ""xanthan gum"", ""sodium citrate"", ""potassium sorbate"", ""chlorphenesin"", ""caprylic/capric/succinic triglyceride"", ""dipeptide-2"", ""tocopherol"", ""citric acid"", ""eriobotrya japonica leaf extract"", ""palmitoyl tetrapeptide-7"", ""plankton extract""]"
p00660,DECLÉOR Prolagène Lift Lavandula Iris - Lift and Firm Eye Care 15ml,DECLÉOR,35.0,Eye Care,"[""aqua / water"", ""glycerin"", ""butylene glycol"", ""coco-caprylate/caprate"", ""macadamia"", ""integrifolia seed oil"", ""cetearyl alcohol"", ""prunus domestica seed extract"", ""polymethylsilsesquioxane"", ""nylon-12"", ""fluorescent brightener 230 salt"", ""arachidyl alcohol"", ""behenyl alcohol"", ""sodium polyacrylate"", ""phenoxyethanol"", ""cetearyl glucoside"", ""caprylyl glycol"", ""arachidyl glucoside"", ""glycine soja"", ""protein / soybean protein"", ""mica"", ""ci 77891 / titanium dioxide"", ""proline"", ""disodium edta"", ""polyvinylalcohol crosspolymer"", ""tocopherol"", ""glycine soja oil / soybean oil"", ""sodium hyaluronate"", ""steareth-20"", ""sodium cocoyl glutamate"", ""adenosine"", ""hydrolyzed soy flour"", ""ethylhexylglycerin"", ""sodium benzoate"", ""pentylene glycol"", ""potassium sorbate"", ""salix alba leaf"", ""extract / willow leaf extract"", ""hyaluronic acid"", ""silanetriol"", ""sorbic acid"", ""chlorhexidine digluconate"", ""citric acid"", ""n-hydroxysuccinimide"", ""helianthus"", ""annuus seed oil / sunflower seed oil"", ""palmitoyl oligopeptide"", ""chrysin"", ""palmitoyl tetrapeptide-7""]"
p00661,Skin Doctors Instant Eyelift (10ml),Skin Doctors,21.99,Eye Care,"[""water"", ""sodium silicate"", ""carbomer"", ""hyaluronic\u00a0acid"", ""serum albumin"", ""dextran sulfate"", ""dmdm hydantoin"", ""glycerin"", ""ethylhexylglycerin"", ""caprylyl glycol"", ""sodium hyaluronate"", ""benzyl alcohol"", ""dehydroacetic acid""]"
p00662,Instant Effects Instant Eye Lift,Instant Effects,24.99,Eye Care,"[""water"", ""butylene glycol"", ""alcohol denat"", ""glycerin"", ""soluble collagen"", ""dimethicone"", ""argania spinosa kernel extract"", ""sodium polyacrylate"", ""sodium ascorbyl phosphate"", ""methyl gluceth-10"", ""benzyl alcohol"", ""caffeine"", ""acrylates/c10-30 alkyl acrylate crosspolymerm"", ""cyclopentasiloxane"", ""panthenol"", ""sodium cocoyl glucamate"", ""trideceth-6"", ""camellia sinensis leaf extract"", ""phenoxyethanol"", ""escin"", ""dehydroacetic acid"", ""carbomer"", ""ruscus aculeatus root extract"", ""peg/ppg-18/18 dimethicone"", ""ammonium glycyrrhizate"", ""centella asiatica extract"", ""hydrolyzed yeast protein"", ""calendula officinalis flower extract"", ""potassium sorbate"", ""sodium benzoate"", ""sodium hydroxide""]"
p00663,Aesop Parsley Seed Anti-Oxidant Eye Serum 15ml,Aesop,57.0,Eye Care,"[""aloe babedensis lead juice"", ""water"", ""peg 60 almond glycerides"", ""sodium lactate"", ""hammelis virginiana  distilate"", ""magnesium ascorbyl phosphate peg-150 distearate"", ""benzyl alcohol. glycine soja  oil. lavendula angustifiolia  oil"", ""phenoxyethanol"", ""sorbitol"", ""polysorbate 20"", ""panthenol. disodium edta"", ""camellia sinensis leaf extract"", ""ormenis multicaulis oil"", ""benzalkonium chloride"", ""chamomilia recutita  flower oil"", ""methylisothiazolinone"", ""carum petroslinum  seed oil"", ""daucus carota sativa  root extract"", ""beta-carotene"", ""tocopherol"", ""linalool"", ""d-limonene""]"
p00664,Murad Essential C Eye Cream SPF15 15ml,Murad,60.0,Eye Care,"[""water"", ""butylene glycol"", ""bis-diglyceryl polyacyladipate-2"", ""caprylic/capric/stearic triglyceride"", ""shorea stenoptera butter"", ""peg-100 stearate"", ""glyceryl stearate"", ""cetyl alcohol"", ""silica"", ""stearic acid"", ""lysine lauroyl methionate"", ""rice amino acids"", ""zinc aspartate"", ""chitosan ascorbate"", ""retinol"", ""glycine soja  oil"", ""persea gratissima  oil unsaponifiables"", ""cimicifuga racemosa root extract"", ""caffeine"", ""siloxanetriol alginate"", ""centella asiatica extract"", ""methylsilanol mannuronate"", ""phytonadione"", ""dimethicone"", ""phospholipids"", ""tocopheryl acetate"", ""retinyl palmitate"", ""ascorbyl palmitate"", ""panthenol"", ""sodium pca"", ""cetyl phosphate"", ""carbomer"", ""triethanolamine"", ""disodium edta"", ""phenoxyethanol"", ""methylparaben"", ""propylparaben"", ""titanium dioxide"", ""iron oxides""]"
p00665,Medik8 r-Retinoate Day and Night Eye Serum 15ml,Medik8,90.0,Eye Care,"[""water"", ""caprylic/capric triglyceride"", ""isododecane"", ""cetearyl alcohol"", ""1"", ""2-hexanediol"", ""glycerin"", ""cetearyl olivate"", ""sodium acrylate/sodium acryloyldimethyl taurate copolymer"", ""polylactic acid"", ""sorbitan olivate"", ""squalane"", ""retinyl retinoate"", ""hydrolyzed glycosaminoglycans"", ""cholesteryl nonanoate"", ""glucosyl hesperidin"", ""caffeine"", ""sodium hyaluronate"", ""tetrahexyldecyl ascorbate"", ""tocopheryl acetate"", ""caprylhydroxamic acid"", ""canola oil"", ""scutellaria baicalensis root extract"", ""vanilla planifolia  fruit extract"", ""illicium verum fruit extract"", ""butylene glycol"", ""theophylline"", ""theobromine"", ""disodium edta"", ""citric acid""]"
p00666,Origins GinZing Refreshing Eye Cream to Brighten and Depuff On-the-Go 10ml,Origins,18.0,Eye Care,"[""water\\aqua\\eau; methyl trimethicone; butylene glycol; peg-100 stearate; dimethicone; cetyl ricinoleate; silica; olea europaea  fruit oil; glycerin; behenyl alcohol; cucumis sativus  fruit extract; panax ginseng  root extract; castanea sativa  seed extract; camellia sinensis  leaf extract; cordyceps sinensis extract; magnolia officinalis bark extract; pyrus malus  fruit extract; scutellaria baicalensis root extract; pantethine; panthenol; caprylic/capric triglyceride; butyrospermum parkii ; caffeine; coleus barbatus extract; yeast extract\\faex\\extrait de levure; folic acid; hydrogenated lecithin; jojoba wax peg-120 esters; biotin; tribehenin; myristyl alcohol; palmitoyl tetrapeptide-7; trehalose; sodium hyaluronate; ascorbyl tocopheryl maleate; hesperidin methyl chalcone; sodium sulfite; sodium metabisulfite; steareth-20; dipeptide-2; ethylhexylglycerin; carbomer; tromethamine; sorbic acid; chlorphenesin; phenoxyethanol; mica; titanium dioxide ; iron oxides""]"
p00667,Estée Lauder Resilience Multi-Effect Tri-Peptide Eye Crème 15ml,Estée Lauder,44.1,Eye Care,"[""alcohol denat"", ""fragrance"", ""water\\aqua\\eau"", ""dipropylene glycol"", ""ethylhexyl methoxycinnamate"", ""butyl methoxydibenzoylmethane"", ""ethylhexyl salicylate"", ""bht"", ""linalool"", ""benzyl salicylate"", ""hexyl cinnamal"", ""alpha-isomethyl ionone"", ""limonene"", ""geraniol"", ""citral"", ""citronellol"", ""benzyl alcohol"", ""farnesol"", ""amyl cinnamal""]"
p00668,SVR Palpebral by Topialyse Eye Cream 15ml,SVR,15.0,Eye Care,"[""water"", ""propanediol"", ""hydrogenated polydecene"", ""cyclopentasiloxane"", ""orbignya oleifera seed oil"", ""polyacrylamide"", ""behenyl alcohol"", ""caprylic/capric triglyceride"", ""dipotassium glycyrrhizate"", ""saccharide isomerate"", ""sodium hyaluronate"", ""tocopheryl acetate"", ""1"", ""2-hexanediol"", ""c13-14 isoparaffin"", ""caprylyl glycol"", ""ceteareth-20"", ""citric acid"", ""gossypium herbaceum  seed oil"", ""laureth-7"", ""pentylene glycol"", ""sodium citrate"", ""sodium polyacrylate starch""]"
p00669,Liz Earle Superskin Eye Cream 15ml,Liz Earle,39.0,Eye Care,"[""water"", ""caprylic/capric triglyceride"", ""butyrospermum parkii"", ""sodium polyacrylate"", ""borago officinalis seed oil"", ""rosa rubiginosa seed oil"", ""myristyl myristate"", ""vaccinium macrocarpon  seed oil"", ""soybean glycerides"", ""propanediol"", ""tocopherol"", ""camellia sinensis  leaf extract"", ""punica granatum fruit extract"", ""medicago sativa  seed extract"", ""spilanthes acmella flower extract"", ""alaria esculenta extract"", ""rheum rhaponticum root extract"", ""phenoxyethanol"", ""sodium stearoyl glutamate"", ""lactobacillus ferment lysate"", ""butyrospermum parkii butter unsaponifiables"", ""sodium hyaluronate"", ""xanthan gum"", ""saccharomyces cerevisiae extract"", ""hydrolyzed lupine protein"", ""arginine"", ""trisodium ethylenediamine disuccinate"", ""lactobacillus ferment"", ""hydrolyzed hyaluronic acid"", ""chlorphenesin"", ""caffeine"", ""ethylhexylglycerin"", ""aspartic acid"", ""ascorbyl palmitate"", ""sodium chloride"", ""citric acid""]"
p00670,bareMinerals Ageless Genius Firming and Wrinkle Smoothing Eye Cream 15g,bareMinerals,37.0,Eye Care,"[""water"", ""glycerin"", ""butyrospermum parkii  butter"", ""butylene glycol"", ""dimethicone"", ""methyl gluceth-10"", ""methyl methacrylate/peg/ppg-4/3 methacrylate crosspolymer"", ""pentaerythrityl tetraethylhexanoate"", ""hydrogenated polyisobutene"", ""sodium acrylate/sodium acryloyldimethyl taurate copolymer"", ""triisostearin"", ""cetearyl alcohol"", ""glyceryl stearate"", ""peg-100 stearate"", ""isohexadecane"", ""dimethicone crosspolymer"", ""polysorbate 80"", ""ethylhexylglycerin"", ""chamomilla recutita  flower extract"", ""panax ginseng root extract"", ""fagus sylvatica bud extract"", ""euphrasia officinalis extract"", ""cola acuminata seed extract"", ""xanthan gum"", ""citric acid"", ""silica"", ""gold"", ""tocopherol"", ""cetyl alcohol"", ""sorbitan laurate"", ""sodium citrate"", ""sorbitan oleate"", ""hesperidin methyl chalcone"", ""carbomer"", ""steareth-20"", ""chlorhexidine digluconate"", ""sodium metaphosphate"", ""hydroxyethylcellulose"", ""potassium sorbate"", ""sodium metabisulfite"", ""saccharide hydrolysate"", ""trisodium edta"", ""acetyl dipeptide-1 cetyl ester"", ""polysorbate 20"", ""dipeptide-2"", ""palmitoyl tripeptide-1"", ""palmitoyl tetrapeptide-7"", ""arginine/lysine polypeptide"", ""acetyl hydroxyproline"", ""phenoxyethanol""]"
p00671,Clinique for Men Super Energizer Anti-Fatigue Depuffing Eye Gel 15ml,Clinique,26.0,Eye Care,"[""water\\aqua\\eau"", ""butylene glycol"", ""glycerin"", ""caffeine"", ""polygonum cuspidatum root extract"", ""citrus reticulata  peel extract"", ""rosmarinus officinalis  leaf extract"", ""vitis vinifera  seed extract"", ""punica granatum  fruit juice"", ""panthenol"", ""sodium hyaluronate"", ""humulus lupulus  extract"", ""linolenic acid"", ""yeast extract\\faex\\extrait de levure"", ""linoleic acid"", ""glycine"", ""nordihydroguaiaretic acid"", ""hydroxyproline"", ""proline"", ""acrylates copolymer"", ""ethylbisiminomethylguaiacol manganese chloride"", ""carbomer"", ""caprylyl glycol"", ""polyacrylamide"", ""c13-14 isoparaffin"", ""hexylene glycol"", ""laureth-7"", ""biosaccharide gum - 1"", ""xanthan gum"", ""disodium edta"", ""phenoxyethanol"", ""mica"", ""titanium dioxide""]"
p00672,Clinique Naturally Gentle Eye Make-Up Remover 75ml,Clinique,19.0,Eye Care,"[""water\\aqua\\eau"", ""hydrogenated polyisobutene"", ""butylene glycol"", ""sesamum indicum  seed oil"", ""ammonium acryloyldimethyltaurate/vp copolymer"", ""sucrose"", ""hypnea musciformis  extract"", ""gellidiela acerosa  extract"", ""arginine"", ""acrylates/c10-30 alkyl acrylate crosspolymer"", ""peg-8 dilaurate"", ""sodium chloride"", ""disodium phosphate"", ""disodium edta"", ""phenoxyethanol"", ""chlorphenesin""]"
p00673,Ultrasun SPF30+ Eye Cream (15ml),Ultrasun,20.0,Eye Care,"[""water"", ""zinc oxide"", ""isopropyl palmitate"", ""isostearyl isostearate"", ""titanium dioxide"", ""pentylene glycol"", ""potassium cetyl phosphate"", ""butylene glycol"", ""glycerin"", ""squalane"", ""silica"", ""carrageenan"", ""vitis vinifera seed extract"", ""cetyl phosphate"", ""hydrogenated phosphatidylcholine"", ""panthenol"", ""xanthan gum"", ""alcohol"", ""escin"", ""ruscus aculeatus root extract"", ""ammonium glycyrrhizate"", ""centella asiatica extract"", ""hydrolyzed yeast protein"", ""calendula officinalis flower extract"", ""sodium citrate"", ""lecithin"", ""caprylic/capric triglyceride"", ""tocopheryl acetate"", ""ascorbyl tetraisopalmitate"", ""tocopherol"", ""diisopropyl adipate"", ""ubiquinone""]"
p00674,Zelens Triple Action Advanced Eye Cream,Zelens,80.0,Eye Care,"[""water"", ""dimethicone"", ""cyclopentasiloxane"", ""polysilicone-11"", ""bifida ferment lysate"", ""pentylene glycol"", ""sinorhizobium meliloti ferment filtrate"", ""glycerin"", ""butylene glycol"", ""carbomer"", ""tromethamine"", ""phenoxyethanol"", ""acrylates copolymer"", ""isohexadecane"", ""ammonium polyacryloyldimethyl taurate"", ""chlorphenesin"", ""disodium edta"", ""tocopheryl acetate"", ""polysorbate 80"", ""polysorbate 20"", ""parfum"", ""caffeine"", ""o-cymen-5-ol"", ""steareth-20"", ""sodium dehydroacetate"", ""cetyl hydroxyethylcellulose"", ""lecithin"", ""caprylyl glycol"", ""pvp/polycarbamyl polyglycol ester"", ""sodium benzoate"", ""hydrolysed sesam protein pg-propyl methylsilanediol"", ""sodium hyaluronate"", ""potassium sorbate"", ""acetyl tetrapeptide-5"", ""alchemilla vulgaris extract"", ""betula alba leaf extract"", ""calendula officinalis flower extract"", ""chamomilla recutita  flower/leaf extract"", ""chlorhexidine digluconate"", ""equisetum arvense extract"", ""n-hydroxysuccinimide"", ""salvia officinalis  leaf extract"", ""trisodium edta"", ""acetyl octapeptide-3"", ""tocopherol"", ""linalool"", ""citric acid"", ""sodium citrate"", ""soluble collagen"", ""chrysin"", ""palmitoyl oligopeptide"", ""palmitoyl tetrapeptide-7""]"
p00675,Clinique Superdefense SPF20 Age Defense Eye Cream 15ml,Clinique,31.5,Eye Care,"[""water\\aqua\\eau"", ""isocetyl stearoyl stearate"", ""titanium dioxide"", ""c12-15 alkyl benzoate"", ""butylene glycol"", ""cetyl alcohol"", ""butyrospermum parkii"", ""dimethicone"", ""laureth-4"", ""cetyl esters"", ""peg-100 stearate"", ""polyethylene"", ""rosmarinus officinalis  leaf extract"", ""sea whip extract"", ""padina pavonica thallus extract"", ""sigesbeckia orientalis  extract"", ""algae extract"", ""lecithin"", ""micrococcus lysate"", ""caffeine"", ""astrocaryum murumuru seed butter"", ""isohexadecane"", ""tocopheryl acetate"", ""trehalose"", ""glycerin"", ""isostearic acid"", ""caprylyl glycol"", ""polyhydroxystearic acid"", ""polysorbate 80"", ""phytosphingosine"", ""tetrahexyldecyl ascorbate"", ""sodium rna"", ""lauric acid"", ""linoleic acid"", ""sodium hyaluronate"", ""hydrogenated lecithin"", ""ascorbyl tocopheryl maleate"", ""acrylamide/sodium acryloyldimethyltaurate copolymer"", ""hexylene glycol"", ""nordihydroguaiaretic acid"", ""tromethamine"", ""aluminum hydroxide"", ""disodium edta"", ""phenoxyethanol"", ""mica"", ""iron oxides"", ""zinc oxide""]"
p00676,KLORANE Eye Make-Up Remover with Organically Farmed Cornflower 200ml,KLORANE,9.5,Eye Care,"[""water"", ""butylene glycol"", ""centaurea cyanus flower water"", ""poloxamer 184"", ""hexylene glycol. peg-6 caprylic/capric glycerides"", ""citric acid"", ""phenethyl alcohol"", ""sodium chloride"", ""trisodium ethylenediamine disuccinate""]"
p00677,Peter Thomas Roth Retinol Eye Care 15ml,Peter Thomas Roth,46.0,Eye Care,"[""water"", ""glyceryl stearate"", ""caprylic/capric triglyceride"", ""cetyl alcohol"", ""propylene glycol stearate"", ""cera alba"", ""caffeine"", ""retinol"", ""butyrospermum parkii  butter"", ""persea gratissima  oil"", ""ascorbic acid"", ""retinyl palmitate"", ""tocopheryl acetate"", ""sodium hyaluronate"", ""sodium pca"", ""bht"", ""superoxide dismutase"", ""squalane"", ""aloe barbadensis leaf juice"", ""soluble collagen"", ""hydrolyzed elastin"", ""lecithin"", ""allantoin"", ""panthenol"", ""ceramide np"", ""echinacea purpurea extract"", ""algae extract"", ""c13-14 isoparaffin"", ""foeniculum vulgare  seed extract"", ""rosa canina fruit oil"", ""viola tricolor extract"", ""camellia sinensis leaf extract"", ""dimethicone"", ""helianthus annuus  seed oil"", ""wheat amino acids"", ""potassium phosphate"", ""leuconostoc/radish root ferment filtrate"", ""citric acid"", ""disodium edta"", ""carbomer"", ""triethanolamine"", ""steapyrium chloride"", ""polyacrylamide"", ""polysorbate 20"", ""oleic acid"", ""soy acid"", ""laureth-7"", ""ascorbyl methylsilanol pectinate"", ""edta"", ""methylpropanediol"", ""butylene glycol"", ""propylene glycol"", ""potassium sorbate"", ""sodium benzoate"", ""pentylene glycol"", ""alcohol"", ""phenoxyethanol""]"
p00678,Clinique Rinse-Off Eye Makeup Solvent 125ml,Clinique,19.0,Eye Care,"[""water\\aqua\\eau"", ""peg-32"", ""butylene glycol"", ""disodium cocoamphodiacetate"", ""peg-6"", ""trisodium edta"", ""phenoxyethanol""]"
p00679,Sukin Purely Ageless Eye Cream 20ml,Sukin,15.95,Eye Care,"[""water"", ""cetearyl alcohol"", ""aloe barbadensis leaf juice"", ""glyceryl stearate se"", ""helianthus annuus  seed oil"", ""acacia senegal gum"", ""ribose"", ""caffeine"", ""coffea arabica  seed extract"", ""hydrolyzed rhizobian gum"", ""macadamia ternifolia seed oil"", ""argania spinosa kernel oil"", ""rosa canina fruit oil"", ""adansonia digitata fruit extract"", ""hibiscus sabdariffa flower extract"", ""lycium barbarum fruit extract"", ""euterpe oleracea fruit extract"", ""glycerin"", ""cetearyl olivate"", ""sorbitan olivate"", ""xanthan gum"", ""lecithin"", ""sclerotium gum"", ""pullulan"", ""silica"", ""tocopherol"", ""citrus tangerina  peel oil"", ""citrus nobilis  peel oil"", ""lavandula angustifolia  oil"", ""vanillin"", ""daucus carota sativa  seed oil"", ""lactic acid"", ""phenoxyethanol"", ""benzyl alcohol"", ""ethylhexylglycerin"", ""linalool"", ""limonene""]"
p00680,SkinCeuticals A.G.E. Eye Complex Cream 15ml,SkinCeuticals,85.0,Eye Care,"[""water"", ""glycerin"", ""dimethicone"", ""isohexadecane"", ""paraffin"", ""propylene glycol"", ""silica [nano]/silica"", ""polyglyceryl-4 isosterarate"", ""cetyl peg/ppg-10/1 dimethicone"", ""hexyl laurate"", ""nylon-12"", ""hydroxypropyl tetrahydropyrantriol"", ""methylsilanol/silicate crosspolymer"", ""polyethylene"", ""ascorbyl glucoside"", ""caprylic/capric triglyceride"", ""octyldodecanol"", ""phenoxyethanol"", ""tocopheryl acetate"", ""ammonium polyacrykdimethyltauramide/ammonium polyacryloyldimethyl taurate"", ""peg-6 isostearate"", ""triethanolamine"", ""sodium citrate"", ""methylparaben"", ""chlorphenesin"", ""caffeine"", ""titanium dioxide [nano]/titanium dioxide"", ""ethylparaben"", ""menthoxypropanediol"", ""vacinium myrtillus fruit extract"", ""hesperidin methyl chalcone"", ""pentasodium pentetate"", ""aluminium hydroxide"", ""stearic acid"", ""hesperitin laurate"", ""n-hydroxysuccinimide"", ""dipeptide-2"", ""palmitoyl tetrapeptide-7"", ""palmitoyl oligopeptide"", ""chrysin""]"
p00681,Benton Fermentation Eye Cream 30g,Benton,25.0,Eye Care,"[""galactomyces ferment filtrate"", ""bifida ferment lysate"", ""butylene glycol"", ""caprylic /capric triglyceride"", ""glycerin"", ""cetostearyl alcohol"", ""cetyl ethylhexanoate"", ""water"", ""macadamia temifolia seed oil"", ""cetearyl olivate"", ""sorbitan olivate"", ""pentylene glycol"", ""rh-oligopeptide-1"", ""ceramide np"", ""sodium hyaluronate"", ""aloe barbadensis leaf extract"", ""adenosine"", ""allantoin"", ""althaea rosea root extract"", ""betaine"", ""panthenol"", ""beta-glucan"", ""acrylates/c10-30 alkyl acrylate crosspolymer"", ""arginine"", ""zanthoxylum piperitum fruit extract"", ""pulsatilla koreana extract"", ""usnea barbata  extract"", ""sorbitan stearate""]"
p00682,Estée Lauder Take It Away Gentle Eye and Lip Longwear Makeup Remover 100ml,Estée Lauder,18.9,Eye Care,"[""water\\aqua\\eau"", ""cyclopentasiloxane"", ""isohexadecane"", ""cucumis sativus  fruit extract"", ""rosa damascena  flower water"", ""aloe barbadensis leaf juice"", ""peg-4 dilaurate"", ""butylene glycol"", ""dimethicone"", ""lauryl methyl gluceth-10 hydroxypropyldimonium chloride"", ""potassium phosphate"", ""sodium chloride"", ""hexylene glycol"", ""dipotas""]"
p00683,Sarah Chapman Lash Boosting Eye Cleanse 70ml,Sarah Chapman,33.0,Eye Care,"[""water"", ""glycerin"", ""olive oil peg-7 esters"", ""rosa damascena flower water"", ""albizia julibrissin  bark extract"", ""arnica montana flower extract"", ""sodium lauryl glucose carboxylate"", ""gluconolactone"", ""lauryl glucoside"", ""butylene glycol"", ""parfum"", ""sodium benzoate"", ""allantoin"", ""cetrimonium bromide"", ""disodium edta"", ""sodium hydroxide"", ""anthemis nobilis flower extract"", ""sodium pca"", ""sodium lactate"", ""aloe barbadensis leaf juice powder"", ""cucumis sativus  fruit extract"", ""arginine"", ""aspartic acid"", ""pca"", ""sorbic acid"", ""potassium sorbate"", ""glycine"", ""alanine"", ""calcium gluconate"", ""geraniol"", ""serine"", ""valine"", ""citronellol"", ""isoleucine"", ""proline"", ""threonine"", ""darutoside"", ""histidine"", ""phenylalanine"", ""dextran"", ""acetyl tetrapeptide-3"", ""trifolium pratense  flower extract""]"
p00684,Sanctuary Spa Power Peptide Awakening Eye Serum 15ml,Sanctuary Spa,16.5,Eye Care,"[""water"", ""glycerin"", ""polymethyl methacrylate"", ""glycereth-26"", ""sodium polyacrylate"", ""albizia julibrissin bark extract"", ""phenoxyethanol"", ""caffeine"", ""sodium benzoate"", ""acrylates/c10-30 alkyl acrylate crosspolymer"", ""mica"", ""sodium gluconate"", ""hydrolyzed hyaluronic acid"", ""hydroxypropyl cyclodextrin"", ""darutoside"", ""palmitoyl tripeptide-38"", ""ci 77891"", ""ci 77491 ""]"
p00685,Eucerin® Anti-Age Hyaluron-Filler Eye Cream SPF 15 + UVA Protection (15ml),Eucerin®,24.5,Eye Care,"[""water"", ""glycerin"", ""butylene glycol dicaprylate/dicaprate"", ""diethylamino hydroxybenzoyl hexyl benzoate"", ""methylpropanediol"", ""synthetic beeswax"", ""behenyl alcohol"", ""ethylhexyl triazone"", ""hydrogenated coco-glycerides"", ""octyldodecanol"", ""stearyl alcohol"", ""cetyl palmitate"", ""glyceryl stearate citrate"", ""glycine soja germ extract"", ""aluminum starch octenylsuccinate"", ""bis-ethylhexyloxyphenol methoxyphenyl triazine"", ""dimethicone"", ""sodium hyaluronate"", ""methyl methacrylate crosspolymer"", ""trisodium edta"", ""carbomer"", ""ethylhexylglycerin"", ""1"", ""2-hexanediol"", ""phenoxyethanol""]"
p00686,RapidEye Firming Wrinkle Smoother 15ml,RapidEye,21.55,Eye Care,"[""water"", ""aloe barbadensis leaf juice"", ""glycerin"", ""dimethicone"", ""cyclopentasiloxane"", ""caprylyl"", ""methicone"", ""stearyl\u00a0alcohol"", ""butyrospermum parkii  butter"", ""caprylic/capric triglyceride"", ""polysorbate 60"", ""butylene glycol"", ""helianthus annuus  seed oil"", ""sorbitan stearate"", ""sodium pca"", ""panthenol"", ""acetyl tetrapeptide-5"", ""retinol"", ""caffeine"", ""sodium hyaluronate"", ""rosmarinus officinalis  leaf extract"", ""citrus aurantium dulcis  peel\u00a0extract"", ""polymethyl methacrylate"", ""silica"", ""allantoin"", ""acrylates/c10-30 alkyl acrylate crosspolymer"", ""disodium edta"", ""stearic acid"", ""cetyl alcohol"", ""tocopheryl acetate"", ""ethyl ferulate"", ""polyglyceryl-5 oleate"", ""disodium uridine phosphate"", ""polysorbate 20"", ""sodium hydroxide"", ""phenoxyethanol"", ""potassium sorbate"", ""sodium benzoate"", ""menthyl lactate""]"
p00687,Dermalogica Stress Positive Eye Lift 25ml,Dermalogica,52.65,Eye Care,"[""water/aqua/eau"", ""dimethicone"", ""pentylene glycol"", ""sorbitol"", ""simmondsia chinensis  seed oil"", ""butylene glycol"", ""glycerin"", ""peg-40\u00a0hydrogenated castor oil"", ""saccharomyces ferment lysate filtrate"", ""tephrosia purpurea seed extract"", ""hydrolyzed sodium hyaluronate"", ""niacinamide"", ""diglucosyl gallic acid"", ""citrus reticulata  leaf oil"", ""ammonium acryloyldimethyltaurate/vp copolymer"", ""maris\u00a0aqua"", ""propanediol"", ""sodium hyaluronate"", ""vetiveria zizanoides root oil"", ""lavandula angustifolia  oil"", ""rosa damascena flower\u00a0oil"", ""salvia sclarea  oil"", ""hydrolyzed algin"", ""aniba rosaeodora  wood oil"", ""cananga odorata flower oil"", ""glyceryl\u00a0stearate se"", ""methyl lactate"", ""peg-100 stearate"", ""acrylates/c10-30 alkyl acrylate crosspolymer"", ""tocopherol"", ""sucrose"", ""caprylic/capric\u00a0triglyceride"", ""ethylhexylglycerin"", ""sodium hydroxide"", ""tetrasodium glutamate diacetate"", ""aminomethyl propanol"", ""xanthan gum"", ""linalool"", ""geraniol"", ""phenoxyethanol""]"
p00688,Aesop Parsley Seed Anti-Oxidant Eye Cream 10ml,Aesop,63.0,Eye Care,"[""aloe barbadensis leaf juice"", ""water"", ""peg-60 almond glycerides"", ""hamamelis virginiana  water"", ""magnesium ascorbly phosphate"", ""peg-150 distearate"", ""benzyl alcohol"", ""clycine soja sorbitol"", ""polysorbate 20"", ""panthenol"", ""linalool"", ""disodium edta"", ""camellia"", ""sinensis leaf extracts"", ""omenis multicaulis oil"", ""benzalkonium chloride"", ""chamomilla recutita  flower oil"", ""methylisothiazolinoe"", ""carum petroselinum  seed oil"", ""dancus carota sativa  root extract"", ""d-limonene"", ""beta-carotene"", ""tocopherol""]"
p00689,SVR Densitium Lifting + Firming Eye Contour Cream -15ml,SVR,36.0,Eye Care,"[""water"", ""glycerin"", ""alumina"", ""caprylic/capric triglyceride"", ""cetearyl ethylhexanoate"", ""hydrogenated polydecene"", ""calcium pca"", ""sodium acrylates copolymer"", ""butylene glycol"", ""cyclopentasiloxane"", ""tocopheryl acetate"", ""palmitoyl tripeptide-1"", ""biotin"", ""chrysin"", ""helianthus annuus  seed oil"", ""hyaluronic acid"", ""mica"", ""n-hydroxysuccinimide"", ""palmitoyl tetrapeptide-7"", ""phospholipids"", ""sodium dextran sulfate"", ""tocopherol"", ""1"", ""2-hexanediol"", ""citric acid"", ""glyceryl stearate"", ""hydrogenated polyisobutene"", ""hydroxyethylcellulose"", ""lactic acid"", ""peg-100 stearate"", ""pentylene glycol"", ""polyglyceryl-10 stearate"", ""sodium bicarbonate"", ""sodium citrate"", ""steareth-20"", ""xanthan gum crosspolymer"", ""chlorhexidine digluconate"", ""chlorphenesin"", ""phenoxyethanol"", ""potassium sorbate"", ""citronellol"", ""parfum"", ""ci 77891""]"
p00690,Lumene Nordic C [Valo] Bright Eyes All-In-One Treatment 15ml,Lumene,19.9,Eye Care,"[""water"", ""glycerin"", ""decyl cocoate"", ""aluminum starch octenylsuccinate"", ""butylene glycol"", ""persea gratissima  oil"", ""dimethicone"", ""butyrospermum parkii"", ""rubus chamaemorus  seed extract"", ""phenoxyethanol"", ""albizia julibrissin bark extract"", ""panthenol"", ""tocopheryl acetate"", ""ceteth-20"", ""cetyl alcohol"", ""glyceryl stearate"", ""peg-75 stearate"", ""steareth-20"", ""titanium dioxide"", ""mica"", ""polysilicone-11"", ""polyvinyl alcohol"", ""sodium polyacrylate"", ""undecane"", ""ascorbyl glucoside"", ""tridecane"", ""propanediol"", ""disodium edta"", ""ethylhexylglycerin"", ""allantoin"", ""sodium hydroxide"", ""xanthan gum"", ""adenosine"", ""caprylyl glycol"", ""hydrolyzed hyaluronic acid"", ""sodium citrate"", ""sodium benzoate"", ""darutoside"", ""glucose"", ""citric acid"", ""chondrus crispus  extract"", ""tocopherol"", ""helianthus annuus  seed oil""]"
p00691,Perricone MD Essential Fx Acyl-Glutathione: Eyelid Lift Serum,Perricone MD,89.0,Eye Care,"[""water/aqua"", ""pantethine"", ""avena sativa  kernel extract"", ""glycerin"", ""carbomer"", ""glycyrrhetinic acid"", ""s-palmitoylglutathione"", ""acetyl tyrosine"", ""magnesium ascorbyl phosphate"", ""tetrahexyldecyl ascorbate"", ""silica"", ""xanthan gum"", ""dimethyl mea"", ""phenoxyethanol"", ""caprylyl glycol"", ""magnesium silicate"", ""titanium dioxide"", ""magnesium aspartate"", ""zinc gluconate"", ""sorbic acid"", ""hydroxypropyl cyclodextrin"", ""fragrance/parfum"", ""iron oxides/ci 77491"", ""copper gluconate"", ""linalool"", ""sodium hyaluronate"", ""citronellol"", ""acetyl tetrapeptide-5"", ""palmitoyl tripeptide-38""]"
p00692,Natio Ageless Brightening Eye Cream (20g),Natio,12.4,Eye Care,"[""water"", ""caprylic/capric triglyceride"", ""ethylhexyl stearate"", ""glycerin"", ""dimethicone"", ""cyclomethicone"", ""steareth-21"", ""nylon 12"", ""palmitoyl pentapeptide-3"", ""butylene glycol"", ""carbomer"", ""polysorbate 20"", ""polyacrylamide"", ""c13-14 isoparaffin"", ""laureth-7"", ""isopropyl palmitate"", ""cetearyl alcohol"", ""aloe barbadensis leaf juice"", ""pentylene glycol"", ""phenoxyethanol"", ""methylparaben"", ""ethylparaben"", ""propylparaben"", ""butylparaben"", ""isobutylparaben"", ""prunus amygdalus dulcis  oil"", ""tocopheryl acetate"", ""steareth-2"", ""sodium ascorbyl phosphate"", ""phospholipids"", ""butyrospermum parkii"", ""rosa canina fruit oil"", ""equisetum arvense extract"", ""tocopherol"", ""cholesterol"", ""aesculus hippocastanum  seed extract"", ""corylus americana  seed oil"", ""citrus medica limonum  peel oil"", ""cananga odorata flower oil"", ""rose oil anatolia"", ""styrax benzoin gum"", ""acrylates/c10-30 alkyl acrylate crosspolymer"", ""sodium hydroxide"", ""tetrasodium edta"", ""ci 77489"", ""ci 77492"", ""ci 77499""]"
p00693,First Aid Beauty 5-in-1 Eye Cream (14.1ml),First Aid Beauty,26.0,Eye Care,"[""water"", ""glycerin"", ""dimethicone"", ""c12-15 alkyl benzoate"", ""sodium polyacrylate"", ""ethylhexyl palmitate"", ""silica"", ""hydrogenated lecithin"", ""caprylyl methicone"", ""sodium pca"", ""phenoxyethanol"", ""phenyl methicone"", ""enteromorpha compressa extract"", ""hydroxyethyl acrylate/sodium acryloyldimethyl taurate copolymer"", ""retinyl palmitate"", ""camellia sinensis leaf extract"", ""glycyrrhiza glabra  root extract"", ""chrysanthemum parthenium  extract"", ""polysilicone-11"", ""alpha-arbutin"", ""sodium hydroxide"", ""xanthan gum"", ""caesalpinia spinosa gum"", ""sodium benzoate"", ""potassium sorbate"", ""glyceryl polyacrylate"", ""bisabolol"", ""niacinamide"", ""tocopherol""]"
p00694,SkinCeuticals AOX+ Eye Gel 15ml,SkinCeuticals,77.0,Eye Care,"[""water"", ""dipropylene glycol"", ""butylene glycol"", ""undecane"", ""bis-hydroxyethooxypropyl dimethicone"", ""alcohol denat"", ""ascorbic acid"", ""dimethicone"", ""caprylic/capric triglyceride"", ""tridcane"", ""phloretin"", ""lauryl peg-9"", ""polydimethylsiloxyethyl dimethicone"", ""dimethicone/peg-10/15 crosspolymer"", ""dimethicone polyglycerin-3 crosspolymer"", ""ferulic acid"", ""ruscus aculeatus extract/ruscus aculeatus root extract"", ""caffeine"", ""disodium edta"", ""sodium hydroxide""]"
p00695,MAC Fast Response Eye Cream 15ml,MAC,22.0,Eye Care,"[""dimethicone"", ""isododecane"", ""water\\aqua\\eau"", ""polysilicone-11"", ""polyethylene"", ""butylene glycol"", ""cyclopentasiloxane"", ""hexyldecyl stearate"", ""caffeine"", ""tocopheryl acetate"", ""sodium hyaluronate"", ""retinyl palmitate"", ""yeast extract\\faex\\extrait de levure"", ""triticum vulgare  germ oil"", ""hordeum vulgare  extract\\extrait d'orge"", ""pyrus malus  fruit extract"", ""cucumis sativus  fruit extract"", ""helianthus annuus  seed oil"", ""centella asiatica  extract"", ""saccharomyces lysate extract"", ""squalane"", ""methyldihydrojasmonate"", ""phytosphingosine"", ""quaternium-18 bentonite"", ""propylene carbonate"", ""polymethyl methacrylate"", ""cetyl peg/ppg-10/1 dimethicone"", ""peg/ppg-18/18 dimethicone"", ""tetrasodium edta"", ""sodium dehydroacetate"", ""phenoxyethanol""]"
p00696,Dr. Brandt No More Baggage 15g,Dr. Brandt,30.0,Eye Care,"[""water"", ""sodium magnesium silicate"", ""propanediol"", ""magnesium aluminum silicate"", ""phenoxyethanol"", ""lecithin"", ""kappaphycus alvarezii extract"", ""caffeine"", ""synthetic"", ""fluorphlogopite"", ""acetyl glutamine"", ""hesperidin methyl chalcone"", ""caesalpinia spinosa fruit extract"", ""titanium dioxide"", ""caprylyl glycol"", ""ethylhexylglycerin"", ""hexylene glycol"", ""steareth-20"", ""sh-oligopeptide-1"", ""sh- oligopeptide-2"", ""dipeptide-2"", ""sodium hyaluronate"", ""sh-polypeptide-1"", ""sh- polypeptide-9"", ""sh-polypeptide-11"", ""bacillus/soybean/folic acid ferment"", ""boswellia serrata extract"", ""centella asiatica extract"", ""palmitoyl tetrapeptide-7"", ""butylene glycol"", ""betula alba bark extract"", ""chlorhexidine digluconate"", ""tin oxide"", ""1"", ""2- hexanediol"", ""potassium sorbate"", ""polygonum cuspidatum root extract"", ""peg-12 dimethicone"", ""camellia sinensis leaf extract"", ""sodium benzoate"", ""iron oxides ""]"
p00697,Sukin Eye Serum (30ml),Sukin,14.95,Eye Care,"[""water"", ""aloe barbadensis leaf juice"", ""sesamum indicum  seed oil"", ""cetearyl alcohol"", ""glycerin"", ""ceteareth-20"", ""cetyl alcohol"", ""rosa canina fruit oil"", ""oenothera biennis  oil"", ""borago officinalis seed oil"", ""tocopherol"", ""cucumis sativus  fruit extract"", ""arctium lappa root extract"", ""urtica dioica  leaf extract"", ""xanthan gum"", ""citric acid"", ""phenoxyethanol"", ""benzyl alcohol""]"
p00698,VICHY LiftActiv Serum 10 Eyes & Lashes 15ml,VICHY,27.0,Eye Care,"[""aqua / water"", ""rhamnose"", ""glycerin"", ""alcohol denat"", ""dimethicone"", ""hydroxyethylpiperazine ethane sulfonic acid"", ""peg-20 methyl glucose sesquistearate"", ""ci 77891 / titanium dioxide"", ""mica"", ""triethanolamine"", ""sodium hyaluronate"", ""salicyloyl phytosphingosine"", ""palmitoyl oligopeptide"", ""palmitoyl tetrapeptide-7"", ""phenoxyethanol"", ""adenosine"", ""ammonium polyacryldimethyltauramide/ammonium polyacryloyldimethyl taurate"", ""chlorphenesin"", ""disodium edta"", ""xanthan gum"", ""octyldodecanol"", ""acrylates/c10-30 alkyl acrylate crosspolymer"", ""n-hydroxysuccinimide"", ""chrysin""]"
p00699,Perricone MD Cold Plasma Plus Eye Cream 15ml,Perricone MD,80.0,Eye Care,"[""water/aqua/eau"", ""isopropyl palmitate"", ""cetearyl alcohol"", ""glyceryl stearate"", ""peg-100 stearate"", ""hydrolyzed jojoba esters"", ""ceteareth-20"", ""olea europaea  fruit oil"", ""tetrahexyldecyl ascorbate"", ""benzyl alcohol"", ""phosphatidylcholine"", ""acetyl tetrapeptide-5"", ""palmitoyl tripeptide-1"", ""palmitoyl tetrapeptide-7"", ""echium plantagineum seed oil"", ""helianthus annuus  seed oil"", ""copper tripeptide-1"", ""magnesium aspartate"", ""zinc gluconate"", ""rosmarinus officinalis  leaf extract"", ""copper gluconate"", ""n-hydroxysuccinimide"", ""tocopherol"", ""sodium hyaluronate"", ""chrysin"", ""disodium edta"", ""hydrogenated vegetable oil"", ""glycerin"", ""dimethicone"", ""cyclopentasiloxane"", ""steareth-20"", ""silica"", ""titanium dioxide"", ""iron oxides ""]"
p00700,REN Clean Skincare Keep Young and Beautiful Instant Brightening Beauty Shot Eye Lift 15ml,REN,33.0,Eye Care,"[""water"", ""silica"", ""sodium hyaluronate"", ""hydroxypropyl methylcellulose"", ""glycerin"", ""pullulan"", ""carbomer"", ""mica"", ""ci77891"", ""polianthes tuberosa callus extract"", ""sodium hydroxide"", ""phenoxyethanol"", ""porphyridium cruentum extract"", ""sodium hydroxymethylglycinate"", ""rosa damascena flower oil"", ""rosa damascena extract"", ""citronellol"", ""geraniol""]"
p00701,CeraVe Hydrating Cleanser 236ml,CeraVe,9.5,Cleanser,"[""water"", ""glycerin"", ""cetearyl alcohol"", ""phenoxyethanol"", ""stearyl alcohol"", ""cetyl alcohol"", ""peg-40 stearate"", ""behentrimonium methosulfate"", ""glyceryl stearate"", ""polysorbate 20"", ""ethylhexylglycerin potassium phosphate"", ""disodium edta"", ""dipotassium phosphate"", ""sodium lauroyl lactylate"", ""ceramide np"", ""ceramide ap"", ""phytosphingosine"", ""cholesterol"", ""sodium hyaluronate"", ""xanthan gum"", ""carbomer"", ""tocopherol"", ""ceramide eop""]"
p00702,CeraVe Hydrating Cleanser 473ml,CeraVe,15.0,Cleanser,"[""water"", ""glycerin"", ""cetearyl alcohol"", ""phenoxyethanol"", ""stearyl alcohol"", ""cetyle alcohol"", ""peg-40 stearate"", ""behentrimonium methosulfate"", ""glyceryl stearate"", ""polysorbate 20"", ""ethlyhexylglycerin"", ""potassium phosphate"", ""disodium edta"", ""dipotassium phosphate"", ""sodium lauroyl lactylate"", ""ceramide np"", ""ceramide ap"", ""phytosphingosine"", ""cholesterol"", ""sodium hyaluronate"", ""xanthum gum"", ""carbomer"", ""tocopherol"", ""ceramide eop""]"
p00703,The Ordinary Squalane Cleanser Supersize Exclusive 150ml,The Ordinary,14.2,Cleanser,"[""squalane"", ""water"", ""coco-caprylate/caprate"", ""glycerin"", ""sucrose stearate"", ""ethyl macadamiate"", ""caprylic/capric triglyceride"", ""sucrose laurate"", ""hydrogenated starch hydrolysate"", ""sucrose dilaurate"", ""sucrose trilaurate"", ""polyacrylate crosspolymer-6"", ""isoceteth-20"", ""sodium polyacrylate"", ""tocopherol"", ""hydroxymethoxyphenyl decanone"", ""trisodium ethylenediamine disuccinate"", ""malic acid"", ""ethylhexylglycerin"", ""chlorphenesin""]"
p00704,CeraVe Foaming Facial Cleanser 473ml,CeraVe,15.0,Cleanser,"[""aqua / water"", ""glycerin"", ""coco-betaine"", ""propylene glycol"", ""sodium cocoyl glycinate"", ""peg-120 methyl glucose dioleate"", ""sodium chloride"", ""acrylates copolymer"", ""citric acid"", ""capryloyl glycine"", ""caprylyl glycol"", ""sodium hydroxide"", ""niacinamide"", ""disodium edta"", ""sodium hyaluronate"", ""sodium lauroyl lactylate"", ""ceramide np"", ""phenoxyethanol"", ""ceramide ap"", ""phytosphingosine"", ""cholesterol"", ""xanthan gum"", ""carbomer"", ""ethylhexylglycerin"", ""ceramide eop""]"
p00705,CeraVe Smoothing Cleanser 236ml,CeraVe,12.0,Cleanser,"[""water"", ""sodium lauroyl sarcosinate"", ""cocamidopropyl"", ""hydroxysultaine"", ""glycerin"", ""niacinamide"", ""gluconolactone"", ""sodium methyl cocoyl taurate"", ""peg-150 pentaerythrityl tetrastearate"", ""ceramide np"", ""ceramde ap"", ""ceramide eop"", ""carbomer"", ""calcium gluconate"", ""salicylic acid"", ""sodium benzoate"", ""sodium lauroyl"", ""lactylate"", ""cholesterol"", ""phenoxyethanol"", ""disodium edta"", ""tetrasodium edta"", ""hydrolyzed hyaluronic acid"", ""phytosphingosine"", ""xanthan gum"", ""ethylhexylglycerine""]"
p00706,COSRX Salicylic Acid Daily Gentle Cleanser 170g,COSRX,8.5,Cleanser,"[""water"", ""glycerin"", ""myristic acid"", ""stearic acid"", ""potassium hydroxide"", ""lauric acid"", ""butylene glycol"", ""glycol distearate"", ""polysorbate 80"", ""sodium methyl cocoyl taurate"", ""salicylic acid"", ""cocamidopropyl betaine"", ""peg-60 hydrogenated castor oil"", ""fragrance"", ""sodium chloride"", ""melaleuca alternigolia  leaf oil"", ""caprylyl glycol"", ""ethylhexylglycerin"", ""salix alba  bark water"", ""saccharomyces ferment"", ""cryptomeria japonica leaf extract"", ""nelumbo nucifera leaf extract"", ""pinus palustris leaf extract"", ""ulmus davidiana root extract"", ""oenothera biennis  flower extract"", ""pueraria lobata root extract"", ""1"", ""2-hexanediol"", ""ethyl hexanediol"", ""citric acid"", ""disodium edta""]"
p00707,Elemis Pro-Collagen Cleansing Balm 105g,Elemis,44.0,Cleanser,"[""prunus amygdalus dulcis  oil"", ""caprylic/capric triglyceride"", ""peg-6 caprylic/capric glycerides"", ""peg-8 beeswax"", ""cetearyl alcohol"", ""sambucus nigra  oil"", ""sorbitan stearate"", ""peg-60 almond glycerides"", ""silica"", ""triticum vulgare  germ oil"", ""avena sativa  kernel oil"", ""butyrospermum parkii"", ""glycerin"", ""lecithin"", ""borago officinalis  seed oil"", ""citrus aurantium dulcis  peel cera"", ""padina pavonica thallus extract"", ""phenoxyethanol"", ""acacia decurrens  flower cera"", ""rosa multiflora  flower cera"", ""cocos nucifera  oil"", ""lavandula angustifolia  oil"", ""pelargonium graveolens  flower oil"", ""tocopherol"", ""lavandula hybrida  oil"", ""eucalyptus globulus leaf oil"", ""anthemis nobilis  flower oil"", ""simmondsia chinensis  seed oil"", ""cinnamomum camphora  wood oil"", ""mentha arvensis  leaf oil"", ""vitis vinifera  seed oil"", ""citrus aurantium dulcis  oil"", ""menthol"", ""eugenia caryophyllus  leaf oil"", ""citric acid"", ""linalool"", ""geraniol"", ""eugenol"", ""citronellol"", ""limonene""]"
p00708,FARMACY Green Clean Make Up Meltaway Cleansing Balm 100ml,FARMACY,32.0,Cleanser,"[""cetyl ethylhexanoate"", ""caprylic/capric triglyceride"", ""peg-20 glyceryl triisostearate"", ""peg-10 isostearate"", ""polyethylene"", ""phenoxyethanol"", ""sorbitan sesquioleate"", ""citrus aurantifolia  oil"", ""citrus aurantium bergamia  fruit\u00a0oil"", ""melia azadirachta leaf extract"", ""melia azadirachta flower extract"", ""amino esters-1"", ""citrus aurantium dulcis\u00a0 peel oil"", ""amber powder"", ""cananga odorata flower oil"", ""coccinia indica fruit extract"", ""solanum melongena\u00a0 fruit extract"", ""curcuma longa  root extract"", ""ocimum sanctum leaf extract"", ""corallina officinalis\u00a0extract"", ""moringa oleifera seed oil"", ""zingiber officinale  root oil"", ""helianthus annuus  seed oil"", ""water/ aqua/ eau"", ""glycerin"", ""butylene glycol"", ""echinacea purpurea root extract"", ""carica papaya  fruit extract"", ""moringa pterygosperma seed extract"", ""disodium phosphate"", ""citric acid""]"
p00709,La Roche-Posay Effaclar H Hydrating Cleansing Cream (200ml),La Roche-Posay,12.5,Cleanser,"[""water"", ""ethylhexyl palmitate"", ""propanediol"", ""glycerin"", ""pentylene glycol"", ""sodium laureth sulfate"", ""niacinamide"", ""coco-glucoside"", ""acrylates/c10-30 alkyl acrylate crosspolymer"", ""zinc pca"", ""sodium hydroxide"", ""disodium edta"", ""caprylyl glycol"", ""phenoxyethanol"", ""parfum/fragrance""]"
p00710,La Roche-Posay Effaclar Purifying Cleansing Gel 200ml,La Roche-Posay,12.5,Cleanser,"[""water"", ""decyl glucoside"", ""sodium laureth sulfate"", ""peg-120 methylglucose dioleate"", ""polyglyceryl 3-hydroxylauryl ether"", ""peg-4 dilaurate"", ""peg-4 laurate"", ""zinc pca"", ""disodium edta"", ""citric acid"", ""polyquaternium-7"", ""iodoproponyl butylcarbamate"", ""peg-4"", ""methylparaben"", ""propylparaben"", ""fragrance""]"
p00711,La Roche-Posay Effaclar Cleansing Gel 400ml,La Roche-Posay,18.5,Cleanser,"[""aqua / water"", ""sodium laureth sulfate"", ""peg-8"", ""coco-betaine"", ""hexylene glycol"", ""sodium chloride"", ""peg-120 methyl glucose dioleate"", ""zinc pca"", ""sodium hydroxide"", ""citric acid"", ""sodium benzoate"", ""phenoxyethanol"", ""caprylyl glycol"", ""parfum / fragrance""]"
p00712,Emma Hardie Moringa Cleansing Balm with Professional Cleansing Cloth 100ml,Emma Hardie,47.0,Cleanser,"[""vitis vinifera  seed oil"", ""prunus amygdalus dulcis  oil"", ""caprylic/capric triglyceride"", ""cetearyl alcohol"", ""peg-8 beeswax"", ""peg-6 caprylic/capric glycerides"", ""peg-60 almond glycerides"", ""sorbitan stearate"", ""palmitic/stearic triglycerides"", ""limonene"", ""citrus aurantium dulcis  peel oil"", ""silica"", ""glycerin"", ""phenoxyethanol"", ""benzyl alcohol"", ""citrus aurantium bergamia  fruit oil"", ""citrus aurantium amara  flower oil"", ""citrus nobilis  peel oil"", ""juniperus virginiana oil"", ""water"", ""lecithin"", ""linalool"", ""butylene glycol"", ""octyldodecyl pca"", ""menthyl pca"", ""tocopherol"", ""ascorbyl palmitate"", ""crithmum maritimum extract"", ""helianthus annuus  seed oil"", ""moringa pterygosperma seed extract"", ""jasminum officinale  flower oil"", ""rosa damascena flower oil"", ""disodium phosphate"", ""citronellol"", ""citric acid"", ""geraniol"", ""citral""]"
p00713,Clinique Take the Day off Cleansing Balm 30ml,Clinique,9.0,Cleanser,"[""ethylhexyl palmitate"", ""carthamus tinctorius  seed oil"", ""caprylic/capric triglyceride"", ""sorbeth-30 tetraoleate"", ""polyethylene"", ""peg-5 glyceryl triisostearate"", ""water\\aqua\\eau"", ""tocopherol"", ""phenoxyethanol""]"
p00714,Clinique Liquid Facial Soap Mild 200ml,Clinique,17.5,Cleanser,"[""water\\aqua\\eau"", ""sodium laureth sulfate"", ""sodium chloride"", ""cocamidopropyl hydroxysultaine"", ""lauramidopropyl betaine"", ""sodium cocoyl sarcosinate"", ""tea-cocoyl glutamate"", ""di-ppg-2 myreth-10 adipate"", ""aloe barbadensis leaf juice"", ""peg-120 methyl glucose dioleate"", ""sucrose"", ""sodium hyaluronate"", ""cetyl triethylmonium dimethicone peg-8 succinate"", ""butylene glycol"", ""hexylene glycol"", ""polyquaternium-7"", ""laureth-2"", ""caprylyl glycol"", ""sodium sulfate"", ""tocopheryl acetate"", ""edta"", ""disodium edta"", ""phenoxyethanol""]"
p00715,Elemis Dynamic Resurfacing Facial Wash 200ml,Elemis,34.0,Cleanser,"[""aqua/water/eau"", ""sodium lauroyl sarcosinate"", ""glycerin"", ""cocamidopropyl betaine"", ""acrylates copolymer"", ""polysorbate 20"", ""coco-glucoside"", ""glycol distearate"", ""glyceryl oleate"", ""sodium lactate"", ""dicaprylyl ether"", ""phenoxyethanol"", ""lauryl alcohol"", ""fragrance"", ""sodium chloride"", ""orbignya oleifera  seed oil"", ""xanthan gum"", ""caprylyl glycol"", ""propylene glycol"", ""sodium hydroxide"", ""chlorphenesin"", ""citric acid"", ""glyceryl stearate"", ""papain"", ""disodium edta"", ""galactoarabinan"", ""behenyl alcohol"", ""butyrospermum parkii  butter"", ""benzoic acid"", ""moringa pterygosperma seed extract"", ""hydrogenated castor oil"", ""disodium phosphate"", ""stearyl alcohol"", ""protease"", ""subtilisin"", ""tocopherol"", ""hydrogenated palm glycerides citrate"", ""poria cocos  extract""]"
p00716,First Aid Beauty Face Cleanser (142g),First Aid Beauty,16.0,Cleanser,"[""water"", ""sodium cocoyl isethionate"", ""glycerin"", ""stearic acid"", ""aloe barbadensis leaf juice"", ""stearyl alcohol"", ""sodium pca"", ""camellia sinensis leaf extract"", ""chrysanthemum parthenium  extract"", ""glycyrrhiza glabra  root extract"", ""allantoin"", ""hydroxypropyl methylcellulose"", ""disodium cocoamphodiacetate"", ""coco glucoside"", ""glyceryl stearate"", ""disodium edta"", ""caprylyl glycol"", ""phenoxyethanol""]"
p00717,Garnier Micellar Water Facial Cleanser and Makeup Remover for Sensitive Skin 400ml,Garnier,4.99,Cleanser,"[""aqua / water"", ""hexylene glycol"", ""glycerin"", ""poloxamer 184"", ""disodium cocoamphodiacetate"", ""disodium edta"", ""myrtrimonium bromide""]"
p00718,Caudalie Duo Foaming Cleanser (2 x 150ml) (Worth £30),Caudalie,22.0,Cleanser,"[""aqua/water/eau"", ""glycerin"", ""sodium cocoyl glutamate"", ""cocamidopropyl betainamide mea chloride"", ""caprylyl/capryl glucoside"", ""caprylyl glycol"", ""parfum"", ""sodium chloride"", ""coco-betaine"", ""potassium sorbate"", ""citric acid"", ""sodium methyl cocoyl taurate"", ""sodium cocoyl isethionate"", ""sodium phytate"", ""butylene glycol"", ""salvia officinalis  leaf extract"", ""chamomilla recutita  flower extract"", ""vitis vinifera  fruit extract"", ""linalool"", ""citronellol"", ""butylphenyl methylpropional""]"
p00719,Liz Earle Cleanse & Polish 100ml Pump,Liz Earle,15.5,Cleanser,"[""water"", ""caprylic/capric triglyceride"", ""theobroma cacao  seed butter"", ""cetearyl alcohol"", ""cetyl esters"", ""cera alba"", ""glycerin"", ""polysorbate 60"", ""sorbitan stearate"", ""eucalyptus globulus leaf oil"", ""rosmarinus officinalis  leaf extract"", ""humulus lupulus  extract"", ""chamomilla recutita  flower extract"", ""propylene glycol"", ""phenoxyethanol"", ""panthenol"", ""benzoic acid"", ""dehydroacetic acid"", ""sorbitol"", ""limonene"", ""ethylhexylglycerin"", ""polyaminopropyl biguanide"", ""citric acid"", ""sodium hydroxide""]"
p00720,Garnier Micellar Water Facial Cleanser and Makeup Remover for Sensitive Skin 700ml,Garnier,6.99,Cleanser,"[""aqua / water"", ""hexylene glycol"", ""glycerin"", ""disodium cocoamphodiacetate"", ""disodium edta"", ""poloxamer 184"", ""polyaminopropyl biguanide""]"
p00721,Caudalie Vinopure Purifying Gel Cleanser 150ml,Caudalie,16.0,Cleanser,"[""aqua/water/eau"", ""vitis vinifera  fruit water"", ""decyl glucoside"", ""glycerin"", ""sodium cocoyl glutamate"", ""sucrose cocoate"", ""acacia senegal gum"", ""xanthan gum"", ""propanediol"", ""sodium glutamate"", ""sodium chloride"", ""caprylyl glycol"", ""coconut acid"", ""salicylic acid"", ""vitis vinifera  juice"", ""cymbopogon citratus leaf oil"", ""lavandula hybrida oil"", ""melissa officinalis leaf oil"", ""mentha piperita  oil"", ""pelargonium graveolens flower oil"", ""rosmarinus officinalis\u00a0 leaf oil"", ""citric acid"", ""potassium sorbate"", ""sodium benzoate"", ""citral"", ""citronellol"", ""geraniol"", ""linalool""]"
p00722,Bulldog Original Face Wash 150ml,Bulldog,3.38,Cleanser,"[""water"", ""cocamidopropyl betaine"", ""coco-glucoside"", ""glycerin"", ""glycereth-26"", ""sodium lauroyl sarcosinate"", ""acrylates/c10-30 alkyl\u00a0acrylate crosspolymer"", ""phenoxyethanol"", ""sodium chloride"", ""benzoic acid"", ""dehydroacetic acid"", ""sodium laurate"", ""sodium hydroxide"", ""camellia sinensis  leaf extract"", ""citrus aurantium bergamia  peel oil"", ""citrus limon  peel oil"", ""ethylhexylglycerin"", ""artemesia vulgaris oil"", ""sodium sarcosinate"", ""pelargonium graveolens oil"", ""pogostemon cablin leaf oil"", ""citrus\u00a0aurantifolia  oil"", ""evernia furfuracea  extract"", ""juniperus virginiana oil"", ""vetiveria zizanoides root oil"", ""limonene""]"
p00723,Neutrogena Hydro Boost Water Gel Cleanser 200ml,Neutrogena,7.99,Cleanser,"[""water"", ""glycerin"", ""cocamidopropyl hydroxysultaine"", ""sodium cocoyl isethionate"", ""sodium methyl cocoyl taurate"", ""sodium hydrolyzed potato starch dodecenylsuccinate"", ""hydrolyzed hyaluronic acid"", ""ethylhexylglycerin"", ""linoleamidopropyl pg-dimonium chloride phosphate"", ""polyquaternium-10"", ""polysorbate 20"", ""sodium isethionate"", ""sodium lauryl sulfate"", ""sodium c14-16 olefin sulfonate"", ""potassium acrylates copolymer"", ""sodium chloride"", ""propylene glycol"", ""disodium edta"", ""citric acid"", ""sodium hydroxide"", ""hydroxyacetophenone"", ""tocopheryl acetate"", ""phenoxyethanol"", ""parfum""]"
p00724,OSKIA Renaissance Cleansing Gel (100ml),OSKIA,35.0,Cleanser,"[""caprylic/capric triglyceride"", ""glycerin"", ""water"", ""cetearyl olivate"", ""sucrose laurate"", ""benzyl alcohol"", ""sorbitan olivate"", ""sucrose palmitate"", ""parfum"", ""geraniol"", ""dimethyl sulfone"", ""citronellol"", ""dehydroacetic acid"", ""lactobacillus/cucurbita pepo fruit ferment extract"", ""borago officinalis seed oil"", ""sucrose stearate"", ""linalool"", ""retinyl palmitate"", ""ci 77491"", ""jojoba esters"", ""tocopherol"", ""ascorbyl palmitate""]"
p00725,NIP+FAB Teen Skin Fix Pore Blaster Night Wash 145ml,NIP+FAB,6.99,Cleanser,"[""water"", ""sodium laureth sulfate"", ""cocamidopropyl betaine"", ""sodium chloride"", ""hamamelis virginiana  water"", ""glycerin"", ""disodium phosphate"", ""peg-40 hydrogenated castor oil"", ""phenoxyethanol"", ""benzyl alcohol"", ""parfum"", ""alcohol"", ""coconut acid"", ""disodium edta"", ""lactobacillus/ wasabia japonica root ferment extract"", ""salicylic acid"", ""benzyl salicylate"", ""dehydroacetic acid"", ""melaleuca alternifoilia  leaf oil"", ""sodium hydroxide""]"
p00726,Elemis Superfood Cleansing Wash 150ml,Elemis,25.0,Cleanser,"[""aqua/water/eau"", ""sodium lauroyl sarcosinate"", ""glycerin"", ""cocamidopropyl betaine"", ""acrylates copolymer"", ""polysorbate 20"", ""sodium lactate"", ""coco-glucoside"", ""glyceryl oleate"", ""dicaprylyl ether"", ""lauryl alcohol"", ""sodium chloride"", ""phenoxyethanol"", ""xanthan gum"", ""persea gratissima  oil"", ""chlorphenesin"", ""sodium hydroxide"", ""citric acid"", ""fragrance"", ""alpha-glucan oligosaccharide"", ""brassica oleracea italica  seed oil"", ""cucurbita pepo  seed oil"", ""galactoarabinan"", ""disodium edta"", ""salvia hispanica seed oil"", ""limonene"", ""citrus aurantium dulcis  peel oil"", ""sodium dehydroacetate"", ""caramel"", ""amyris balsamifera bark oil"", ""urtica dioica  juice"", ""cymbopogon martini oil"", ""geraniol"", ""linalool"", ""rosmarinus officinalis  leaf oil"", ""daucus carota sativa  seed oil"", ""brassica oleracea acephala  leaf extract"", ""triticum aestivum  leaf extract"", ""magnesium aspartate"", ""zinc gluconate"", ""maltodextrin"", ""polyglyceryl-3 diisostearate"", ""chlorophyllin-copper complex"", ""hydrogenated palm glycerides citrate"", ""tocopherol"", ""copper gluconate"", ""sodium benzoate"", ""potassium sorbate"", ""ascorbic acid""]"
p00727,Bioderma Hybrabio H2O 500ml Duo Pack,Bioderma,18.5,Cleanser,"[""water"", ""glycerin"", ""peg-6 caprylic/capric glycerides"", ""polysorbate 20"", ""peg-40 hydrogenated castor oil"", ""pyrus malus  fruit extract"", ""rhamnose"", ""mannitol"", ""xylitol"", ""fructooligosaccharides"", ""propylene glycol"", ""cucumis sativus  fruit extract"", ""hexyldecanol"", ""sodium hydroxide"", ""citric acid"", ""niacinamide"", ""disodium edta"", ""cetrimonium bromide"", ""fragrance ""]"
p00728,La Roche-Posay Toleriane Dermo-Cleanser 200ml,La Roche-Posay,12.5,Cleanser,"[""water"", ""ethylhexyl palmitate"", ""glycerin"", ""dipropylene glycol"", ""carbomer"", ""sodium hydroxide"", ""ethylhexylglycerin"", ""capryl glycol""]"
p00729,Liz Earle Cleanse & Polish 200ml Tube,Liz Earle,27.0,Cleanser,"[""water"", ""caprylic/capric triglyceride"", ""theobroma cacao  seed butter"", ""cetearyl alcohol"", ""cetyl esters"", ""cera alba"", ""glycerin"", ""polysorbate 60"", ""sorbitan stearate"", ""eucalyptus globulus leaf oil"", ""rosmarinus officinalis  leaf extract"", ""humulus lupulus  extract"", ""chamomilla recutita  flower extract"", ""propylene glycol"", ""phenoxyethanol"", ""panthenol"", ""benzoic acid"", ""dehydroacetic acid"", ""sorbitol"", ""limonene"", ""ethylhexylglycerin"", ""polyaminopropyl biguanide"", ""citric acid"", ""sodium hydroxide""]"
p00730,Origins Checks and Balances Frothy Face Wash 150ml,Origins,16.5,Cleanser,"[""water\\aqua\\eau; lavandula angustifolia  flower water"", ""myristic acid"", ""glycerin"", ""behenic acid"", ""sodium methyl cocoyl taurate"", ""palmitic acid"", ""potassium hydroxide"", ""lauric acid"", ""stearic acid"", ""anthemis nobilis\u00a0flower oil"", ""mentha viridis  leaf oil"", ""pelargonium graveolens\u00a0flower oil"", ""lavandula hybrida oil"", ""citrus aurantium bergamia\u00a0 fruit oil"", ""styrax benzoin gum"", ""linalool"", ""peg-3 distearate"", ""tourmaline"", ""laminaria saccharina extract"", ""hydrolyzed wheat protein"", ""cetearyl alcohol"", ""polyquaternium-7"", ""butylene glycol"", ""disodium edta"", ""methylchloroisothiazolinone"", ""methylisothiazolinone""]"
p00731,Avène Cleanance Cleansing Gel 200ml,Avène,12.0,Cleanser,"[""avene thermal spring water . water . sodium lauroyl methyl isethionate. zinc coceth sulfate. polysorbate 20. sodium cocoamphoacetate. ceteareth-60 myristyl glycol. peg-40 hydrogenated castor oil. citric acid. disodium edta. fragrance . glyceryl laurate. green 5 . sodium benzoate. sodium hydroxide. yellow 5 . zinc gluconate""]"
p00732,Avene Face Essentials Cleansing Foam 150ml,Avene,13.5,Cleanser,"[""avene thermal spring water"", ""water"", ""sodium cocoamphoacetate"", ""sodium cocoyl glutamate"", ""lactic acid"", ""citric acid"", ""disodium edta"", ""fragrance"", ""glutamic acid"", ""propylene glycol"", ""sodium benzoate"", ""sodium chloride""]"
p00733,Clinique Anti Blemish Solutions Cleansing Foam 125ml,Clinique,19.0,Cleanser,"[""water\\aqua\\eau"", ""glycerin"", ""butylene glycol"", ""sodium methyl cocoyl taurate"", ""salicylic acid"", ""sucrose"", ""disodium phosphate"", ""arginine cocoate"", ""laminaria saccharina extract"", ""caffeine"", ""algae extract"", ""cola acuminata  seed extract"", ""sea whip extract"", ""peg/ppg-18/18 dimethicone"", ""sodium hyaluronate"", ""ppg-6-decyltetradeceth-30"", ""lactobacillus ferment"", ""stearamidopropyl dimethylamine"", ""acetyl glucosamine"", ""capryloyl glycine"", ""10-hydroxydecanoic acid"", ""polyquaternium-7"", ""phospholipids"", ""stearic acid"", ""sodium hydroxide"", ""disodium edta"", ""phenoxyethanol"", ""chloroxylenol""]"
p00734,Neutrogena® Oil Balancing Facial Wash 200ml,Neutrogena®,4.71,Cleanser,"[""water"", ""sodium laureth sulfate"", ""glycerin"", ""lauryl glucoside"", ""sodium lauroamphoacetate"", ""cocamidopropyl betaine"", ""peg-120 methyl glucose dioleate"", ""polysorbate 20"", ""salicylic acid"", ""citrus aurantifolia fruit extract"", ""citrus tangerina extract"", ""propylene glycol"", ""sodium chloride"", ""disodium edta"", ""citric acid"", ""sodium citrate"", ""parfum"", ""ci 15985"", ""ci 42090""]"
p00735,Bulldog Oil Control Face Wash 150ml,Bulldog,3.38,Cleanser,"[""water"", ""cocamidopropyl betaine"", ""glycerin"", ""coco-glucoside"", ""acrylates/c10-30 alkyl acrylate crosspolymer"", ""phenoxyethanol"", ""sodium chloride"", ""sodium lauroyl sarcosinate"", ""benzoic acid"", ""parfum"", ""hamamelis virginiana  water"", ""dehydroacetic acid"", ""alcohol"", ""salix alba  bark extract"", ""juniperus communis fruit extract"", ""potassium sorbate"", ""sodium benzoate"", ""sodium hydroxide""]"
p00736,Eve Lom Cleanser 200ml,Eve Lom,85.0,Cleanser,"[""paraffinum liquidum"", ""peg-30 lanolin"", ""cetearyl alcohol"", ""bis-diglyceryl polyacyladipate-2"", ""aluminum stearate"", ""theobroma cacao  seed butter"", ""peg-75 lanolin"", ""eugenia caryophyllus  leaf oil"", ""humulus lupulus  oil"", ""chamomilla recutita  flower oil"", ""eucalyptus globulus leaf oil"", ""bht""]"
p00737,REN Clean Skincare Rosa Centifolia Cleansing Gel,REN,18.0,Cleanser,"[""rosa damascena flower water"", ""aloe barbadensis leaf juice"", ""glycerin"", ""coco glucoside"", ""xanthan gum"", ""polysorbate 20"", ""panthenol"", ""phenoxyethanol"", ""sodium lauroyl oat aminoacids"", ""rosa centifolia flower juice"", ""rosa damascena flower oil"", ""parfum"", ""pelargonium graveolens flower oil"", ""cymbopogon martini oil"", ""geraniol"", ""sodium hydroxymethylglycinate"", ""lactic acid"", ""ethylhexylglycerin""]"
p00738,Dr Dennis Gross Alpha Beta Pore Perfecting Cleansing Gel 60ml,Dr Dennis Gross,17.0,Cleanser,"[""water/aqua/eau"", ""glycerin"", ""sodium lauroyl methyl isethionate"", ""propanediol"", ""sodium cocoamphoacetate"", ""cocamidopropyl hydroxysultaine"", ""disteareth-75 ipdi"", ""glycereth-7 caprylate/caprate"", ""sodium chloride"", ""trisodium ethylenediamine disuccinate"", ""peg-40 hydrogenated castor oil"", ""mandelic acid"", ""glycolic acid"", ""salix alba  bark extract"", ""phytic acid"", ""potassium azeloyl diglycinate"", ""citric acid"", ""farnesol"", ""barosma betulina leaf extract"", ""sodium pca"", ""sodium hyaluronate"", ""tremella fuciformis  extract"", ""aloe barbadensis leaf juice"", ""bisabolol"", ""hydrolyzed soy protein"", ""camellia sinensis leaf extract"", ""butylene glycol"", ""caprylic/capric triglyceride"", ""dimethyl isosorbide"", ""alcohol"", ""sodium phytate"", ""jasminum officinale  flower/leaf extract"", ""vitis vinifera  fruit extract"", ""lavandula angustifolia  flower/leaf/stem extract"", ""eugenia caryophyllus  flower extract"", ""polyglyceryl-3 laurate"", ""peg-7 glyceryl cocoate"", ""sodium hydroxide"", ""benzoic acid"", ""sodium benzoate"", ""potassium sorbate"", ""phenoxyethanol""]"
p00739,La Roche-Posay Cicaplast B5 Anti-Bacterial Cleansing Wash 200ml,La Roche-Posay,10.0,Cleanser,"[""aqua / water"", ""sodium laureth sulfate"", ""panthenol"", ""peg-200 hydrogenated glyceryl palmate"", ""glycerin"", ""coco-betaine"", ""sodium chloride"", ""polysorbate 20"", ""peg-7 glyceryl cocoate"", ""citric acid"", ""cocamide mea"", ""copper gluconate"", ""manganese gluconate"", ""peg-55 propylene glycol oleate"", ""peg-60 hydrogenated castor oil"", ""polyquaternium-11"", ""ppg-5-ceteth-20"", ""propylene glycol"", ""prunus amygdalus dulcis oil / sweet almond oil"", ""sodium benzoate"", ""sodium hydroxide"", ""zinc gluconate""]"
p00740,Caudalie Instant Foaming Cleanser (150ml),Caudalie,15.0,Cleanser,"[""water"", ""glycerin"", ""sodium cocoyl glutamate"", ""cocamidopropyl betaine"", ""caprylyl/capryl glucoside"", ""sodium chloride"", ""citric acid"", ""caprylyl glycol"", ""parfum"", ""coco-betaine"", ""potassium sorbate"", ""sodium methyl cocoyl taurate"", ""sodium cocoyl isethionate"", ""sodium phytate"", ""chamomilla recutita  flower extract"", ""salvia officinalis  leaf extract"", ""vitis vinifera  fruit extract"", ""sodium benzoate"", ""butylphenyl methylpropional"", ""linalool"", ""citronellol""]"
p00741,COSRX Low pH Good Morning Cleanser 150ml,COSRX,17.0,Cleanser,"[""water"", ""cocamidopropyl betaine"", ""sodium lauroyl methyl isethionate"", ""polysorbate 20"", ""styrax japonicus branch/fruit/leaf extract"", ""butylene glycol"", ""saccharomyces ferment"", ""cryptomeria japonica leaf extract"", ""nelumbo nucifera leaf extract"", ""pinus palustris leaf extract"", ""ulmus davidiana root extract"", ""oenothera biennis  flower extract"", ""pueraria lobata root extract"", ""melaleuca alternifolia  leaf oil"", ""allantoin"", ""caprylyl glycol"", ""ethylhexylglycerin"", ""betaine salicylate"", ""citric acid"", ""ethyl hexanediol"", ""1"", ""2-hexanediol"", ""trisodium ethylenediamine disuccinate"", ""sodium benzoate"", ""disodium edta""]"
p00742,Aesop Amazing Face Cleanser 200ml,Aesop,35.0,Cleanser,"[""water"", ""cocamidopropyl belaine"", ""sea salt"", ""glycerin"", ""tangerine oil"", ""lavender oil"", ""cananga odorata flower oil"", ""magnesium nitrate"", ""magnesium chloride"", ""sodium laureth sulphate"", ""polysorbate 20"", ""methylchlorisisothiazolinone"", ""methylisothiazolinone""]"
p00743,philosophy Purity One-Step Facial Cleanser 480ml,philosophy,30.0,Cleanser,"[""aqua/water/eau"", ""sodium lauroamphoacetate"", ""sodium trideceth sulfate"", ""limnanthes alba  seed oil"", ""coco-glucoside"", ""coconut alcohol"", ""peg-120 methyl glucose dioleate"", ""glycerin"", ""phenoxyethanol"", ""carbomer"", ""isopropyl alcohol"", ""polysorbate 20"", ""chlorphenesin"", ""citric acid"", ""parfum/fragrance"", ""ethylhexylglycerin"", ""sodium hydroxide"", ""xanthan gum"", ""linalool"", ""tocopherol"", ""fd&c yellow 5 ""]"
p00744,VICHY Normaderm Deep Cleansing Purifying Gel 200ml,VICHY,13.0,Cleanser,"[""water"", ""coco-betaine"", ""propanediol"", ""peg-120 methyl glucose dioleate"", ""sodium chloride"", ""sodium cocoyl glycinate"", ""dipropylene glycol"", ""zinc gluconate"", ""salycilic acid"", ""bifida ferment lysate"", ""sodium hydroxide"", ""sodium bensoate"", ""phenoxyethanol"", ""copper gluconate"", ""caprylyl glycol"", ""tetrasodium glutamate diacetate"", ""parfum/fragrance""]"
p00745,NIP+FAB Teen Skin Fix Pore Blaster Day Wash 145ml,NIP+FAB,6.99,Cleanser,"[""water"", ""sodium laureth sulfate"", ""sodium chloride"", ""cocamidopropyl betaine"", ""glycerin"", ""disodium edta"", ""disodium phosphate"", ""peg-40 hydrogenated castor oil"", ""phenoxyethanol"", ""benzyl alcohol"", ""parfum"", ""coconut acid"", ""allantoin"", ""lactobacillus/ wasabia japonica root ferment extract"", ""niacinamide"", ""panthenol"", ""tocopheryl acetate"", ""zinc gluconate"", ""benzyl salicylate"", ""dehydroacetic acid"", ""sodium hydroxide"", ""citric acid""]"
p00746,Clinique Liquid Facial Soap Oily Skin Formula 200ml,Clinique,17.5,Cleanser,"[""water"", ""sodium laureth sulfate"", ""lauramidopropyl betaine"", ""cocamidopropyl hydroxysultaine"", ""sodium chloride"", ""sodium cocoyl sarcosinate"", ""tea cocoyl glutamate"", ""butylene glycol"", ""aloe barbadensis leaf juice"", ""peg-120 methyl glucose dioleate"", ""sucrose"", ""menthol"", ""hexylene glycol"", ""polyquaternium-7"", ""laureth-2"", ""caprylyl glycol"", ""sodium sulfonate"", ""edta"", ""disodium edta"", ""phenoxyethanol""]"
p00747,Clinique Rinse-Off Foaming Cleanser 150ml,Clinique,17.5,Cleanser,"[""water\\aqua\\eau"", ""potassium myristate"", ""glycerin"", ""potassium behenate"", ""sodium methyl cocoyl taurate"", ""potassium palmitate"", ""potassium laurate"", ""potassium sterate"", ""peg-3 distearate"", ""cholesteryl hydroxystearate"", ""butylene glycol"", ""sodium hyaluronate"", ""trisodium edta"", ""disodium edta"", ""phenoxyethanol"", ""violet 2"", ""red 4""]"
p00748,Avène Gentle Milk Cleanser,Avène,11.5,Cleanser,"[""avene thermal spring water . mineral oil . propylene glycol. peg-6 stearate. peg-32 stearate.\u00a0butylparaben. carbomer. fragrance . phenoxyethanol. propylene glycol stearate se. sodium hyaluronate. stearic acid.\u00a0triethanolamine. trisodium edta""]"
p00749,Bulldog Sensitive Face Wash 150ml,Bulldog,3.38,Cleanser,"[""water"", ""cocamidopropyl betaine"", ""coco-glucoside"", ""glycerin"", ""sodium lauroyl sarcosinate"", ""acrylates/c10-30 alkyl acrylate crosspolymer"", ""phenoxyethanol"", ""sodium chloride"", ""benzoic acid"", ""dehydroacetic acid"", ""adansonia digitata  seed oil"", ""avena sativa  kernel oil"", ""triticum vulgare  germ oil"", ""epilobium angustifolium  flower/leaf/stem extract"", ""sodium metabisulfite"", ""tocopherol"", ""sodium hydroxide""]"
p00750,Garnier Micellar Gel Face Wash Sensitive Skin 200ml,Garnier,3.99,Cleanser,"[""aqua / water"", ""glycerin"", ""peg-200 hydrogenated glyceryl palmate"", ""coco-betaine"", ""sodium laureth sulfate"", ""polysorbate 20"", ""peg-7 glyceryl cocoate"", ""citric acid"", ""cocamide mea"", ""peg-55 propylene glycol oleate"", ""polyquaternium-11"", ""ppg-5-ceteth-20"", ""propylene glycol"", ""sodium benzoate"", ""sodium chloride"", ""sodium hydroxide"", ""vitis vinifera fruit water / grape fruit water""]"
p00751,Sukin Foaming Facial Cleanser (125ml),Sukin,7.95,Cleanser,"[""water"", ""aloe barbadensis leaf juice"", ""sesamum indicum  seed oil"", ""cetearyl alcohol"", ""glycerin"", ""cetyl alcohol"", ""ceteareth-20"", ""rosa canina fruit oil"", ""theobroma cacao  seed butter"", ""butyrospermum parkii"", ""simmondsia chinensis  seed oil"", ""persea gratissima  oil"", ""triticum vulgare  germ oil"", ""tocopherol"", ""equisetum arvense extract"", ""arctium lappa root extract"", ""urtica dioica  leaf extract"", ""citrus tangerina  peel oil"", ""citrus nobilis  peel oil"", ""lavandula angustifolia  oil"", ""vanillin"", ""vanilla planifolia fruit extract"", ""phenoxyethanol"", ""benzyl alcohol"", ""limonene"", ""linalool""]"
p00752,Clinique for Men Face Wash 200ml,Clinique,16.5,Cleanser,"[""water\\aqua\\eau"", ""sodium laureth sulfate"", ""sodium chloride"", ""cocamidopropyl hydroxysultaine"", ""lauramidopropyl betaine"", ""sodium cocoyl sarcosinate"", ""tea-cocoyl glutamate"", ""aloe barbadensis leaf juice"", ""sodium hyaluronate"", ""sucrose"", ""di-ppg-2 myreth-10 adipate"", ""hexylene glycol"", ""chamomilla recutita"", ""butylene glycol"", ""caprylyl glycol"", ""cetyl triethylmonium dimethicone peg-8 succinate"", ""sodium sulfate"", ""polyquaternium-7"", ""laureth-2"", ""peg-120 methyl glucose dioleate"", ""tocopheryl acetate"", ""edta"", ""disodium edta"", ""sodium benzoate"", ""phenoxyethanol""]"
p00753,Neutrogena Pink Grapefruit Medicated Facial Wipes,Neutrogena,3.99,Cleanser,"[""water"", ""alcohol denat"", ""butylene glycol"", ""salicylic acid"", ""ppg-26-buteth-26"", ""peg-7 glyceryl cocoate"", ""sodium hydroxide"", ""peg-40 hydrogenated castor oil"", ""benzoic acid"", ""menthol"", ""disodium edta"", ""phenoxyethanol"", ""parfum""]"
p00754,Murad Clarifying Cleanser 200ml,Murad,25.0,Cleanser,"[""water"", ""cocamidopropyl betaine"", ""sodium c14-16 olefin sulfonate"", ""salicylic acid"", ""methyl gluceth-20"", ""ppg-26-buteth-26"", ""peg-40 hydrogenated castor oil"", ""butyleneglycol"", ""cimicifuga racemosa root extract"", ""camellia oleifera leaf extract"", ""silver citrate"", ""menthol"", ""peg-150 distearate"", ""zea mays starch"", ""hydrolyzed corn starch"", ""hydrolyzed corn starch octenylsuccinate"", ""glyceryl stearate"", ""cocamidopropyl dimethylamine"", ""polysorbate 80"", ""citric acid"", ""disodium edta"", ""methylparaben"", ""limonene"", ""citrus reticulata  leaf oil"", ""cymbopogon nardus  oil"", ""citrusmedica limonum  peel oil"", ""citrusaurantifolia  oil"", ""lavandula hybrida oil"", ""citrus nobilis  peel oil"", ""prunus armeniaca  kernel oil"", ""parfum""]"
p00755,L'Oréal Paris Fine Flowers Cleansing Wash 150ml,L'Oréal Paris,3.99,Cleanser,"[""aqua / water"", ""glycerin"", ""disodium cocoamphodiacetate"", ""coco-betaine"", ""peg-7 glyceryl cocoate"", ""sodium laureth sulfate"", ""glycol distearate"", ""jasminum officinale extract / jasmine flower extract"", ""ppg-5-ceteth-20"", ""peg-55 propylene glycol oleate"", ""peg-75 shea butter glycerides"", ""rosa gallica flower extract"", ""sorbitol"", ""sodium chloride"", ""sodium hydroxide"", ""propylene glycol"", ""citric acid"", ""pentylene glycol"", ""polyquaternium-7"", ""acrylates copolymer"", ""sodium benzoate""]"
p00756,Clinique Redness Solutions Soothing Cleanser 150ml,Clinique,19.0,Cleanser,"[""water\\aqua\\eau"", ""squalane"", ""glycerin"", ""butylene glycol"", ""phenyl trimethicone"", ""ammonium acryloyldimethyltaurate/vp copolymer"", ""cucumis sativus  fruit extract"", ""hordeum vulgare  extract\\extrait d'orge"", ""sucrose stearate"", ""sea whip extract"", ""cholesterol"", ""helianthus annuus  seedcake"", ""acetyl glucosamine"", ""lactobacillus ferment"", ""ppg-20 methyl glucose ether"", ""caffeine"", ""propylene glycol dicaprate"", ""caprylyl glycol"", ""disodium edta"", ""bht"", ""phenoxyethanol"", ""yellow 5"", ""green 5"", ""blue 1""]"
p00757,REN Evercalm™ Gentle Cleansing Milk 150ml,REN,20.0,Cleanser,"[""water"", ""cetearyl ethylhexanoate"", ""cetearyl alcohol"", ""caprylic/ capric triglyceride"", ""sesamum indicum  seed oil"", ""cetearyl glucoside"", ""butyrospermum parkii"", ""myristyl myristate"", ""glycerin"", ""ribes nigrum  seed oil"", ""phenoxyethanol"", ""helianthus annuus  seed oil"", ""oryzanol"", ""bisabolol"", ""sodium hydroxymethylglycinate"", ""hippophae rhamnoides fruit extract"", ""calendula officinalis flower extract"", ""citric acid"", ""tocopherol"", ""xanthan gum"", ""limonene"", ""linalool"", ""anthemis nobilis flower oil"", ""pelargonium graveolens flower oil"", ""foeniculum vulgare  fruit extract"", ""citronellol"", ""citrus nobilis  peel oil"", ""anthemis nobilis flower extract"", ""cinnamomum camphora linalloliferum  leaf oil""]"
p00758,Bulldog Original 2-in-1 Beard Shampoo and Conditioner 200ml,Bulldog,4.5,Cleanser,"[""water"", ""cocamidopropyl betaine"", ""sodium lauroyl methyl isethionate"", ""aloe barbadensis leaf juice"", ""sodium chloride"", ""acrylates copolymer"", ""stearamidopropyl dimethylamine"", ""sodium benzoate"", ""parfum"", ""potassium sorbate"", ""trisodium ethylenediamine disuccinate"", ""camelina sativa seed oil"", ""limonene"", ""glycerin"", ""camellia sinensis  leaf extract"", ""citric acid"", ""tocopherol""]"
p00759,La Roche-Posay Effaclar Micellar Water 200ml,La Roche-Posay,12.5,Cleanser,"[""aqua / water"", ""peg-7 caprylic/capric glycerides"", ""poloxamer 124"", ""poloxamer 184"", ""peg-6 caprylic/capric glycerides"", ""glycerin"", ""polysorbate 80"", ""zinc pca"", ""sodium hydroxide"", ""disodium edta"", ""bht"", ""myrtrimonium bromide"", ""parfum / fragrance""]"
p00760,Murad Age Reform Aha/Bha Exfoliating Cleanser (200ml),Murad,38.0,Cleanser,"[""water"", ""sodium laureth sulfate"", ""cocamidopropyl betaine"", ""jojoba esters"", ""acrylates copolymer"", ""glycol stearate"", ""butylene glycol"", ""sodium pca"", ""dipotassium glycyrrhizate"", ""sodium ascorbyl phosphate"", ""glycolic acid"", ""lactic acid"", ""salicylic acid"", ""polyquaternium-4"", ""sodium hydroxide"", ""sodium chloride"", ""citric acid"", ""disodium edta"", ""phenoxyethanol"", ""methylparaben"", ""propylparaben""]"
p00761,Elemis Balancing Lime Blossom Cleanser 200ml,Elemis,25.0,Cleanser,"[""water"", ""zea mays  oil"", ""propylene glycol"", ""helianthus annuus  seed oil"", ""isopropyl myristate"", ""glycerin"", ""lecithin"", ""egg yolk  extract"", ""tilia cordata flower extract"", ""xanthan gum"", ""ethoxydiglycol"", ""sodium hydroxide"", ""fragrance"", ""carbomer"", ""diazolidinyl urea"", ""dichlorobenzyl alcohol"", ""methylparaben"", ""propylparaben"", ""phenoxyethanol"", ""tocopherol"", ""sodium benzoate"", ""triclosan"", ""2-bromo-2-nitropropane-1"", ""3-diol"", ""blue 1"", ""yellow 5"", ""alpha-isomethyl ionone"", ""butylphenyl methylpropional"", ""amyl cinnamal"", ""citronellol"", ""dipentene"", ""cinnamyl alcohol"", ""linalool""]"
p00762,PIXI Glow Tonic Cleansing Gel 135ml,PIXI,18.0,Cleanser,"[""aqua/water/eau"", ""methyl gluceth-10"", ""ethoxydiglycol"", ""dipropylene glycol"", ""butoxydiglycol"", ""glycereth-26"", ""diglycerin"", ""glycerin"", ""aloe barbadensis leaf extract"", ""vitis vinifera  fruit extract"", ""actinidia chinensis  fruit extract"", ""pyrus malus  fruit extract"", ""citrus aurantium dulcis  fruit extract"", ""citrus limon  fruit extract"", ""citrus paradisi  fruit extract"", ""glycolic acid"", ""aesculus hippocastanum  extract"", ""panax ginseng root extract"", ""hamamelis virginiana  extract"", ""ananas sativus  fruit extract"", ""nelumbo nucifera flower water"", ""lactobacillus ferment"", ""diethoxydiglycol"", ""carbomer"", ""tromethamine"", ""phenoxyethanol"", ""polysorbate 80"", ""parfum/fragrance"", ""ethylhexylglycerin"", ""butylene glycol"", ""disodium edta"", ""allantoin"", ""panthenol"", ""betaine""]"
p00763,Medik8 Pore Cleanse Gel Intense 150ml,Medik8,21.0,Cleanser,"[""water"", ""sodium c14-16 olefin sulfonate"", ""sodium cocoamphoacetate"", ""cocamidopropyl hydroxysultaine"", ""sodium chloride"", ""glycerin"", ""mandelic acid"", ""lactic acid"", ""trifolium pratense  flower extract"", ""garcinia mangostana  peel extract"", ""salicylic acid"", ""isopentyldiol"", ""lavandula angustifolia  oil"", ""ethylhexylglycerin"", ""mentha viridis  leaf oil"", ""citric acid"", ""disodium edta"", ""pogostemon cablin  oil"", ""sodium hydroxide"", ""phenoxyethanol"", ""linalool""]"
p00764,DHC Face Wash Powder (50g),DHC,11.0,Cleanser,"[""zea mays  starch"", ""maltitol"", ""potassium myristate"", ""sodium cocoyl glycinate"", ""sodium cocoyl isethionate"", ""sorbitol"", ""protease"", ""dipotassium glycrrhizate"", ""glycyl glycine"", ""silica"", ""water/aqua/eau"", ""alcohol"", ""honey/mel/miel"", ""sodium hyaluronate"", ""lavandula angustifolia  flower extract""]"
p00765,bareMinerals Clay Chameleon Transforming Purifying Cleanser 120g,bareMinerals,11.4,Cleanser,"[""water"", ""glyceryl stearate se"", ""glycerin"", ""glycol distearate"", ""peg-60 glyceryl isostearate"", ""butylene glycol"", ""peg-32"", ""peg-6"", ""myristic acid"", ""cetyl alcohol"", ""ppg-15-buteth-20"", ""sodium methyl cocoyl taurate"", ""stearyl alcohol"", ""kaolin"", ""potassium hydroxide"", ""disodium edta"", ""montmorillonite"", ""succinoglycan"", ""bambusa vulgaris extract"", ""carica papaya  fruit extract"", ""magnesium aluminum silicate"", ""sea salt"", ""tocopherol"", ""fragrance"", ""limonene"", ""linalool"", ""phenoxyethanol"", ""mica"", ""iron oxides ""]"
p00766,Caudalie Micellar Cleansing Water 400ml ,Caudalie,19.0,Cleanser,"[""water"", ""glycerin"", ""poloxamer 188"", ""vitis vinifera  fruit water"", ""capryl/capramidopropyl betaine"", ""cocoyl proline"", ""methylpropanediol"", ""sodium chloride"", ""polyaminopropyl biguanide"", ""parfum"", ""chamomilla recutita  flower extract"", ""caprylyl glycol"", ""vitis vinifera  juice"", ""sodium hydroxide"", ""citric acid"", ""phenylpropanol"", ""sodium benzoate"", ""potassium sorbate""]"
p00767,Garnier Pure Active 3in1 Charcoal Blackhead Mask Wash Scrub 150ml,Garnier,4.99,Cleanser,"[""aqua / water"", ""kaolin"", ""glycerin"", ""butylene glycol"", ""zea mays starch / corn starch"", ""decyl glucoside"", ""ci 77499 / iron\u00a0oxides"", ""perlite"", ""sodium laureth sulfate"", ""peg-7 glyceryl cocoate"", ""carrageenan"", ""charcoal powder"", ""citric acid"", ""phenoxyethanol"", ""polyglycerin-10"", ""polyglyceryl-10 myristate"", ""polyglyceryl-10 stearate"", ""propylene glycol"", ""pumice"", ""salicylic acid"", ""sodium dehydroacetate"", ""sodium hydroxide"", ""sorbitol"", ""tetrasodium edta"", ""tocopherol"", ""vaccinium myrtillus\u00a0fruit extract"", ""xanthan gum"", ""zinc gluconate"", ""parfum / fragrance""]"
p00768,PIXI Vitamin-C Juice Cleanser 150ml,PIXI,18.0,Cleanser,"[""aqua/water/eau"", ""citrus aurantium dulcis  flower water"", ""peg-6 caprylic/capric glycerides"", ""propanediol"", ""ascorbic acid"", ""ferulic acid"", ""sodium hyaluronate"", ""bifida ferment lysate"", ""tocopheryl acetate"", ""citrus aurantium dulcis  peel oil"", ""citrus grandis  peel oil"", ""lactic acid"", ""olea europaea  fruit oil"", ""citrus limon  peel oil"", ""allantoin"", ""oryza sativa  callus culture extract"", ""salix alba  bark extract phenoxyethanol"", ""1"", ""2-hexanediol"", ""sodium citrate"", ""litsea cubeba fruit oil"", ""ethylhexylglycerin"", ""betaine"", ""pentylene glycol"", ""caprylyl glycol"", ""butylene glycol"", ""disodium edta""]"
p00769,Lancôme Crème Mousse Confort Creamy Foaming Cleanser 125ml,Lancôme,22.5,Cleanser,"[""aqua / water / eau"", ""glycerin"", ""sodium cocoyl glycinate"", ""myristic acid"", ""montmorillonite"", ""butylene glycol"", ""palmitic acid"", ""glycol stearate"", ""lauric acid"", ""stearic acid"", ""ci 77891 / titanium dioxide"", ""potassium hydroxide"", ""parfum / fragrance"", ""butyrospermum parkii butter / shea butter"", ""phenoxyethanol"", ""sodium hydroxide"", ""sodium hexametaphosphate"", ""butylparaben"", ""salicylic acid"", ""tetrasodium edta"", ""propylparaben"", ""p-anisic acid"", ""o-cymen-5-ol"", ""rosa canina fruit oil"", ""hexyl cinnamal"", ""tocopherol"", ""propylene glycol"", ""alpha-isomethyl ionone"", ""geraniol"", ""farnesol"", ""rosa gallica extract / rosa gallica flower extract"", ""ci 17200 / red 33"", ""nelumbium speciosum extract / nelumbium speciosum flower extract"", ""ci 14700 / red 4""]"
p00770,Eve Lom Cleanser 100ml,Eve Lom,55.0,Cleanser,"[""paraffinum liquidum"", ""peg-30 lanolin"", ""cetearyl alcohol"", ""bis-diglyceryl polyacyladipate-2"", ""aluminum stearate"", ""theobroma cacao  seed butter"", ""peg-75 lanolin"", ""eugenia caryophyllus  leaf oil"", ""humulus lupulus  oil"", ""chamomilla recutita  flower oil"", ""eucalyptus globulus leaf oil"", ""bht""]"
p00771,PIXI Glow Mud Cleanser 135ml,PIXI,18.0,Cleanser,"[""aloe barbadensis leaf juice"", ""carthamus tinctorius  seed oil"", ""cetyl alcohol"", ""glyceryl stearate"", ""diatomaceous earth"", ""glycerin"", ""glycolic acid"", ""sodium glycolate"", ""lauroamphocarboxyglycinate and sodium trideceth sulfate"", ""squalane"", ""anthemis nobilis flower  extract"", ""saponaria officinalis leaf/root extract"", ""hexylene glycol"", ""fructose"", ""glucose"", ""sucrose"", ""urea"", ""dextrin"", ""alanine"", ""glutamic acid"", ""aspartic acid"", ""hexyl nicotinate"", ""persea gratissima  oil"", ""triticum vulgare  germ oil"", ""corylus avellana  seed oil"", ""sesamum indicum  seed oil"", ""phenoxyethanol"", ""caprylyl glycol"", ""ethylhexylglycerin"", ""xanthan gum"", ""fragrance"", ""chlorphenesin"", ""guar gum"", ""sodium hyaluronate"", ""citric acid""]"
p00772,La Roche-Posay Toleriane Foaming Gel Cleanser 150ml,La Roche-Posay,12.5,Cleanser,"[""aqua / water"", ""glycerin"", ""disodium cocoamphodiacetate"", ""peg-120 methyl glucose dioleate"", ""poloxamer 184"", ""butylene glycol"", ""coco-betaine"", ""glycol distearate"", ""sodium chloride"", ""sodium laureth sulfate"", ""sodium glycolate"", ""peg-150 pentaerythrityl tetrastearate"", ""disodium edta"", ""citric acid""]"
p00773,Garnier Vitamin Enriched Cleansing Wipes (25 Pack),Garnier,2.69,Cleanser,"[""ethyl acetate"", ""butyl acetate"", ""nitrocellulose"", ""propyl acetate"", ""tosylamide/epoxy resin"", ""isopropyl alcohol"", ""tributyl citrate"", ""adipic acid/neopentyl glycol/trimellitic anhydride copolymer"", ""acrylates copolymer"", ""stearalkonium hectorite"", ""benzophenone-1"", ""dimethicone"", ""hydrogenated acetophenone/oxymethylene copolymer"", ""polyethylene terephthalate"", ""polypropylene"", ""acetyl tributyl citrate"", ""silica"", ""synthetic fluorphlogopite"", ""phthalic anhydride/glycerin/glycidyl decanoate copolymer"", ""calcium sodium borosilicate"", ""calcium aluminum borosilicate"", ""citric acid"", ""oxidized polyethylene"", ""magnesium silicate"", ""colophonium / rosin"", ""polyurethane-11"", ""alumina"", ""tin oxide"", ""silica silylate"", ""lauroyl lysine"", ""polyethylene"", ""ci 77002 / aluminum hydroxide"", ""acetone""]"
p00774,Clinique for Men Charcoal Face Wash 200ml,Clinique,18.0,Cleanser,"[""water\\aqua\\eau"", ""cocamidopropyl hydroxysultaine"", ""coco-betaine"", ""sodium lauroyl oat amino acids"", ""decyl glucoside"", ""sodium cocoyl sarcosinate"", ""acrylates copolymer"", ""sodium chloride"", ""disodium cocoyl glutamate"", ""glycerin"", ""caffeine"", ""sodium cocoyl glutamate"", ""monosodium citrate"", ""butylene glycol"", ""citric acid"", ""charcoal powder"", ""sodium hydroxide"", ""disodium edta"", ""methylchloroisothiazolinone"", ""methylisothiazolinone"", ""phenoxyethanol"", ""iron oxides""]"
p00775,Avene Antirougeurs Clean Cleanser 200ml,Avene,14.5,Cleanser,"[""avene thermal spring water"", ""c12-15 alkyl benzoate"", ""caprylic/capric triglyceride"", ""poloxamer 188"", ""4-t-butylcyclohexanol"", ""acrylates/c10-30 alkyl acrylate crosspolymer"", ""benzoic acid"", ""c12-20 alkyl glucoside"", ""c14-22 alcohols"", ""carbomer"", ""chlorphenesin"", ""disodium edta"", ""octyldodecanol"", ""pongamia glabra seed oil"", ""sodium hydroxide""]"
p00776,Lancôme Gel Eclat Express Clarfying Self-Foaming Cleanser 125ml,Lancôme,22.05,Cleanser,"[""aqua / water / eau"", ""peg-12 methyl glucose dioleate"", ""sodium lauroyl oat amino acids"", ""sodium cocoyl isethionate"", ""decyl glucoside"", ""potassium laurate"", ""potassium myristate"", ""ananas sativus fruit extract / pineapple fruit extract"", ""coconut acid"", ""saccharum officinarum extract / sugar cane extract / extrait de canne a sucre"", ""sodium isethionate"", ""phenoxyethanol"", ""peg-32"", ""polysorbate 2"", ""limonene"", ""camellia sinensis leaf extract"", ""linalool"", ""benzyl salicylate"", ""benzyl alcohol"", ""propanediol"", ""papain"", ""pyrus malus extract / apple fruit extract"", ""disodium edta"", ""methylparaben"", ""citrus medica limonum peel extract / lemon peel extract"", ""hexyl cinnamal"", ""parfum / fragrance""]"
p00777,philosophy Purity One-Step Facial Cleanser 240ml,philosophy,19.0,Cleanser,"[""water"", ""sodium lauroamphoacetate"", ""sodium trideceth sulfate"", ""limnanthes alba  seed oil"", ""coco-glucoside"", ""cocos nucifera  alcohol"", ""peg-120 methyl glucose dioleate"", ""aniba rosaeodora  wood oil"", ""geranium maculatum oil"", ""guaiac  extract"", ""cymbopogon martini oil"", ""rosa damascena extract"", ""amyris\u00a0balsamifera bark oil"", ""santalum album  oil"", ""salvia officinalis  oil"", ""cinnamomum cassia leaf oil"", ""anthemis nobilis flower oil"", ""daucus carota sativa  seed oil"", ""piper nigrum  seed extract"", ""polysorbate\u00a020"", ""glycerin"", ""carbomer"", ""triethanolamine"", ""methylparaben"", ""propylparaben"", ""citric acid"", ""imidazolidinyl urea"", ""yellow 5\u00a0""]"
p00778,Bulldog Energising Face Wash 150ml,Bulldog,3.38,Cleanser,"[""water"", ""cocamidopropyl betaine"", ""coco-glucoside"", ""glycerin"", ""sodium lauroyl sarcosinate"", ""acrylates/c10-30 alkyl acrylate\u00a0crosspolymer"", ""phenoxyethanol"", ""sodium chloride"", ""sodium hydroxide"", ""parfum"", ""benzoic acid"", ""dehydroacetic acid"", ""limonene"", ""zea mays  kernel extract"", ""oryza sativa  extract"", ""caulerpa lentillifera  extract"", ""sodium\u00a0benzoate"", ""potassium sorbate"", ""sodium levulinate"", ""citric acid"", ""sorbic acid""]"
p00779,Bobbi Brown Soothing Cleansing Oil 200ml,Bobbi Brown,35.0,Cleanser,"[""isopropyl palmitate"", ""triethylhexanoin"", ""isodecyl isononanoate"", ""peg-20 glyceryl triisostearate"", ""polybutene"", ""triisostearin"", ""peg-8 diisostearate"", ""peg-12 diisostearate"", ""aleurites molucana seed oil"", ""simmondsia chinensis seed oil"", ""olea europaea fruit oil"", ""helianthus annuus seed oil"", ""zingiber officinale root extract"", ""bixa orellana seed extract"", ""lavandula angustfolia"", ""jasminum officinale flower wax"", ""glycerin"", ""methyldihydrojasmonate"", ""pentylene glycol"", ""glyceryl laurate"", ""bisobolol"", ""tocopheryl acetate"", ""linalool"", ""water""]"
p00780,L'Oréal Paris Fine Flowers Cleansing Cream 200ml,L'Oréal Paris,7.99,Cleanser,"[""aqua / water"", ""paraffinum liquidum / mineral oil"", ""isopropyl myristate"", ""dicaprylyl carbonate"", ""propylene glycol"", ""zea mays germ oil / corn germ oil"", ""carbomer"", ""triethanolamine"", ""jasminum officinale\u00a0 extract / jasmine flower extract"", ""rosa gallica flower extract"", ""sorbitol"", ""lecithin"", ""disodium cocoamphodiacetate"", ""carrageenan"", ""pentylene glycol"", ""polysorbate 20"", ""tocopherol"", ""pentaerythrityl tetra-di-t-butyl hydroxyhydrocinnamate"", ""methylparaben"", ""phenoxyethanol"", ""ethylparaben"", ""ci 17200 / red 33"", ""linalool"", ""limonene"", ""citral"", ""parfum / fragrance""]"
p00781,Antipodes Hallelujah Lime & Patchouli Cleanser 200ml,Antipodes,22.99,Cleanser,"[""water"", ""simmondsia chinensis  seed oil"", ""glycerin"", ""glyceryl stearate"", ""macadamia integrifolia  nut oil"", ""persea gratissima  oil"", ""cetearyl glucoside"", ""cetearyl alcohol"", ""cetyl alcohol"", ""dehydroacetic acid"", ""benzyl alcohol"", ""tocopherol"", ""helianthus annuus  seed oil"", ""daucus carota  seed oil"", ""citrus grandis"", ""seed extract"", ""macropiper excelsum  leaf extract. fragrance of lime & patchouli: citral"", ""d-limonene"", ""linalool""]"
p00782,Filorga Foam Cleanser 150ml,Filorga,20.0,Cleanser,"[""water"", ""sodium laureth sulfate"", ""butylene glycol"", ""peg-8"", ""caprylyl/capryl glucoside"", ""coco-betaine"", ""sodium chloride"", ""sodium methyl cocoyl taurate"", ""parfum"", ""phenoxyethanol"", ""sodium hyaluronate"", ""1"", ""2-hexanediol"", ""caprylyl glycol"", ""ethylhexylglycerin"", ""citric acid"", ""sodium cocoyl isethionate"", ""maltodextrin"", ""methylisothiazolinone"", ""lilium candidum flower extract""]"
p00783,Estée Lauder Nutritious Super-Pomegranate Radiant Energy 2-In-1 Cleansing Foam 125ml,Estée Lauder,23.4,Cleanser,"[""water\\aqua\\eau"", ""myristic acid"", ""glycerin"", ""behenic acid"", ""palmitic acid"", ""potassium hydroxide"", ""sodium methyl cocoyl taurate"", ""lauric acid"", ""stearic acid"", ""montmorillonite"", ""vaccinium angustifolium  fruit extract"", ""vaccinium macrocarpon  fruit extract"", ""lycium chinense  fruit extract"", ""punica granatum  extract"", ""paeonia suffruticosa  root extract"", ""sapindus mukorossi fruit extract"", ""hypnea musciformis  extract"", ""serenoa serrulata  fruit extract"", ""ergothioneine"", ""caffeine"", ""gellidiella acerosa extract"", ""dipotassium glycyrrhizate"", ""caesalpinia spinosa gum"", ""urea"", ""tocopheryl acetate"", ""yeast extract\\faex\\extrait de levure"", ""trehalose"", ""sodium hyaluronate"", ""fragrance"", ""peg-3 distearate"", ""sodium pca"", ""butylene glycol"", ""polyquaternium-7"", ""tetrahexyldecyl ascorbate"", ""polyquaternium-51"", ""disodium edta"", ""phenoxyethanol"", ""methylchloroisothiazolinone"", ""methylisothiazolinone"", ""citral"", ""yellow 5"", ""red 4""]"
p00784,Garnier Micellar Water Oil Infused Facial Cleanser and Makeup Remover 400ml,Garnier,5.99,Cleanser,"[""aqua / water"", ""cyclopentasiloxane"", ""isohexadecane"", ""argania spinosa oil / argania spinosa kernel oil"", ""benzyl alcohol"", ""benzyl salicylate"", ""butyl methoxydibenzoylmethane"", ""ci 60725 / violet 2"", ""decyl glucoside"", ""dipotassium phosphate"", ""disodium edta"", ""ethylhexyl methoxycinnamate"", ""ethylhexyl salicylate"", ""geraniol"", ""haematococcus pluvialis / haematococcus pluvialis extract"", ""hexylene glycol"", ""limonene"", ""linalool"", ""pentaerythrityl tetra-di-t-butyl hydroxyhydrocinnamate"", ""polyaminopropyl biguanide"", ""potassium phosphate"", ""sodium chloride"", ""parfum / fragrance""]"
p00785,Omorovicza Cleansing Foam Duo,Omorovicza,73.0,Cleanser,"[""water"", ""glycerin"", ""sodium cocoyl isethionate"", ""sorbitol"", ""disodium lauryl sulfosuccinate"", ""sodium chloride"", ""phenoxyethanol"", ""saccharomyces  ferment extract"", ""limonene"", ""xanthan gum"", ""parfum"", ""copper gluconate"", ""linalool"", ""ethylhexylglycerin"", ""disodium edta"", ""pyrus malus  fruit extract"", ""phospholipids"", ""chlorella vulgaris/lupinus albus protein ferment"", ""pectin""]"
p00786,VICHY Purete Thermale Fresh Cleansing Gel 200ml,VICHY,12.0,Cleanser,"[""water"", ""glycerin"", ""coco-betaine"", ""sodium cocoyl glycinate"", ""peg-120 methyl glucose dioleate"", ""sodium chloride"", ""dipropylene glycol"", ""lauric acid"", ""triethanolamine"", ""moringa pterygosperma seed extract"", ""phenoxyethanol"", ""caprylyl glycol"", ""citric acid"", ""tetrasodium edta"", ""parfum/fragrance""]"
p00787,Garnier Micellar Water Facial Cleanser and Makeup Remover for Combination Skin 400ml,Garnier,4.99,Cleanser,"[""water"", ""hexylene glycol"", ""glycerin"", ""alcohol denat"", ""poloxamer 184"", ""polyaminopropyl biguanide"", ""disodium cocoamphodiacetate"", ""disodium edta""]"
p00788,Sukin Blemish Control Clearing Facial Wash 125ml,Sukin,9.95,Cleanser,"[""water"", ""aloe barbadensis leaf juice"", ""cocamidopropyl betaine"", ""sodium lauroyl methyl isethionate"", ""cydonia oblonga leaf\u00a0extract"", ""punica granatum fruit extract"", ""epilobium angustifolium flower/leaf/stem\u00a0extract"", ""cocos nucifera  fruit extract"", ""camellia sinensis leaf extract"", ""moringa oleifera leaf extract"", ""salvia officinalis  extract"", ""zingiber officinale  root extract"", ""mentha\u00a0piperita leaf extract"", ""tocopherol"", ""glycerin"", ""melaleuca alternifolia  leaf\u00a0oil"", ""eucalyptus citriodora oil"", ""rosmarinus officinalis  leaf oil"", ""lavandula angustifolia  oil"", ""tetrasodium glutamate diacetate"", ""citric acid"", ""phenoxyethanol"", ""benzyl alcohol"", ""limonene"", ""linalool""]"
p00789,Origins GinZing Refreshing Scrub Cleanser 150ml,Origins,17.5,Cleanser,"[""water\\aqua\\eau"", ""cocamidopropyl hydroxysultaine"", ""coco-betaine"", ""decyl glucoside"", ""sodium methyl cocoyl taurate"", ""acrylates copolymer"", ""copernicia cerifera  wax\\ copernicia cerifera cera \\cire de carnauba"", ""sodium lauroyl oat amino acids"", ""jojoba esters"", ""sodium chloride"", ""polysorbate 20"", ""disodium cocoyl glutamate"", ""panax ginseng  root extract"", ""citrus grandis  peel oil"", ""citrus limon  peel oil"", ""citrus aurantium dulcis  peel oil"", ""mentha viridis  leaf oil"", ""limonene"", ""caffeine"", ""butylene glycol"", ""ethylhexylglycerin"", ""glycerin"", ""sodium cocoyl glutamate"", ""monosodium citrate"", ""sodium coco pg-dimonium chloride phosphate"", ""citric acid"", ""sodium hydroxide"", ""disodium edta"", ""tetrasodium edta"", ""sodium benzoate"", ""phenoxyethanol""]"
p00790,L'Oréal Paris Fine Flowers Cleansing Milk 400ml,L'Oréal Paris,5.99,Cleanser,"[""aqua / water"", ""paraffinum liquidum / mineral oil"", ""isopropyl myristate"", ""propylene glycol"", ""zea mays germ oil / corn germ oil"", ""jasminum officinale extract\u00a0 / jasmine flower extract"", ""rosa gallica flower extract"", ""sorbitol"", ""carbomer"", ""triethanolamine"", ""lecithin"", ""disodium cocoamphodiacetate"", ""carrageenan"", ""pentylene glycol"", ""polysorbate 20"", ""pentaerythrityl tetra- di-t-butyl hydroxyhydro-cinnamate"", ""methyl-paraben"", ""phenoxyethanol"", ""ethylparaben"", ""linalool"", ""limonene"", ""citral"", ""parfum / fragrance""]"
p00791,Erno Laszlo Sea Mud Deep Cleansing Bar (100g),Erno,35.0,Cleanser,"[""sodium palmate"", ""sodium palm kernelate"", ""water"", ""silt"", ""charcoal powder"", ""parfum"", ""sodium chloride"", ""glycerin"", ""tetrasodium edta"", ""tetrasodium etidronate"", ""evernia prunastri  extract"", ""benzyl cinnamate"", ""benzyl benzoate"", ""ci 77489"", ""ci 77289"", ""ci 77891 ""]"
p00792,Murad Time Release Blemish Cleanser 200ml,Murad,30.0,Cleanser,"[""water"", ""disodium cocoamphodiacetate"", ""glycerin"", ""cetyl alcohol"", ""cocamidopropyl betaine"", ""cetearyl alcohol"", ""sodium cocoyl isethionate"", ""peg-100 stearate"", ""glyceryl stearate"", ""butylene glycol"", ""sodium hyaluronate"", ""tocopheryl acetate"", ""caprylic/capric triglyceride"", ""retinol"", ""salix alba  bark extract"", ""ascorbic acid"", ""chitosan"", ""silver citrate"", ""sodium pca"", ""betaine"", ""sorbitol"", ""glycine"", ""alanine"", ""proline"", ""serine"", ""threonine"", ""arginine"", ""lysine"", ""glutamic acid"", ""zinc gluconate"", ""argania spinosa kernel extract"", ""serenoa serrulata fruit extract"", ""sesamum indicum  seed extract"", ""cimicifuga racemosa root extract"", ""melaleuca alternifolia  leaf oil"", ""cocamidopropyl dimethylamine"", ""zea mays  starch"", ""hydrolyzed corn starch"", ""hydrolyzed corn starch octenylsuccinate"", ""citric acid"", ""disodium edta"", ""propyl gallate"", ""polysorbate 80"", ""menthol"", ""cetearyl glucoside"", ""glycol distearate"", ""steareth-4"", ""peg-150 distearate"", ""hydroxyethylcellulose"", ""polyacrylate-13"", ""polyisobutene"", ""polysorbate 20"", ""trisodium ethylenediamine disuccinate"", ""phenoxyethanol"", ""caprylyl glycol"", ""chlorphenesin"", ""fragrance""]"
p00793,Elemis Sensitive Cleansing Wash 200ml,Elemis,25.0,Cleanser,"[""aqua/water/eau"", ""cocamidopropyl betaine"", ""sodium lauryl sulfoacetate"", ""sodium lauroyl sarcosinate"", ""sodium chloride"", ""peg-120 methyl glucose dioleate"", ""inulin"", ""phenoxyethanol"", ""sorbitan sesquicaprylate"", ""glyceryl laurate"", ""sodium sulfate"", ""fragrance"", ""chlorphenesin"", ""disodium edta"", ""glycerin"", ""calcium caseinate"", ""sodium dehydroacetate"", ""coumarin"", ""caramel"", ""alchemilla vulgaris  extract"", ""juniperus virginiana oil"", ""citrus aurantium dulcis  oil"", ""chamomilla recutita  flower extract"", ""thymus vulgaris  flower/leaf extract"", ""lavandula hybrida  oil"", ""citrus aurantium amara  leaf/twig oil"", ""potassium sorbate"", ""sodium benzoate"", ""citrus limon  peel oil"", ""citric acid""]"
p00794,Clinique Pep-Start 2-in-1 Exfoliating Cleanser 125ml,Clinique,16.5,Cleanser,"[""water\\aqua\\eau"", ""glycerin"", ""sodium laureth sulfate"", ""silica"", ""acrylates copolymer"", ""lauramidopropyl betaine"", ""butylene glycol"", ""sucrose"", ""cocamidopropyl hydroxysultaine"", ""carica papaya  fruit extract"", ""bambusa arundinacea  stem extract"", ""laminaria saccharina extract"", ""salicylic acid"", ""palmitoyl tetrapeptide-7"", ""palmitoyl tripeptide-1"", ""caffeine"", ""sodium hyaluronate"", ""acetyl glucosamine"", ""sodium coco pg-dimonium chloride phosphate"", ""polysorbate 20"", ""disodium cocoyl glutamate"", ""citric acid"", ""sodium cocoyl glutamate"", ""laureth-2"", ""sodium chloride"", ""sodium hydroxide"", ""sodium sulfate"", ""carbomer"", ""monosodium citrate"", ""disodium edta"", ""edta"", ""bht"", ""phenoxyethanol"", ""orange 4"", ""yellow 5"", ""red 4""]"
p00795,Emma Hardie Moringa Light Cleansing Gel 100ml,Emma Hardie,34.0,Cleanser,"[""vitis vinifera  seed oil"", ""prunus amygdalus dulcis  oil"", ""caprylic/capric triglyceride"", ""silica"", ""peg-6 caprylic/capric glycerides"", ""peg-60 almond glycerides"", ""moringa oleifera seed oil"", ""citrus aurantium dulcis  peel oil expressed"", ""glycerin"", ""phenoxyethanol"", ""benzyl alcohol"", ""citrus aurantium amara  flower oil"", ""citrus aurantium bergamia  fruit oil"", ""water"", ""juniperus virginiana  oil"", ""limonene"", ""linalool"", ""parfum"", ""crithmum maritimum extract"", ""moringa oleifera seed extract"", ""jasminum officinale  flower"", ""rosa damascena flower oil"", ""disodium phosphate"", ""citric acid"", ""citronellol"", ""benzyl benzoate"", ""geraniol"", ""citral"", ""citrus nobilis  peel oil""]"
p00796,Caudalie Instant Foaming Cleanser (50ml),Caudalie,7.5,Cleanser,"[""water"", ""glycerin"", ""sodium cocoyl glutamate"", ""cocamidopropyl betainamide mea chloride"", ""caprylyl/capryl glucoside"", ""caprylyl glycol"", ""parfum"", ""sodium chloride"", ""coco-betaine"", ""potassium sorbate"", ""citric acid"", ""sodium methyl cocoyl taurate"", ""sodium cocoyl isethionate"", ""sodium phytate"", ""butylene glycol"", ""salvia officinalis  leaf extract"", ""chamomilla recutita  flower extract"", ""vitis vinifera  fruit extract"", ""butylphenyl methylpropional"", ""linalool"", ""citronellol""]"
p00797,Neutrogena Hydro Boost Cleanser Wipes (25 Wipes),Neutrogena,4.99,Cleanser,"[""water"", ""isostearyl palmitate"", ""cetyl ethylhexanoate"", ""cyclopentasiloxane"", ""glycerin"", ""isononyl isononanoate"", ""pentaerythrityl tetraethylhexanoate"", ""hexylene glycol"", ""sucrose cocoate"", ""hydrolyzed hyaluronic acid"", ""ethylhexylglycerin"", ""peg-6 caprylic/capric glycerides"", ""peg-4 laurate"", ""carbomer"", ""sodium hydroxide"", ""tocopherol"", ""phenoxyethanol"", ""benzoic acid"", ""dehydroacetic acid"", ""iodopropynyl butylcarbamate"", ""parfum""]"
p00798,Garnier Pure Active Anti Blemish Soap Free Gel Wash Sensitive Skin 150ml,Garnier,4.99,Cleanser,"[""aqua / water"", ""sodium laureth sulfate"", ""peg-8"", ""coco-betaine"", ""sodium chloride"", ""alcohol"", ""caprylyl glycol"", ""citric acid"", ""hamamelis"", ""virginiana water / witch hazel water"", ""hexylene glycol"", ""maltodextrin"", ""peg-120"", ""methyl glucose dioleate"", ""phenoxyethanol"", ""salicylic acid"", ""salix alba bark extract / willow bark extract"", ""sodium benzoate"", ""sodium hydroxide"", ""zinc pca"", ""parfum / fragrance""]"
p00799,Clinique Anti Blemish Solutions Cleansing Gel 125ml,Clinique,19.0,Cleanser,"[""water\\aqua\\eau"", ""glycerin"", ""sodium laureth sulfate"", ""sodium chloride"", ""lauramidopropyl betaine"", ""butylene glycol"", ""sucrose"", ""salicylic acid"", ""gentiana lutea  root extract"", ""laminaria saccharina extract"", ""caffeine"", ""sodium hyaluronate"", ""acetyl glucosamine"", ""laureth-2"", ""peg-120 methyl glucose dioleate"", ""sodium sulfate"", ""benzophenone-4"", ""sodium hydroxide"", ""edta"", ""disodium edta"", ""bht"", ""phenoxyethanol"", ""blue 1""]"
p00800,Pai Skincare Light Work Rosehip Cleansing Oil 145ml,Pai Skincare,36.0,Cleanser,"[""olea europaea  fruit oil"", ""olive oil"", ""helianthus annuus  seed oil"", ""sunflower oil"", ""polyglyceryl-4 oleate"", ""ricinus communis  seed oil"", ""castor oil"", ""rosa canina  fruit extract"", ""rosehip fruit extract"", ""jasminum grandiflorum  flower extract"", ""jasmine oil"", ""citrus aurantifolia  peel oil"", ""lime oil"", ""citrus aurantium dulcis  peel oil"", ""orange oil"", ""pelargonium graveolens oil"", ""geranium oil"", ""cimum basilicum  oil"", ""basil oil"", ""tocopherol - natural vitamin e"", ""rosmarinus officinalis  leaf extract"", ""rosemary oil""]"
p00801,The Ordinary Squalane Cleanser 50ml,The Ordinary,5.8,Cleanser,"[""squalane"", ""water"", ""covo-caprylate/carpate"", ""glycerin"", ""sucrose stearate"", ""ethycal macadamiate"", ""malic acid"", ""trocopherol"", ""hydroxymethoxyphenyl decanone"", ""sucrose laurate"", ""sucrose dilaurate"", ""sucrose trilaurate"", ""hydrogenated starch hydrolysate"", ""polyacrylate crosspolymer-6"", ""isoceteth-20"", ""sodium polyacrylate"", ""trisodium ethylenediamine disuccinate"", ""ethylhexylglycerin"", ""chlorphenesin""]"
p00802,PIXI Makeup Melting Cleansing Cloths (40 Wipes),PIXI,10.0,Cleanser,"[""water"", ""glycerin"", ""chamomilla recutita  flower extract"", ""aloe barbadensis leaf juice/maltodextrin"", ""camellia japonica seed oil"", ""vitis vinifera  seed oil"", ""olive oil peg-7 esters"", ""decyl glucoside"", ""tocopheryl acetate"", ""phenoxyethanol"", ""benzoic acid"", ""dehydroacetic acid"", ""polyaminopropyl biguanide"", ""parfum""]"
p00803,Gallinée Prebiotic Foaming Facial Cleanser 120ml,Gallinée,12.75,Cleanser,"[""water"", ""cocamidopropyl betaine"", ""sodium lauryl glucose carboxylate"", ""lauryl glucoside"", ""glycerin"", ""lactic acid"", ""alpha-glucan oligosaccharide"", ""inulin"", ""styrene/acrylates copolymer"", ""sodium chloride"", ""citric acid"", ""parfum"", ""arginine"", ""sorbic acid"", ""sodium hydroxide"", ""tetrasodium glutamate diacetate"", ""sodium benzoate"", ""limonene""]"
p00804,bareMinerals Pure Plush Cleansing Foam,bareMinerals,20.0,Cleanser,"[""water"", ""glycerin"", ""stearic acid"", ""myristic acid"", ""peg-8"", ""potassium hydroxide"", ""lauric acid"", ""sodium methyl cocoyl taurate"", ""butylene glycol"", ""glyceryl stearate se"", ""sodium polyacrylate starch"", ""disodium edta"", ""polyquaternium-39"", ""citrus grandis  fruit extract"", ""rosmarinus officinalis  leaf extract"", ""sambucus nigra flower extract"", ""sea salt"", ""fragrance"", ""limonene"", ""sodium benzoate"", ""phenoxyethanol""]"
p00805,ESPA Optimal Skin ProCleanser 100ml,ESPA,32.0,Cleanser,"[""caprylic/capric triglyceride"", ""glycerin"", ""jojoba esters"", ""lactobacillus/pumpkin fruit ferment filtrate"", ""water"", ""sucrose laurate"", ""persea gratissima  oil"", ""coconut alkanes"", ""phenoxyethanol"", ""limonene"", ""vaccinium vitis-idaea seed oil"", ""citrus aurantium dulcis  peel oil"", ""sucrose stearate"", ""coco-caprylate/caprate"", ""citrus aurantium amara  flower oil"", ""citrus aurantium bergamia  fruit oil"", ""citrus nobilis  peel oil"", ""fragrance"", ""ethylhexylglycerin"", ""leuconostoc/radish root ferment filtrate"", ""linalool"", ""moringa pterygosperma seed extract"", ""jasminum officinale  flower extract"", ""rosa damascena flower oil"", ""disodium phosphate"", ""citric acid"", ""helianthus annuus  seed oil"", ""rosmarinus officinalis  leaf extract""]"
p00806,NIOD Sanskrit Saponins Cleanser 90ml,NIOD,21.0,Cleanser,"[""water"", ""sapindus mukurossi fruit extract"", ""stearic acid"", ""arginine"", ""glycerin"", ""ppg-26-buteth-26"", ""peg-40 hydrogenated castor oil"", ""polysorbate 60"", ""sodium polyacrylate"", ""acacia concinna fruit extract"", ""balanites aegyptiaca  fruit extract"", ""gypsophila paniculata root extract"", ""trisodium ethylenediamine disuccinate"", ""sorbic acid"", ""potassium sorbate"", ""sodium benzoate"", ""phenoxyethanol"", ""chlorphenesin""]"
p00807,DECLÉOR Cleansing Milk 200ml,DECLÉOR,18.2,Cleanser,"[""aqua / water"", ""hydrogenated polydecene"", ""octyldodecanol"", ""propanediol"", ""prunus amygdalus dulcis oil / sweet almond oil"", ""glycerin"", ""glycol palmitate"", ""beheneth-25"", ""phenoxyethanol"", ""camellia sinensis leaf water"", ""sodium polyacrylate"", ""1"", ""2-hexanediol"", ""caprylyl glycol"", ""cetyl alcohol"", ""triethanolamine"", ""acrylates/c10-30 alkyl acrylate crosspolymer"", ""beheneth-10"", ""xanthan gum"", ""polyquaternium-39"", ""glycine soja oil / soybean oil"", ""tocopherol"", ""limonene"", ""disodium edta"", ""hexyl cinnamal"", ""linalool"", ""citrus aurantium amara flower oil / bitter orange flower oil"", ""sodium benzoate"", ""citral"", ""parfum / fragrance""]"
p00808,Garnier Pure Active Intensive Anti-Blackhead Charcoal Gel Wash 200ml,Garnier,4.99,Cleanser,"[""aqua / water"", ""sodium laureth sulfate"", ""decyl glucoside"", ""glycerin"", ""sodium chloride"", ""coco-betaine"", ""salicylic acid"", ""capryloyl salicylic acid"", ""charcoal powder"", ""citric acid"", ""copper pca"", ""hexylene glycol"", ""menthol"", ""peg-150 pentaerythrityl\u00a0tetrastearate"", ""peg-6 caprylic/capric glycerides"", ""pentasodium ethylenediamine tetramethylene phosphonate"", ""perlite"", ""polyglycerin-10"", ""polyglyceryl-10 myristate"", ""polyglyceryl-10 stearate"", ""polyquaternium-47"", ""propylene glycol"", ""sodium\u00a0benzoate"", ""sodium dehydroacetate"", ""sodium hydroxide"", ""sorbitol"", ""tetrasodium edta"", ""vaccinium myrtillus fruit extract"", ""zinc gluconate"", ""parfum / fragrance""]"
p00809,Gallinée Prebiotic Cleansing Bar 100g,Gallinée,8.5,Cleanser,"[""disodium lauryl sulfosuccinate"", ""maltodextrin"", ""sodium cocoyl isethionate"", ""stearic acid"", ""water"", ""hydrogenated castor oil"", ""cetyl alcohol"", ""alpha-glucan oligosaccharide"", ""inulin"", ""lactic acid"", ""arginine"", ""perfume"", ""citric acid"", ""titanium dioxide"", ""limonene""]"
p00810,Neal's Yard Remedies Rehydrating Rose Facial Wash 100ml,Neal's Yard Remedies,17.0,Cleanser,"[""aqua/water/eau"", ""lauryl glucoside"", ""cocamidopropyl betaine"", ""glycerin"", ""sucrose laurate"", ""alcohol"", ""sodium chloride"", ""rosa damascena flower extract"", ""alcohol denat"", ""aloe barbadensis leaf juice powder"", ""levulinic acid"", ""potassium sorbate"", ""sodium levulinate"", ""rosa damascena flower oil"", ""terpineol"", ""citric acid"", ""citronellol"", ""geraniol""]"
p00811,L'Oréal Paris Age Perfect Cleansing Wipes for Mature Skin (25 Wipes),L'Oréal Paris,4.99,Cleanser,"[""aqua / water"", ""glycerin"", ""peg-100 stearate"", ""rosa gallica extract / rosa gallica flower extract"", ""calcium pantetheine sulfonate"", ""glyceryl stearate"", ""prunus amygdalus dulcis oil / sweet almond oil"", ""ammonium polyacryldimethyltauramide / ammonium polyacryloyldimethyl taurate"", ""disodium cocoamphodiacetate"", ""disodium edta"", ""isopropyl palmitate"", ""citric acid"", ""xanthan gum"", ""cetyl alcohol"", ""tocopherol"", ""sodium benzoate"", ""phenoxyethanol"", ""myrtrimonium bromide"", ""linalool"", ""geraniol"", ""eugenol"", ""limonene"", ""citronellol"", ""benzyl alcohol"", ""parfum / fragrance""]"
p00812,L'Oréal Paris Fine Flowers Sensitive Skin Cleansing Face Wipes x 25,L'Oréal Paris,3.99,Cleanser,"[""aqua / water"", ""glycerin"", ""jasminum officinale extract / jasmine flower extract"", ""paeonia suffruticosa root extract"", ""peg-100 stearate"", ""rosa gallica flower extract"", ""sorbitol"", ""glyceryl stearate"", ""prunus amygdalus dulcis oil / sweet almond oil"", ""ammonium polyacryloyldimethyl taurate"", ""disodium cocoamphodiacetate"", ""disodium edta"", ""isopropyl palmitate"", ""propylene glycol"", ""citric acid"", ""xanthan gum"", ""pentylene glycol"", ""t-butyl alcohol"", ""cetyl alcohol"", ""butylene glycol"", ""tocopherol"", ""sodium benzoate"", ""phenoxyethanol"", ""myrtrimonium bromide"", ""parfum / fragrance""]"
p00813,Avene Cold Cream Ultra Rich Cleansing Bar,Avene,5.0,Cleanser,"[""disodium lauryl sulfosuccinate"", ""maltodextrin"", ""sodium cocoyl isethionate"", ""stearic acid"", ""water"", ""talc"", ""cetearyl alcohol"", ""paraffin"", ""ceteareth-6"", ""peg-45 palm kernel glycerides"", ""avene thermal spring water"", ""beeswax"", ""c20-40 pareth-10"", ""cetyl alcohol"", ""cetyl phosphate"", ""citric acid"", ""fragrance"", ""glyceryl stearate"", ""methylparaben"", ""microcristalline wax"", ""mineral oil"", ""polyethylene"", ""sodium hydroxide"", ""titanium dioxide"", ""triethanolamine""]"
p00814,Estée Lauder Nutritious Micro-Algae Cleansing Bar,Estée Lauder,18.0,Cleanser,"[""water\\aqua\\eau"", ""sucrose"", ""sodium myristate"", ""sorbitol"", ""sodium laurate"", ""sodium palmitate"", ""ppg-9 diglyceryl ether"", ""sodium stearate"", ""potassium myristate"", ""potassium laurate"", ""sodium isostearate"", ""potassium palmitate"", ""potassium stearate"", ""sodium castorate"", ""sodium lauryl glycol carboxylate"", ""algae extract"", ""chlorella vulgaris extract"", ""glycerin"", ""chlorophyllin-copper complex"", ""potassium isostearate"", ""potassium castorate"", ""polyquaternium-6"", ""polyquaternium-39"", ""sodium chloride"", ""tetrasodium etidronate"", ""trisodium edta""]"
p00815,Erno Laszlo Phelityl Cleansing Bar (100g),Erno,35.0,Cleanser,"[""sodium palmate"", ""sodium palm kernelate"", ""water"", ""glycerin"", ""carthamus tinctorius  seed oil"", ""parfum"", ""sodium chloride"", ""ethyl macadamiate"", ""sulfonated castor oil"", ""tetrasodium edta"", ""tetrasodium etidronate"", ""evernia prunastri  extract"", ""benzyl benzoate"", ""ci 77491"", ""ci 77492"", ""ci 77499"", ""ci 77891"", ""ci 77289 ""]"
p00816,PIXI Glow Tonic 250ml,PIXI,18.0,Toner,"[""water/aqua/eau"", ""aloe barbadensis leaf juice"", ""glycolic acid"", ""butylene glycol"", ""glycerin"", ""sodium hydroxide"", ""hamamelis virginiana  leaf extract"", ""aesculus hippocastanum  seed extract"", ""hexylene glycol"", ""fructose"", ""glucose"", ""sucrose"", ""urea"", ""dextrin"", ""alanine"", ""glutamic acid"", ""aspartic acid"", ""hexyl nicotinate"", ""panax ginseng root extract"", ""ethylhexylglycerin"", ""disodium edta"", ""biotin"", ""panthenol"", ""ppg-26-buteth-26"", ""peg-40 hydrogenated castor oil"", ""phenoxyethanol"", ""fragrance"", ""caramel"", ""red 4 ""]"
p00817,PIXI Retinol Tonic 100ml,PIXI,10.0,Toner,"[""aqua/water/eau"", ""rosemarinus officinalis  leaf water"", ""glycerin"", ""propanediol"", ""methyl gluceth-20"", ""peg-8"", ""panthenol"", ""magnesium ascorbyl phosphate"", ""sodium hyaluronate"", ""lecithin"", ""oenothera biennis  flower extract"", ""hibiscus rosa-sinensis flower extract"", ""sodium acrylates copolymer"", ""palmitoyl tripeptide-27"", ""hydroxypropyl cyclodextrin"", ""retinol"", ""phenoxyethanol"", ""caprylic/capric triglyceride"", ""jasminum officinale  flower/leaf extract"", ""lavandula angustifolia  flower/leaf/stem extract"", ""eugenia caryophyllus  flower extract"", ""vitis vinifera  fruit extract"", ""sodium citrate"", ""peg-40 hydrogenated castor oil"", ""disodium edta"", ""citric acid"", ""polysorbate 20"", ""ethylhexylglycerin""]"
p00818,La Roche-Posay Effaclar Clarifying Lotion 200ml,La Roche-Posay,12.5,Toner,"[""water"", ""alcohol denat"", ""glycerin"", ""sodium citrate"", ""propylene glycol"", ""peg-60 hydrogenated castor oil"", ""disodium edta"", ""capryloyl salicylic acid"", ""citric acid"", ""salicylic acid"", ""fragrance""]"
p00819,La Roche-Posay Serozinc Toner 50ml,La Roche-Posay,5.0,Toner,"[""water"", ""sodium chloride"", ""zinc sulphate""]"
p00820,Caudalie Supersize Grape Water (200ml),Caudalie,11.0,Toner,"[""vitis vinifera  fruit water"", ""vitis vinifera  juice"", ""nitrogen""]"
p00821,Liz Earle Instant Boost Skin Tonic 200ml Bottle,Liz Earle,16.0,Toner,"[""water"", ""aloe barbadensis  leaf juice"", ""glycerin"", ""peg-40 hydrogenated castor oil"", ""tocopherol"", ""cucumis sativus  fruit extract"", ""anthemis nobilis  flower extract"", ""calendula officinalis  flower extract"", ""humulus lupulus  extract"", ""phenoxyethanol"", ""panthenol"", ""allantoin"", ""parfum"", ""benzoic acid"", ""tocopheryl acetate"", ""dehydroacetic acid"", ""sodium hydroxide"", ""ethylhexylglycerin"", ""linalool"", ""limonene"", ""citronellol"", ""geraniol"", ""coumarin"", ""citric acid"", ""potassium sorbate""]"
p00822,PIXI Retinol Tonic 250ml,PIXI,18.0,Toner,"[""aqua/water/eau"", ""rosemarinus officinalis  leaf water"", ""glycerin"", ""propanediol"", ""methyl gluceth-20"", ""peg-8"", ""panthenol"", ""magnesium ascorbyl phosphate"", ""sodium hyaluronate"", ""lecithin"", ""oenothera biennis  flower extract"", ""hibiscus rosa-sinensis flower extract"", ""sodium acrylates copolymer"", ""palmitoyl tripeptide-27"", ""hydroxypropyl cyclodextrin"", ""retinol"", ""phenoxyethanol"", ""caprylic/capric triglyceride"", ""jasminum officinale  flower/leaf extract"", ""lavandula angustifolia  flower/leaf/stem extract"", ""eugenia caryophyllus  flower extract"", ""vitis vinifera  fruit extract"", ""sodium citrate"", ""peg-40 hydrogenated castor oil"", ""disodium edta"", ""citric acid"", ""polysorbate 20"", ""ethylhexylglycerin""]"
p00823,PIXI Rose Tonic 100ml,PIXI,10.0,Toner,"[""water/aqua/eau"", ""rosa damascena flower water"", ""propanediol"", ""glycerin"", ""aloe barbadensis leaf juice"", ""sodium pca"", ""peg-40 hydrogenated castor oil"", ""triethyl citrate"", ""rose extract"", ""phenoxyethanol"", ""rosa canina extract"", ""camellia sinensis leaf extract"", ""sambucus nigra flower  extract"", ""chamomilla recutita  flower extract"", ""sodium hyaluronate"", ""betaine"", ""sodium citrate"", ""montmorillonite"", ""citric acid"", ""disodium edta"", ""ethylhexylglycerin"", ""potassium sorbate"", ""sodium benzoate""]"
p00824,Avène Gentle Toner 200ml,Avène,8.63,Toner,"[""avene thermal spring water . fragrance . peg-7 glyceryl cocoate. phenoxyethanol. sorbitol. stearalkonium hectorite. trisodium edta. water ""]"
p00825,Natio Rosewater & Chamomile Gentle Skin Toner (250ml),Natio,6.8,Toner,"[""water"", ""glycerin"", ""chamomilla recutita  extract"", ""rose  extract"", ""citrus aurantium dulcis  oil"", ""cymbopogon martini  oil"", ""citrus aurantium amara  oil"", ""ceteth-20"", ""fragrance"", ""phenoxyethanol"", ""methylparaben"", ""propylparaben"", ""tetrasodium edta"", ""citric acid"", ""ethoxydiglycol"", ""propylene glycol"", ""butylene glycol"", ""glucose"", ""bisabolol""]"
p00826,Clinique Clarifying Lotion 2 200ml,Clinique,18.0,Toner,"[""water / aqua / eau"", ""alcohol denat"", ""glycerin"", ""hamamelis virginiana"", ""menthol"", ""acetyl glucosamine"", ""trehalose"", ""sodium hyaluronate"", ""butylene glycol"", ""sodium bicarbonate"", ""red 6"", ""red 33"", ""violet 2 ""]"
p00827,Clinique Clarifying Lotion 2 400ml,Clinique,28.0,Toner,"[""water / aqua / eau"", ""alcohol denat"", ""glycerin"", ""hamamelis virginiana"", ""menthol"", ""acetyl glucosamine"", ""trehalose"", ""sodium hyaluronate"", ""butylene glycol"", ""sodium bicarbonate"", ""red 6"", ""red 33"", ""ext. violet 2 ""]"
p00828,PIXI Rose Tonic 250ml,PIXI,18.0,Toner,"[""aqua/water/eau"", ""rosa damascena flower water"", ""propanediol"", ""glycerin"", ""aloe barbadensis leaf juice"", ""sodium pca"", ""peg-40 hydrogenated castor oil"", ""triethyl citrate"", ""rose extract"", ""phenoxyethanol"", ""rosa canina extract"", ""camellia sinensis leaf extract"", ""sambucus nigra flower  extract"", ""chamomilla recutita  flower extract"", ""sodium hyaluronate"", ""betaine"", ""sodium citrate"", ""montmorillonite"", ""citric acid"", ""disodium edta"", ""ethylhexylglycerin"", ""potassium sorbate"", ""sodium benzoate""]"
p00829,Gallinée Prebiotic Face Vinegar 200ml,Gallinée,19.55,Toner,"[""water"", ""propanediol"", ""glycerin"", ""1"", ""2-hexanediol"", ""alpha-glucan oligosaccharide"", ""pentylene glycol"", ""inulin"", ""lactic acid"", ""acetum"", ""maris aqua"", ""arginine"", ""hibiscus sabdariffa flower extract"", ""laminaria digitata extract"", ""chlorella vulgaris extract"", ""saccharide isomerate"", ""sodium hydroxide"", ""phenethyl alcohol"", ""sodium benzoate"", ""potassium\u00a0sorbate""]"
p00830,Sukin Hydrating Mist Toner (125ml),Sukin,7.95,Toner,"[""water"", ""rosa damascena flower water"", ""glycerin"", ""chamomilla recutita  flower extract"", ""citric acid"", ""phenoxyethanol""]"
p00831,Caudalie Grape Water 75ml,Caudalie,6.0,Toner,"[""vitis vinifera  fruit water"", ""vitis vinifera  juice"", ""nitrogen""]"
p00832,La Roche-Posay Soothing Lotion 200ml,La Roche-Posay,12.5,Toner,"[""water"", ""water"", ""peg-8"", ""glycerin"", ""peg-60 hydrogenated castor oil"", ""poloxamer 124"", ""citric acid"", ""chlorhexidine digluconate"", ""parfum / fragrance""]"
p00833,NIP+FAB Salicylic Fix Tonic XXL Extreme 2% 190ml,NIP+FAB,19.95,Toner,"[""water"", ""propylene glycol"", ""salicylic acid"", ""hamamelis virginiana  water"", ""peg-40 hydrogenated castor oil"", ""glycerin"", ""sodium hydroxide"", ""propanediol"", ""alcohol"", ""sodium hydroxymethylglycinate"", ""allantoin"", ""disodium edta"", ""panthenol"", ""parfum"", ""polygonum bistorta root extract"", ""sodium hyaluronate"", ""nelumbo nucifera flower extract"", ""nymphaea coerulea flower extract""]"
p00834,PIXI Milky Tonic 100ml,PIXI,10.0,Toner,"[""aqua/water/eau"", ""glycerin"", ""ethylhexyl palmitate"", ""dipropylene glycol"", ""cetyl ethylhexanoate"", ""phenoxyethanol"", ""polyglyceryl-10"", ""oleate"", ""ethylhexylglycerin"", ""peg-60 hydrogenated castor oil"", ""cetearyl"", ""isononanoate"", ""allantoin"", ""ceteareth-20"", ""trideceth-10"", ""hydrolyzed"", ""glycosaminoglycans"", ""hydrogenated lecithin"", ""glyceryl stearate"", ""ceteareth-12"", ""cetyl alcohol"", ""cetearyl alcohol"", ""cetyl palmitate"", ""disodium"", ""edta"", ""parfum/fragrance"", ""citric acid"", ""benzoic acid"", ""lecithin"", ""avena"", ""strigosa seed extract""]"
p00835,L'Oréal Paris Fine Flowers Cleansing Toner 400ml,L'Oréal Paris,5.99,Toner,"[""aqua / water"", ""glycerin"", ""alcohol denat"", ""hydroxyethylpiperazine ethane sulfonic acid"", ""jasminum officinale extract / jasmine flower extract"", ""peg-60 hydrogenated castor oil"", ""rosa gallica flower extract"", ""sorbitol"", ""disodium edta"", ""propylene glycol"", ""caprylyl glycol"", ""styrene/ acrylates copolymer"", ""xanthan gum"", ""panthenol"", ""pentylene glycol"", ""phenoxyethanol"", ""linalool"", ""limonene"", ""parfum / fragrance""]"
p00836,Estée Lauder Perfectly Clean Multi-Action Toning Lotion/Refiner 200ml,Estée Lauder,21.6,Toner,"[""water\\aqua\\eau"", ""alcohol denat"", ""glycerin"", ""butylene glycol"", ""hypnea musciformis  extract"", ""gellidiela acerosa  extract"", ""hamamelis virginiana"", ""silybum marianum  extract"", ""bambusa vulgaris  extract"", ""pisum sativum  extract"", ""gentiana lutea  root extract"", ""algae extract"", ""oryza sativa  bran extract"", ""yeast extract\\faex\\extrait de levure"", ""sucrose"", ""trehalose"", ""lactobionic acid"", ""peg-40 hydrogenated castor oil"", ""sorbitol"", ""caffeine"", ""dipotassium glycyrrhizate"", ""biosaccharide gum - 1"", ""ppg-26-buteth-26"", ""sodium hyaluronate"", ""zinc pca"", ""pentylene glycol"", ""ppg-5-ceteth-20"", ""sodium hydroxide"", ""glucosamine hcl"", ""fragrance"", ""phytic acid"", ""potassium sorbate"", ""disodium edta"", ""phenoxyethanol""]"
p00837,Clinique Clarifying Lotion 3 200ml,Clinique,18.0,Toner,"[""water / aqua / eau"", ""alcohol denat"", ""salicylic acid"", ""hamamelis virginiana"", ""butylene glycol"", ""glycerin"", ""trehalose"", ""sodium hyaluronate"", ""citric acid"", ""sodium hydroxide"", ""disodium edta"", ""bht"", ""phenoxyethanol"", ""benzophenone-4"", ""violet 2"", ""red 6"", ""orange 4 ""]"
p00838,Clinique Clarifying Lotion 3 400ml,Clinique,28.0,Toner,"[""water / aqua / eau"", ""alcohol denat"", ""salicylic acid"", ""hamamelis virginiana"", ""butylene glycol"", ""glycerin"", ""trehalose"", ""sodium hyaluronate"", ""citric acid"", ""sodium hydroxide"", ""disodium edta"", ""bht"", ""phenoxyethanol"", ""benzophenone-4"", ""violet 2"", ""red 6"", ""orange 4 ""]"
p00839,Estée Lauder Micro Essence Skin Activating Treatment Lotion Fresh with Sakura Ferment 200ml,Estée Lauder,79.0,Toner,"[""water\\aqua\\eau"", ""bifida ferment lysate"", ""propanediol"", ""butylene glycol"", ""glycerin"", ""lactobacillus ferment"", ""betaine"", ""prunus lannesiana flower extract"", ""anthemis nobilis  flower extract"", ""laminaria saccharina extract"", ""oryza sativa  lees extract"", ""caffeine"", ""sodium hyaluronate"", ""acetyl hexapeptide-8"", ""trehalose"", ""acetyl glucosamine"", ""glycine soja  seed extract"", ""caprylyl glycol"", ""peg-75"", ""ppg-5-ceteth-20"", ""carbomer"", ""citric acid"", ""pentylene glycol"", ""tromethamine"", ""disodium edta"", ""sodium citrate"", ""potassium sorbate"", ""phenoxyethanol""]"
p00840,Lancôme Tonique Confort Toner 200ml,Lancôme,24.3,Toner,"[""aqua / water / eau"", ""butylene glycol"", ""glycerin"", ""cyclopentasiloxane"", ""phenoxyethanol"", ""isopropyl palmitate"", ""peg-6 hydrogenated castor oil"", ""triethanolamine"", ""acrylates/c1-3 alkyl acrylate crosspolymer"", ""methylparaben"", ""mel / honey / miel"", ""mannitol"", ""parfum / fragrance"", ""tocopheryl acetate"", ""propylparaben"", ""sodium hyaluronate"", ""cyclodextrin"", ""prunus amygdalus dulcis protein / sweet almond protein"", ""hexyl cinnamal"", ""faex / yeast extract / extrait de levure"", ""alpha-isomethyl ionone"", ""disodium succinate"", ""ci 147 / red 4""]"
p00841,Lancôme Tonique Confort Toner 400ml,Lancôme,37.35,Toner,"[""aqua / water / eau"", ""butylene glycol"", ""glycerin"", ""cyclopentasiloxane"", ""phenoxyethanol"", ""isopropyl palmitate"", ""peg-6 hydrogenated castor oil"", ""triethanolamine"", ""acrylates/c1-3 alkyl acrylate crosspolymer"", ""methylparaben"", ""mel / honey / miel"", ""mannitol"", ""parfum / fragrance"", ""tocopheryl acetate"", ""propylparaben"", ""sodium hyaluronate"", ""cyclodextrin"", ""prunus amygdalus dulcis protein / sweet almond protein"", ""hexyl cinnamal"", ""faex / yeast extract / extrait de levure"", ""alpha-isomethyl ionone"", ""disodium succinate"", ""ci 147 / red 4""]"
p00842,OSKIA Floral Water Toner 30ml,OSKIA,14.0,Toner,"[""rosa damascena flower water"", ""dimethyl sulfone"", ""glycerin"", ""panthenol"", ""hibiscus sabdariffa flower extract"", ""daucus carota sativa  juice"", ""water"", ""citric acid"", ""sodium benzoate"", ""potassium sorbate"", ""maltodextrin""]"
p00843,First Aid Beauty Ultra Repair Wild Oat Soothing Toner 180ml,First Aid Beauty,19.0,Toner,"[""water"", ""glycerin"", ""glycereth-26"", ""squalane"", ""sorbitan oleate"", ""avena strigosa seed extract"", ""mel"", ""saccharomyces/honey ferment filtrate"", ""sodium hyaluronate"", ""colloidal oatmeal"", ""avena sativa  kernel extract"", ""propolis extract"", ""glycyrrhiza glabra  root extract"", ""chrysanthemum parthenium  extract"", ""camellia sinensis leaf extract"", ""beta-glucan"", ""acrylates/c10-30 alkyl acrylate crosspolymer"", ""leuconostoc/radish root ferment filtrate"", ""xanthan gum"", ""ethylhexylglycerin"", ""ethylhexyl salicylate"", ""phenoxyethanol"", ""sodium hydroxide"", ""citric acid"", ""potassium sorbate"", ""sodium benzoate"", ""chlorphenesin"", ""sorbic acid"", ""benzoic acid""]"
p00844,Pai Lotus and Orange Blossom BioAffinity Toner 50ml,Pai,30.0,Toner,"[""neroli"", ""water"", ""nelumbo nucifera  root water"", ""citrus aurantium amara  flower water"", ""glycerin"", ""rosa damascena\u00a0flower water"", ""sodium anisate"", ""sodium levulinate"", ""lactic acid""]"
p00845,Caudalie Moisturising Toner (100ml),Caudalie,9.0,Toner,"[""water"", ""butylene glycol"", ""peg-40 hydrogenated castor oil"", ""methylpropanediol"", ""sodium benzoate"", ""parfum"", ""caprylyl glycol"", ""sodium carboxymethyl beta-glucan"", ""citric acid"", ""glycerin"", ""biosaccharide gum-1"", ""phenylpropanol"", ""glyceryl caprylate""]"
p00846,Garnier Organic Thyme Toner 150ml,Garnier,5.99,Toner,"[""aqua / water"", ""alcohol denat"", ""hordeum vulgare stem water"", ""thymus vulgaris flower/leaf oil - thyme flower/leaf oil"", ""centaurea cyanus flower water"", ""arginine"", ""coco-betaine"", ""propanediol"", ""caprylyl/capryl glucoside"", ""citric acid"", ""menthol"", ""sodium benzoate"", ""salicylic acid"", ""linalool"", ""limonene""]"
p00847,DECLÉOR Aroma Cleanse Essential Tonifying Lotion (200ml),DECLÉOR,26.0,Toner,"[""water"", ""butylene glycol"", ""glycerin"", ""propanediol"", ""sodium pca"", ""oleth-20"", ""methyl gluceth-20"", ""parfum"", ""caprylyl glycol"", ""tocopherol"", ""disodium edta"", ""glycine soja  oil"", ""limonene"", ""peg-6 isostearate"", ""hexyl cinnamal"", ""linalool"", ""methylisothiazolinone"", ""citrus aurantium amara  oil"", ""camellia sinensis leaf extract"", ""citral"", ""hesperetin laurate""]"
p00848,NUXE Lotion Tonique Douce - Gentle Toning Lotion (200ml),NUXE,15.0,Toner,"[""water"", ""rosa damascena flower water"", ""hamamelis virginiana  water"", ""glycerin"", ""parfum/fragrance"", ""benzyl alcohol"", ""capryloyl glycine"", ""citric acid"", ""sodium hydroxide"", ""allantoin"", ""coco-glucoside"", ""tetrasodium edta"", ""dehydroacetic acid"", ""caprylyl/capryl glucoside"", ""sodium hyaluronate"", ""linalool""]"
p00849,REN Clean Skincare Clarimatte Clarifying Toner,REN,18.0,Toner,"[""lavandula angustifolia  flower water"", ""salix nigra  bark extract"", ""phenoxyethanol"", ""citrus medica limonum  fruit extract"", ""sodium hydroxymethylglycinate"", ""passiflora quadrangularis fruit extract"", ""ananas sativus  fruit extract"", ""vitis vinifera  fruit extract"", ""alcohol denat"", ""mentha piperita  extract"", ""linalool"", ""citrus aurantium bergamia  fruit extract"", ""potassium sorbate"", ""sodium bisulfite""]"
p00850,Sanctuary Spa Daily Glow Radiance Tonic 150ml,Sanctuary Spa,10.0,Toner,"[""water"", ""prunus amygdalus dulcis  oil"", ""cetearyl alcohol"", ""cetyl esters"", ""theobroma cacao \u00a0seed butter"", ""glycerin"", ""simmondsia chinensis  seed oil"", ""bentonite"", ""cera alba"", ""polysorbate 60"", ""sorbitan stearate"", ""phenoxyethanol"", ""benzyl alcohol"", ""solum diatomeae"", ""mica"", ""carbomer"", ""disodium\u00a0edta"", ""maltodextrin"", ""citric acid"", ""sodium stearoyl glutamate"", ""tocopheryl acetate"", ""polymethylsilsesquioxane"", ""carica\u00a0papaya  fruit extract"", ""hydrolyzed hyaluronic acid"", ""pelargonium odoratissimum oil"", ""citronellol"", ""geraniol"", ""sodium hydroxide"", ""linalool"", ""rosa centifolia flower extract"", ""citral"", ""xanthan gum"", ""sodium benzoate"", ""diamond powder"", ""lactic acid"", ""quartz powder"", ""potassium sorbate"", ""ci 77891"", ""ci 77491"", ""ci 77499 ""]"
p00851,PIXI Milky Tonic 250ml,PIXI,18.0,Toner,"[""aqua/water/eau"", ""glycerin"", ""ethylhexyl palmitate"", ""dipropylene glycol"", ""cetyl ethylhexanoate"", ""phenoxyethanol"", ""polyglyceryl-10"", ""oleate"", ""ethylhexylglycerin"", ""peg-60 hydrogenated castor oil"", ""cetearyl"", ""isononanoate"", ""allantoin"", ""ceteareth-20"", ""trideceth-10"", ""hydrolyzed"", ""glycosaminoglycans"", ""hydrogenated lecithin"", ""glyceryl stearate"", ""ceteareth-12"", ""cetyl alcohol"", ""cetearyl alcohol"", ""cetyl palmitate"", ""disodium"", ""edta"", ""parfum/fragrance"", ""citric acid"", ""benzoic acid"", ""lecithin"", ""avena"", ""strigosa seed extract""]"
p00852,GLAMGLOW Supertoner 200ml,GLAMGLOW,29.0,Toner,"[""water/aqua/eau"", ""alcohol denat"", ""propanediol"", ""mandelic acid"", ""glycolic acid"", ""salicylic acid"", ""lactic acid"", ""tartaric acid"", ""pyruvic acid"", ""charcoal powder"", ""eucalyptus globulus leaf powder"", ""eucalyptus globulus leaf"", ""hamamelis virginiana  extract"", ""algae extract"", ""salix alba  bark extract"", ""nylon-12"", ""aloe barbadensis leaf juice"", ""mentha piperita  oil"", ""sodium hydroxide"", ""citric acid"", ""fragrance"", ""limonene"", ""linalool"", ""disodium edta"", ""phenoxyethanol"", ""mica"", ""titanium dioxide"", ""iron oxides ""]"
p00853,OSKIA Floral Water Toner 150ml,OSKIA,56.0,Toner,"[""rosa damascena flower water"", ""dimethyl sulfone"", ""glycerin"", ""panthenol"", ""hibiscus sabdariffa flower extract"", ""daucus carota sativa  juice"", ""water"", ""citric acid"", ""sodium benzoate"", ""potassium sorbate"", ""maltodextrin""]"
p00854,Neal's Yard Remedies Rehydrating Rose Toner 200ml,Neal's Yard Remedies,16.0,Toner,"[""water"", ""alcohol denat"", ""aloe barbadensis  leaf juice powder"", ""rosa damascena  essential oil"", ""levulinic acid"", ""glycerin"", ""potassium sorbate"", ""coco-glucoside"", ""citronellol"", ""eugenol"", ""farnesol"", ""geraniol"", ""linalool""]"
p00855,Pai Skincare Rice Plant and Rosemary BioAffinity Skin Tonic 50ml,Pai Skincare,30.0,Toner,"[""water"", ""nelumbo nucifera root water"", ""glycerin"", ""rosa damascena flower water"", ""citrus aurantium amara flower oil"", ""sodium anisate"", ""sodium levulinate"", ""lactic acid""]"
p00856,Sukin Mist Lavender Toner 125ml,Sukin,7.95,Toner,"[""water"", ""glycerin"", ""chamomilla recutita  flower extract"", ""lavandula angustifolia  oil"", ""caprylyl/capryl glucoside"", ""sodium cocoyl glutamate"", ""polyglyceryl-5 oleate"", ""glyceryl caprylate"", ""citric acid"", ""phenoxyethanol"", ""limonene"", ""linalool""]"
p00857,Elizabeth Arden Ceramide Purifying Toner (200ml),Elizabeth Arden,25.0,Toner,"[""water"", ""alcohol denat"", ""isododecane"", ""glycerin"", ""ceramide 3"", ""isostearic acid"", ""chamomile extract"", ""mallow extract"", ""rosemary extract"", ""sambucus nigra extract"", ""sage extract"", ""yeast extract"", ""cholesterol"", ""propylene glycol"", ""sorbitan oleate"", ""triethanolamine"", ""citric acid"", ""phenoxyethanol"", ""methylparaben"", ""butylparaben"", ""ethylparaben"", ""propylparaben"", ""fd&c red 4"", ""fd&c yellow 5 ""]"
p00858,Garnier Natural Rose Water Toner for Sensitive Skin 200ml,Garnier,5.99,Toner,"[""aqua / water"", ""glycerin"", ""alcohol denat. rosa damascena flower water"", ""sodium hydroxide"", ""sodium phytate"", ""arginine"", ""propanediol"", ""caprylyl / capryl glucoside"", ""citric acid"", ""salicylic acid"", ""linalool"", ""parfum / fragrance""]"
p00859,Lancôme Tonique Douceur Toner 200ml,Lancôme,24.3,Toner,"[""aqua / water / eau"", ""glycerin"", ""sodium citrate"", ""ci 42090 / blue 1"", ""ci 14700 / red 4"", ""peg-60 hydrogenated castor oil"", ""chlorphenesin"", ""sambucus nigra flower"", ""water"", ""linalool"", ""benzyl alcohol"", ""propylparaben"", ""alpha-isomethyl ionone"", ""geraniol"", ""rosa centifolia flower water"", ""rosa centifolia water / rosa centifolia flower water"", ""methylparaben"", ""tetrasodium edta"", ""citronellol"", ""hexylene glycol"", ""parfum / fragrance""]"
p00860,Lancôme Tonique Douceur Toner 400ml,Lancôme,37.35,Toner,"[""aqua/water/eau"", ""glycerin"", ""sodium citrate"", ""ci 42090 / blue 1"", ""ci 14700 / red 4"", ""peg-60 hydrogenated castor oil"", ""chlorphenesin"", ""sambucus nigra flower"", ""water"", ""linalool"", ""benzyl alcohol"", ""propylparaben"", ""alpha-isomethyl ionone"", ""geraniol"", ""rosa centifolia flower water"", ""rosa centifolia water / rosa centifolia flower water"", ""methylparaben"", ""tetrasodium edta"", ""citronellol"", ""hexylene glycol"", ""parfum/fragrance""]"
p00861,Murad Hydrating Toner 180ml,Murad,25.84,Toner,"[""water/aqua/eau"", ""butylene glycol"", ""hamamelis virginiana  water"", ""urea"", ""yeast amino acids"", ""trehalose"", ""inositol"", ""taurine"", ""betaine"", ""chondrus crispus  extract"", ""prunus persica  fruit extract"", ""anthemis nobilis flower extract"", ""sodium pca"", ""lecithin"", ""tocopherol"", ""magnesium ascorbyl phosphate"", ""vitis vinifera  seed extract"", ""glycerin"", ""cucumis sativus  fruit extract"", ""peg-12 dimethicone"", ""peg-40 hydrogenated castor oil"", ""sodium citrate"", ""disodium edta"", ""phenoxyethanol"", ""caprylyl glycol"", ""chlorphenesin"", ""sodium benzoate"", ""benzyl salicylate"", ""geraniol"", ""linalool"", ""citronellol"", ""fragrance"", ""orange 4"", ""red 4 ""]"
p00862,NIP+FAB Vitamin C Fix Tonic 100ml,NIP+FAB,19.95,Toner,"[""water"", ""glycerin"", ""butylene glycol"", ""lactic acid"", ""polysorbate 20"", ""phenoxyethanol"", ""ascorbic acid"", ""benzyl alcohol"", ""sodium hydroxide"", ""parfum"", ""disodium edta"", ""panthenol"", ""sodium sulfite"", ""ethylhexylglycerin"", ""1-methylhydantoin-2-imide"", ""dehydroacetic acid"", ""limonene"", ""camellia sinensis  leaf extract"", ""coffea arabica  seed extact"", ""euterpe oleracea fruit extract"", ""garcinia mangostana fruit extract"", ""hydrolyzed lycium barbarum fruit extract"", ""morinda citrifolia fruit extract"", ""punica granatum fruit juice""]"
p00863,Peter Thomas Roth Glycolic Acid 8% Toner,Peter Thomas Roth,34.0,Toner,"[""water/aqua/eau"", ""glycolic acid"", ""alcohol denat"", ""methyl gluceth-20"", ""propylene glycol"", ""hamamelis virginiana  water"", ""sodium hydroxide"", ""glycerin"", ""sodium pca"", ""aloe barbadensis leaf juice"", ""allantoin"", ""camellia sinensis\u00a0leaf extract"", ""chamomilla recutita  flower extract"", ""arginine"", ""sodium ascorbyl phosphate"", ""lactic acid"", ""citric acid"", ""polysorbate 20"", ""butylene glycol"", ""potassium sorbate"", ""sodium benzoate"", ""benzoic acid"", ""phenoxyethanol""]"
p00864,NIP+FAB Retinol Fix Tonic Extreme 100ml,NIP+FAB,24.95,Toner,"[""water"", ""glycerin"", ""peg-40 hydrogenated castor oil"", ""butylene glycol"", ""phenoxyethanol"", ""bisabolol"", ""benzyl alcohol"", ""retinyl palmitate"", ""parfum"", ""disodium edta"", ""panthenol"", ""ethylhexylglycerin"", ""1-methylhydantoin-2-imide"", ""sodium hydroxide"", ""dehydroacetic acid"", ""carbomer"", ""sodium lactate"", ""benzyl\u00a0 salicylate"", ""polysorbate 20"", ""hexyl cinnamal"", ""tocopherol"", ""linalool"", ""palmitoyl tripeptide-1"", ""palmitoyl tetrapeptide-7""]"
p00865,Darphin Intral Toner (200ml),Darphin,30.0,Toner,"[""water"", ""pentylene glycol"", ""crataegus monogina flower extract"", ""chamomila recutita flower extract"", ""alteromanas ferment extract"", ""ppg-26-buteth-26"", ""peg 40 hydrogenated castor oil"", ""benzophenone-4"", ""fragrance"", ""butylene glycol"", ""citric acid"", ""sodium hydroxide"", ""xanthan gum"", ""sodium citrate"", ""disodium edta"", ""sodium benzoate"", ""red 4"", ""ext. violet 2 ""]"
p00866,Bobbi Brown Extra Treatment Lotion 150ml,Bobbi Brown,48.5,Toner,"[""water\\aqua\\eau"", ""methyl gluceth-20"", ""bis-peg-18 methyl ether dimethyl silane"", ""glycerin"", ""sucrose"", ""glycereth-26"", ""pelargonium graveolens  flower oil"", ""citrus aurantium amara  oil"", ""citrus grandis  peel oil"", ""rosmarinus officinalis"", ""anthemis nobilis"", ""peg-8"", ""caffeine"", ""ppg-5-ceteth-20"", ""polysorbate 20"", ""jojoba wax peg-120 esters"", ""alcaligenes polysaccharides"", ""caprylyl glycol"", ""sodium pca"", ""polyquaternium-51"", ""urea"", ""trehalose"", ""sodium hyaluronate"", ""hexylene glycol"", ""potassium sorbate"", ""disodium edta"", ""limonene"", ""citronellol"", ""geraniol"", ""linalool"", ""phenoxyethanol""]"
p00867,MÁDARA Balancing Toner 200ml,MÁDARA,17.0,Toner,"[""water"", ""rosa damascena  flower water"", ""glycerin"", ""rubus idaeus  seed oil"", ""cucumis sativus  fruit extract"", ""hamamelis virginiana  leaf water"", ""plantago major  leaf extract"", ""sodium pca"", ""xylitylglucoside"", ""betaine"", ""anhydroxylitol"", ""chamomilla recutita  flower extract"", ""propanediol"", ""benzyl alcohol"", ""sodium benzoate"", ""xylitol"", ""potassium sorbate"", ""lactic acid"", ""rhamnose"", ""glucose"", ""glucuronic acid""]"
p00868,Natio Rehydrating Toner (200ml),Natio,10.0,Toner,"[""water"", ""glycerin"", ""sodium pca"", ""aloe barbadensis leaf juice"", ""peg-60 almond glycerides"", ""phenoxyethanol"", ""caprylyl glycol"", ""citrus aurantium dulcis  peel oil"", ""lavandula angustifolia  oil"", ""cedrus atlantica bark oil"", ""fragrance"", ""rosa canina fruit oil"", ""bisabolol"", ""benzophenone-4"", ""tetrasodium edta""]"
p00869,A'kin Rose Mist Toner 150ml,A'kin,12.5,Toner,"[""rosa centifolia flower water"", ""aloe barbadensis leaf juice+"", ""water"", ""macadamia ternifolia seed oil"", ""polyglyceryl-10\u00a0laurate"", ""sorbitol"", ""heptyl glucoside"", ""sodium gluconate"", ""sodium levulinate"", ""ethylhexylglycerin"", ""potassium sorbate"", ""citric acid""]"
p00870,The Organic Pharmacy Herbal Toner 100ml,The Organic Pharmacy,35.0,Toner,"[""aloe"", ""water"", ""witch hazel"", ""marshmallow"", ""marigold  extract"", ""green tea"", ""blue chamomile"", ""horsetail"", ""eucalyptus"", ""lavender"", ""peppermint"", ""rose"", ""elderflower"", ""chickweed"", ""symphytum"", ""coltsfoot"", ""nettles"", ""grapefruit"", ""lemon"", ""styrax benzoin resin extract"", ""citral"", ""limonene""]"
p00871,Oh K! SOS PH Balancing Gel Toner,Oh K!,12.0,Toner,"[""water"", ""butylene glycol"", ""1"", ""2-hexanediol"", ""carbomer"", ""arginine"", ""allantoin"", ""hydroxyethylcellulose"", ""melaleuca alternifolia  leaf extract"", ""hamamelis virginiana  extract"", ""ethylhexylglycerin"", ""disodium edta""]"
p00872,Holika Holika Good Cera Super Ceramide Toner,Holika Holika,19.95,Toner,"[""water"", ""butylene glycol"", ""glycerin"", ""betaine"", ""1"", ""2-hexanediol"", ""diphenylsiloxy phenyl trimethicone"", ""triethylhexanoin"", ""polyglyceryl-10 myristate"", ""glyceryl polymethacrylate"", ""aleuritic acid"", ""yeast extract"", ""glycoproteins"", ""sodium\u00a0hyaluronate"", ""polyquaternium-51"", ""hydrogenated lecithin"", ""caprylic/capric triglyceride"", ""cetearyl alcohol"", ""cetearyl\u00a0glucoside"", ""glyceryl stearate"", ""stearic acid"", ""phytosteryl/ isostearyl/ cetyl/ stearyl/ behenyl dimer dilinoleate"", ""ceramide\u00a0np"", ""hydrogenated polydecene"", ""butyrospermum parkii  butter"", ""ceteareth-20"", ""glyceryl citrate/ lactate/ linoleate/\u00a0oleate"", ""hydroxypropyl bispalmitamide mea"", ""glycosphingolipids"", ""ceramide ap"", ""ceramide eop"", ""meadowfoam estolide"", ""glycine soja  sterols"", ""ethylhexyl isononanoate"", ""polysorbate 20"", ""acrylates/c10-30 alkyl acrylate\u00a0crosspolymer"", ""tromethamine"", ""alteromonas ferment extract"", ""bacillus ferment"", ""panthenol"", ""dipropylene glycol"", ""lavandula\u00a0angustifolia  oil"", ""citrus grandis  peel oil"", ""cymbopogon citratus leaf oil"", ""pelargonium\u00a0graveolens oil"", ""citrus aurantium dulcis  peel oil"", ""pogostemon cablin oil"", ""santalum album  oil"", ""chamomilla recutita  flower oil"", ""glycerylamidoethyl methacrylate/ stearyl methacrylate copolymer"", ""xanthan\u00a0gum"", ""theobroma cacao  seed extract"", ""propylene glycol"", ""niacinamide"", ""allantoin"", ""disodium edta"", ""ethylhexylglycerin""]"
p00873,The Ritual of Namasté Clarifying Facial Toner,Rituals,11.9,Toner,"[""water"", ""aloe barbadensis leaf juice"", ""rosa damascena flower water"", ""glycerin"", ""phragmites kharka extract"", ""poria cocos extract"", ""nelumbo nucifera flower extract"", ""alpha-glucan oligosaccharide"", ""polyglyceryl-10 laurate"", ""tocopherol"", ""citric acid"", ""sodium citrate"", ""sodium hydroxide"", ""potassium sorbate"", ""benzoic acid"", ""dehydroacetic acid"", ""sodium benzoate"", ""benzyl alcohol"", ""citronellol""]"
p00874,Holika Holika Aloe Soothing Essence 98% Toner,Holika Holika,20.95,Toner,"[""water"", ""1"", ""2-hexanediol"", ""methylpropanediol"", ""glycereth-26"", ""aloe barbadensis leaf extract"", ""ectoin"", ""aloe barbadensis leaf juice"", ""allantoin"", ""melissa officinalis leaf extract"", ""centella asiatica extract"", ""dioscorea japonica root extract"", ""laminaria japonica extract"", ""propanediol"", ""succinoglycan"", ""polyglyceryl-10 laurate"", ""pentylene glycol"", ""xylitol"", ""glycerin"", ""disodium edta"", ""ethylhexylglycerin"", ""sodium benzoate"", ""citric acid"", ""fragrance""]"
p00875,Mavala Clean & Comfort Caress Toning Lotion 200ml,Mavala,10.0,Toner,"[""water"", ""butylene glycol"", ""glycerin"", ""aloe barbadensis leaf extract"", ""malva sylvestris  flower extract"", ""allantoin"", ""citric acid"", ""disodium edta"", ""disodium phosphate"", ""glyceryl stearate"", ""maltodextrin"", ""methylcellulose"", ""peg-40 hydrogenated castor oil"", ""polysorbate 65"", ""ppg-26-buteth-26"", ""simethicone"", ""sodium hydroxide"", ""fragrance"", ""ethylparaben"", ""methylparaben"", ""phenoxyethanol"", ""potassium sorbate"", ""propylparaben"", ""red 4 ""]"
p00876,Mavala Pore Detox Perfecting Toning Lotion 200ml,Mavala,10.0,Toner,"[""water"", ""hamamelis virginiana  water"", ""butylene glycol"", ""alcohol denat"", ""honey cocoates"", ""alcohol"", ""epilobium fleischeri extract"", ""malva sylvestris  flower extract"", ""allantoin"", ""aloe barbadensis leaf extract"", ""citric acid"", ""disodium phosphate"", ""ethylhexylglycerin"", ""glycerin"", ""glyceryl stearate"", ""lactobacillus ferment"", ""maltodextrin"", ""methylcellulose"", ""peg-40 hydrogenated castor oil"", ""polysorbate 65"", ""ppg-26-buteth-26"", ""simethicone"", ""fragrance"", ""phenoxyethanol"", ""blue 1"", ""yellow 5 ""]"
p00877,Weleda Refining Toner (100ml),Weleda,11.95,Toner,"[""water"", ""alcohol"", ""rosa moschata leaf extract"", ""hamamelis virginiana  distillate"", ""citrus medica limonum  juice"", ""fragrance"", ""limonene"", ""linalool"", ""geraniol"", ""citral""]"
p00878,MÁDARA Clarifying Toner 200ml,MÁDARA,17.0,Toner,"[""water"", ""alcohol"", ""rosa damascena  flower water"", ""acorus calamus  root extract"", ""betaine glycerin"", ""cucumis sativus  fruit extract"", ""quercus robur  bark extract"", ""salvia officinalis  leaf extract"", ""salicylic acid""]"
p00879,Avant Skincare Proactive Mandelic Acid Restoring and Anti-Pollution Toner 200ml,Avant Skincare,76.0,Toner,"[""allantoin"", ""water"", ""diglycerin"", ""ethylhexylglycerin"", ""glycerin"", ""hydrolyzed wheat protein"", ""lactic acid"", ""lysine"", ""mandelic acid"", ""parfum"", ""pca"", ""phenoxyethanol"", ""polysorbate 20"", ""potassium sorbate"", ""saccharomyces/copper ferment"", ""saccharomyces/iron ferment"", ""saccharomyces/magnesium ferment"", ""saccharomyces/silicon ferment"", ""saccharomyces/zinc ferment"", ""sodium pca"", ""sorbitol"", ""urea""]"
p00880,Garnier Natural Aloe Extract Toner for Normal Skin 200ml,Garnier,12.99,Toner,"[""aqua / water"", ""alcohol denat"", ""glycerin"", ""aloe barbadensis leaf juice powder"", ""vitis vinifera fruit water / grape fruit water"", ""sodium hydroxide"", ""sodium phytate"", ""caprylyl / capryl glucoside"", ""salicylic acid"", ""parfum / fragrance""]"
p00881,StriVectin Tri-Phase Daily Glow Toner 147ml,StriVectin,29.0,Toner,"[""water/aqua/eau"", ""dimethicone"", ""squalane"", ""hexylene glycol"", ""butylene glycol"", ""sodium chloride"", ""glycerin"", ""sodium hyaluronate"", ""myristyl nicotinate"", ""glycyrrhiza uralensis  root extract"", ""daucus carota sativa  root extract"", ""rice amino acids"", ""diglucosyl gallic acid"", ""beta-carotene"", ""jania rubens extract"", ""glycine soja  oil"", ""boswellia serrata gum"", ""mandelic acid"", ""leuconostoc/radish root ferment filtrate"", ""malic acid"", ""sodium carrageenan"", ""lactic acid"", ""bacillus/sea salt ferment filtrate"", ""disodium edta"", ""honey/mel/miel"", ""salicylic acid"", ""aminomethyl propanol"", ""citric acid"", ""ethylhexylglycerin"", ""tocopherol"", ""dipropylene glycol"", ""pentylene glycol"", ""fragrance"", ""cetrimonium chloride"", ""phenoxyethanol"", ""benzoic acid"", ""benzyl benzoate"", ""geraniol"", ""benzyl salicylate"", ""citronellol"", ""citral"", ""limonene"", ""linalool"", ""benzyl alcohol"", ""ci 42090"", ""ci 17200 ""]"
p00882,Holika Holika Prime Youth Black Snail Repair Toner,Holika Holika,39.95,Toner,"[""snail secretion filtrate"", ""water"", ""butylene glycol"", ""alcohol denat"", ""glycereth-26"", ""niacinamide"", ""dipropylene glycol"", ""portulaca oleracea extract"", ""glycerin"", ""peg-7 caprylic/capric glycerides"", ""beta-glucan"", ""peg-32"", ""peg-60 hydrogenated castor oil"", ""tromethamine"", ""carbomer"", ""punica granatum fruit extract"", ""panax ginseng callus culture extract"", ""brassica napus sprout extract"", ""yeast extract"", ""glycine soja  phytoplacenta extract"", ""pearl powder"", ""caprylhydroxamic acid"", ""caprylyl glycol"", ""adenosine"", ""disodium edta"", ""sodium hyaluronate"", ""phenoxyethanol"", ""sodium benzoate"", ""potassium sorbate"", ""fragrance""]"
p00883,AromaWorks Purity Face Toner 100ml,AromaWorks,12.99,Toner,"[""water"", ""aloe barbadensis leaf juice powder"", ""glycerin"", ""arnica montana flower extract"", ""althaea officinalis  extract"", ""cucumis sativus  extract"", ""camellia sinensis  leaf extract"", ""glycrrhiza globra  root extract"", ""lavandula angustifolia flower extract"", ""camomilla recutita  flower extract"", ""potassium sorbate""]"
p00884,RENU Soft Touch Toner 180ml,RENU,29.95,Toner,"[""water"", ""aloe barbadensis leaf juice"", ""glycerin"", ""phenoxyethanol"", ""peg-40 hydrogenated castor oil"", ""biosaccharide gum-1"", ""sodium hyaluronate"", ""panthenol"", ""sodium ascorbyl phosphate"", ""parfum"", ""linalool"", ""limonene"", ""benzyl benzoate"", ""farnesol"", ""geraniol"", ""benzyl salicylate"", ""glyceryl acrylate/acrylic acid copolymer"", ""xanthan gum"", ""disodium edta"", ""trideceth-9"", ""potassium sorbate"", ""ethylhexylglycerin""]"
p00885,Holika Holika AC MILD Toner,Holika Holika,19.95,Toner,"[""water"", ""alcohol"", ""propanediol"", ""amaranthus caudatus seed extract"", ""pentylene glycol"", ""ulmus davidiana root extract"", ""phenoxyethanol"", ""ceramide np"", ""centella asiatica extract"", ""ficus carica  fruit extract"", ""hydrogenated lecithin"", ""chrysanthemum morifolium flower extract"", ""pyrus malus  fruit extract"", ""sodium citrate"", ""laurus nobilis leaf extract"", ""mentha piperita  extract"", ""eruca sativa leaf extract"", ""ethylhexylglycerin"", ""citric acid"", ""disodium edta"", ""fragrance"", ""peg-40 hydrogenated castor oil"", ""citrus aurantium dulcis  oil"", ""butylene glycol"", ""citrus limon  fruit oil"", ""citrus aurantium bergamia  fruit oil"", ""cymbopogon schoenanthus oil"", ""cymbopogon nardus  oil"", ""geranium maculatum oil""]"
p00886,Embryolisse Eau De Beaute Rosamelis - Flower Waters Toner 50ml,Embryolisse,5.99,Toner,"[""water"", ""rosa damascena flower"", ""glycerin"", ""centaurea cyanus flower water"", ""citrus aurantium amara water"", ""hamamelis virginiana flower"", ""polyaminopropyl biguanide"", ""sodium hydroxyde"", ""ppg-26 buteth-26"", ""peg-40 hydrogenated castor oil"", ""lactic acid"", ""parfum"", ""citric acid"", ""sodium benzoate"", ""potassium benzoate""]"
p00887,Holika Holika Less On Skin Toner,Holika Holika,21.95,Toner,"[""water"", ""butylene glycol"", ""glycerin"", ""1"", ""2-hexanediol"", ""cellulose"", ""biosaccharide gum-4"", ""ammonium acryloyldimethyltaurate / vp copolymer"", ""sodium hyaluronate"", ""disodium edta"", ""ethylhexylglycerin""]"
p00888,By Terry Detoxilyn City Essence Toner,By,62.0,Toner,"[""aqua / water / eau"", ""butylene glycol"", ""ethylhexyl methoxycinnamate"", ""isotridecyl isononanoate"", ""ethylhexyl salicylate"", ""dimethicone"", ""butyl methoxydibenzoylmethane"", ""pentylene glycol"", ""dextrin palmitate"", ""phenoxyethanol"", ""acrylates/c10-30 alkyl acrylate crosspolymer"", ""peg-60 glyceryl isostearate"", ""parfum / fragrance"", ""carbomer"", ""tocopherol"", ""sodium hydroxide"", ""palmitic acid"", ""disodium edta"", ""hexyl cinnamal"", ""linalool"", ""limonene"", ""bht"", ""benzyl salicylate"", ""hydroxycitronellal"", ""alpha-isomethyl ionone"", ""geraniol"", ""eugenol""]"
p00889,First Aid Beauty KP Bump Eraser Body Scrub with 10% AHA 226ml,First Aid Beauty,22.0,Exfoliator,"[""pumice"", ""water/aqua/eau"", ""glycolic acid"", ""sodium cocoyl isethionate"", ""lactic acid"", ""dimethicone"", ""stearic acid"", ""cetearyl alcohol"", ""sodium hydroxide"", ""palmitic acid"", ""glycerin"", ""c12-15 alkyl benzoate"", ""sorbitol"", ""colloidal oatmeal"", ""tocopherol"", ""chrysanthemum parthenium  extract"", ""camellia sinensis leaf extract"", ""glycyrrhiza glabra  root extract"", ""salix nigra  bark extract"", ""bisabolol"", ""hydrogenated coconut acid"", ""xanthan gum"", ""steareth-20"", ""steareth-21"", ""myristic acid"", ""sodium isethionate"", ""phenoxyethanol"", ""potassium sorbate"", ""sodium benzoate"", ""leuconostoc/radish root ferment filtrate"", ""edta""]"
p00890,Neutrogena Refreshingly Clear Daily Exfoliator 150ml,Neutrogena,4.99,Exfoliator,"[""water"", ""glycerin"", ""sodium laureth sulfate"", ""cellulose"", ""lauryl glucoside"", ""acrylates/c10-30 alkyl acrylate crosspolymer"", ""citrus grandis fruit extract"", ""propylene glycol"", ""sodium benzotriazolyl butylphenol sulfonate"", ""disodium edta"", ""citric acid"", ""sodium hydroxide"", ""sodium ascorbyl phosphate"", ""sodium benzoate"", ""parfum"", ""ci 16035"", ""ci 60725""]"
p00891,Frank Body Original Coffee Scrub 200g,Frank Body,12.95,Exfoliator,"[""coffea robusta seed powder"", ""prunus amygdalus dulcis  oil"", ""water"", ""sodium chloride"", ""sucrose"", ""citrus aurantium dulcis  oil"", ""tocopherol"", ""glycine soja  oil"", ""benzyl alcohol ""]"
p00892,Clinique 7 Day Scrub Cream Rinse-Off Formula 100ml,Clinique,21.0,Exfoliator,"[""water\\aqua\\eau"", ""tridecyl stearate"", ""tridecyl trimellitate"", ""dipentaerythrityl hexacaprylate/hexacaprate"", ""butylene glycol"", ""glyceryl stearate"", ""cocos nucifera  oil"", ""caprylic/capric triglyceride"", ""silica"", ""cetearyl alcohol"", ""ceteareth-20"", ""sorbitol"", ""hexyldecyl stearate"", ""bisabolol"", ""disodium cocoamphodipropionate"", ""triethanolamine"", ""oleth-10 phosphate"", ""caprylyl glycol"", ""1"", ""2-hexanediol"", ""stearyl alcohol"", ""carbomer"", ""disodium edta"", ""phenoxyethanol"", ""potassium sorbate"", ""chlorphenesin""]"
p00893,Liz Earle Gentle Face Exfoliator 70ml Pump,Liz Earle,16.5,Exfoliator,"[""water"", ""caprylic/capric triglyceride"", ""theobroma cacao  seed butter"", ""jojoba esters"", ""cetearyl alcohol"", ""cetyl esters"", ""glycerin"", ""cera alba"", ""polysorbate 60"", ""sorbitan stearate"", ""eucalyptus globulus leaf oil"", ""prunus amygdalus dulcis  oil"", ""phenoxyethanol"", ""panthenol"", ""benzoic acid"", ""dehydroacetic acid"", ""limonene"", ""ethylhexylglycerin"", ""sodium hydroxide""]"
p00894,Sukin Super Greens Facial Scrub 125ml,Sukin,9.99,Exfoliator,"[""water"", ""aloe barbadensis leaf juice"", ""sesamum indicum  seed oil"", ""cetearyl alcohol"", ""bambusa arundinacea stem powder"", ""cetyl alcohol"", ""ceteareth-20"", ""jojoba esters"", ""spirulina platensis extract"", ""chlorella vulgaris extract"", ""petroselinum crispum  extract"", ""brassica oleracea acephala leaf extract"", ""glycerin"", ""simmondsia chinensis  seed oil"", ""rosa canina fruit oil"", ""citrus aurantifolia  peel oil"", ""ananas sativus  fruit extract"", ""glycyrrhiza glabra  root extract"", ""fragrance"", ""tocopherol"", ""citric acid"", ""phenoxyethanol"", ""benzyl alcohol""]"
p00895,Avene Gentle Exfoliating Scrub 75ml,Avene,13.0,Exfoliator,"[""avene thermal spring water"", ""glycerin"", ""pentylene glycol"", ""hydroxyethyl acrylate/sodium acryloyldimethyl taurate copolymer"", ""water"", ""niacinamide"", ""cellulose acetate"", ""ascorbyl palmitate"", ""cetrimonium bromide"", ""citric acid"", ""coco-glucoside"", ""fragrance"", ""glyceryl oleate"", ""hydrogenated palm glycerides citrate"", ""jojoba esters"", ""lecithin"", ""polysorbate 60"", ""red 30"", ""sodium salicylate"", ""sorbitan isostearate"", ""talc"", ""tocopherol"", ""trisodium ethylenediamine disuccinate"", ""zinc gluconate""]"
p00896,Frank Body Shimmer Scrub 220g,Frank Body,13.95,Exfoliator,"[""sucrose"", ""vitis vinifera  seed oil"", ""sodium chloride"", ""coffea arabica seed powder"", ""glycine soja  oil"", ""daucus carota sativa  root extract"", ""tocopherol"", ""fragrance"", ""beta-carotene"", ""mica"", ""titanium dioxide"", ""iron oxide""]"
p00897,Clinique Exfoliating Scrub 100ml,Clinique,21.0,Exfoliator,"[""water\\aqua\\eau"", ""glyceryl stearate"", ""silica"", ""hexylene glycol"", ""disodium cocoamphodiacetate"", ""disodium oleamido mipa-sulfosuccinate"", ""magnesium aluminum silicate"", ""salicylic acid"", ""stearamidoethyl diethylamine"", ""oleamide mipa"", ""trisodium sulfosuccinate"", ""sodium sulfate"", ""phenoxyethanol"", ""methylisothiazolinone"", ""titanium dioxide""]"
p00898,Neutrogena Oil Balancing Daily Exfoliator 150ml,Neutrogena,4.71,Exfoliator,"[""water"", ""glycerin"", ""sodium laureth sulfate"", ""cellulose"", ""lauryl glucoside"", ""acrylates/c10-30 alkyl acrylate crosspolymer"", ""aloe barbadensis leaf juices"", ""citrus aurantifolia juice"", ""propylene glycol"", ""menthyl lactate"", ""disodium edta"", ""citric acid"", ""sodium hydroxide"", ""sodium sulfite"", ""sodium benzoate"", ""potassium sorbate"", ""parfum"", ""ci 15985"", ""ci 42090""]"
p00899,Frank Body Coconut Coffee Scrub 200g,Frank Body,13.95,Exfoliator,"[""coffea robusta seed powder"", ""water"", ""vitis vinifera  seed oil"", ""olus  oil"", ""cocos\u00a0nucifera  fruit"", ""cocos nucifera  oil"", ""sodium chloride"", ""sucrose"", ""jojoba esters"", ""fragrance"", ""tocopherol"", ""glycine soja  oil"", ""benzyl alcohol ""]"
p00900,Neutrogena Hydro Boost Exfoliator Smoothing Gel 150ml,Neutrogena,7.99,Exfoliator,"[""water"", ""sodium c14-16 olefin sulfonate"", ""cocamidopropyl hydroxysultaine"", ""glycerin"", ""sodium hydrolyzed potato starch dodecenylsuccinate"", ""acrylates crosspolymer-4"", ""cellulose"", ""carica papaya fruit extract"", ""hydrolyzed hyaluronic acid"", ""sodium chloride"", ""polysorbate 20"", ""disodium edta"", ""citric acid"", ""glycolic acid"", ""lactic acid"", ""sodium hydroxide"", ""phenoxyethanol"", ""sodium benzoate"", ""parfum""]"
p00901,JASON Brightening Apricot Scrubble (128ml),JASON,5.99,Exfoliator,"[""water"", ""cocamidopropyl betaine"", ""glyceryl stearate se"", ""cetyl alcohol"", ""juglans regia  shell powder"", ""glycerin"", ""stearic acid"", ""aloe barbadensis leaf juice"", ""calendula officinalis flower extract"", ""chamomilla recutita  flower extract"", ""prunus armeniaca  kernel oil"", ""simmondsia chinensis  seed oil"", ""allantoin"", ""steareth-20"", ""xanthan gum"", ""alcohol"", ""phenoxyethanol"", ""potassium sorbate"", ""sodium benzoate"", ""fragrance ""]"
p00902,Frank Body Original Face Scrub Pouch,Frank Body,4.95,Exfoliator,"[""water"", ""kaolin"", ""bambusa arundinacea stem powder"", ""cetearyl olivate"", ""coffea arabica seed powder"", ""juglans regia  shell powder"", ""sorbitan olivate"", ""sodium lauroyl methyl isethionate"", ""vitis vinifera  seed oil"", ""glycerin"", ""mel"", ""prunus amygdalus dulcis  oil"", ""benzyl alcohol"", ""xanthan gum"", ""butyrospermum parkii"", ""cocos nucifera  oil"", ""theobroma cacao  seed butter"", ""olus  oil"", ""potassium sorbate"", ""citric acid"", ""carrageenan"", ""tocopherol"", ""dehydroacetic acid"", ""rosa canina fruit oil"", ""glycine soja  oil"", ""sodium methyl isethionate"", ""lauric acid"", ""zinc laurate"", ""sodium laurate""]"
p00903,Origins Modern Friction™ Exfoliator 75ml,Origins,27.0,Exfoliator,"[""water"", ""rosa damascena  flower water"", ""oryza sativa  starch"", ""sodium laureth sulfate"", ""glycerin"", ""cocamide mea"", ""glycol distearate"", ""acrylates copolymer"", ""pentylene glycol"", ""polysorbate 20"", ""citrus aurantium bergamia  fruit oil"", ""citrus limon  peel oil"", ""cucumis sativus  oil"", ""cinnamomum camphora  oil"", ""litsea cubeba fruit oil"", ""citrus aurantium amara  peel extract"", ""ocimum basilicum  oil"", ""mentha piperita  oil"", ""citral"", ""linalool"", ""benzyl salicylate"", ""limonene"", ""aloe barbadensis leaf extract"", ""scutellaria baicalensis root extract"", ""pyrus malus  fruit extract"", ""cucumis sativus  fruit extract"", ""tetrahexyldecyl ascorbate"", ""butylene glycol"", ""hexylene glycol"", ""sodium cocoate"", ""caprylyl glycol"", ""sodium sulfate"", ""hydroxypropyl methylcellulose"", ""sodium chloride"", ""pentaerythrityl tetra-di-t-butyl hydroxyhydrocinnamate"", ""laureth-2"", ""edta"", ""disodium edta"", ""trisodium hedta"", ""sodium hydroxide"", ""methylchloroisothiazolinone"", ""methylisothiazolinone"", ""phenoxyethanol"", ""titanium dioxide ""]"
p00904,L'Oréal Paris Smooth Sugars Clearing Sugar Scrub 50ml,L'Oréal Paris,7.99,Exfoliator,"[""glycerin"", ""propylene glycol"", ""sucrose"", ""cymbopogon schoenanthus oil"", ""actinidia chinensis seed / kiwi seed"", ""peg-30 dipolyhydroxystearate"", ""saccharide hydrolysate"", ""trideceth-6"", ""triethanolamine"", ""mentha piperita oil / peppermint oil"", ""acrylates/c10-30 alkylacrylate crosspolymer"", ""caramel"", ""ci 19140 / yellow 5"", ""ci 61570 / green 5"", ""linalool"", ""parfum / fragrance""]"
p00905,Frank Body Peppermint Scrub 200g,Frank Body,13.95,Exfoliator,"[""coffea robusta seed powder"", ""water"", ""prunus amygdalus dulcis  oil"", ""olea europaea \u00a0fruit oil"", ""sodium chloride"", ""sucrose"", ""mentha arvensis  leaf oil"", ""aloe barbadensis\u00a0 leaf juice"", ""prostanthera incisa  leaf extract"", ""glycerin"", ""sodium benzoate"", ""citric acid"", ""potassium sorbate"", ""tocopherol"", ""glycine soja  oil"", ""benzyl alcohol ""]"
p00906,Elizabeth Arden Visible Difference Skin Balancing Exfoliating Cleanser (125ml),Elizabeth Arden,18.0,Exfoliator,"[""water/aqua/eau"", ""glycerin"", ""sodium cocoyl glycinate"", ""disodium lauryl sulfosuccinate"", ""myristic acid"", ""sodium methyl cocoyl taurate"", ""sucrose polybehenate"", ""cocamidopropyl betaine"", ""tocopherol"", ""tocopheryl acetate"", ""arginine"", ""bisabolol"", ""cetyl hydroxyethylcellulose"", ""stearic acid"", ""butylene glycol"", ""acrylates/c10-30 alkyl acrylate crosspolymer"", ""polyethylene"", ""xanthan gum"", ""lauric acid"", ""disodium edta"", ""sodium chloride"", ""parfum/fragrance"", ""benzoic acid"", ""methylparaben"", ""phenoxyethanol"", ""propylparaben"", ""sorbic acid"", ""chlorphenesin""]"
p00907,Sanctuary Spa Complexion Perfecting Radiance Mini Exfoliator 15ml,Sanctuary Spa,2.99,Exfoliator,"[""glycerin"", ""water"", ""peg-60 hydrogenated castor oil"", ""polysorbate 60"", ""glyceryl stearate"", ""sorbitan stearate"", ""prunus armeniaca  seed powder"", ""peg-100 stearate"", ""disodium cocoamphodiacetate"", ""vitis vinifera"", ""lactobacillus/cucurbita pepo ferment extract"", ""limonene"", ""diazolidinyl urea"", ""sodium benzoate"", ""disodium edta"", ""carbomer"", ""xanthan gum"", ""potassium sorbate"", ""carica papaya  fruit extract"", ""citrus nobilis  peel oil"", ""citrus limon  peel oil"", ""sodium hydroxide"", ""citral"", ""phenoxyethanol"", ""ananas sativus  fruit extract"", ""edta"", ""citric acid"", ""benzoic acid"", ""dehydroacetic acid"", ""ethylhexylglycerin"", ""polyaminopropyl biguanide""]"
p00908,ELEMIS Superfood Blackcurrant Jelly Exfoliator 50ml,ELEMIS,28.0,Exfoliator,"[""glycerin"", ""prunus amygdalus dulcis  oil"", ""octyldodecanol"", ""ribes nigrum  fruit"", ""ethylhexyl olivate"", ""phenoxyethanol"", ""linum usitatissimum  seed oil"", ""ribes nigrum  seed oil"", ""sodium acrylates copolymer"", ""aqua/water/eau"", ""fragrance"", ""polyglyceryl-4 olivate"", ""benzoic acid"", ""nigella sativa seed oil"", ""betula alba juice"", ""dehydroacetic acid"", ""alpha-glucan oligosaccharide"", ""camellia sinensis seed oil"", ""candida bombicola/glucose/methyl rapeseedate ferment"", ""propylene glycol"", ""linalool"", ""vaccinium myrtillus  fruit extract"", ""vitis vinifera  seed extract"", ""camellia sinensis  leaf extract"", ""chlorphenesin"", ""tocopherol"", ""citric acid"", ""potassium sorbate"", ""sodium benzoate"", ""ribes nigrum  bud oil""]"
p00909,DECLÉOR Phytopeel - Natural Exfoliating Cream (50ml),DECLÉOR,23.8,Exfoliator,"[""water"", ""paraffin"", ""stearic acid"", ""magnesium aluminum silicate"", ""triethanolamine"", ""citrus medica limonum  peel oil"", ""lavandula angustifolia  oil"", ""thymus mastichina  oil"", ""arctium majus root extract"", ""sambucus nigra flower extract"", ""thymus vulgaris  oil"", ""malva sylvestris  extract"", ""propylene glycol"", ""glyceryl stearate"", ""peg-100 stearate"", ""montmorillonite"", ""tetrasodium edta"", ""d-limonene"", ""linalool"", ""phenoxyethanol"", ""methylparaben"", ""ethylparaben"", ""butylparaben"", ""isobutylparaben"", ""propylparaben""]"
p00910,Frank Body Lip Scrub 15ml,Frank Body,8.95,Exfoliator,"[""sucrose"", ""coco-caprylate/caprate"", ""silica dimethyl silylate"", ""beeswax"", ""coffea robusta  seed powder"", ""coffea arabica  seed oil"", ""macadamia ternifolia seed oil"", ""vitis vinifera  fruit extract"", ""fragrance"", ""tocopherol"", ""glycine soja  oil"", ""caprylic/capric triglyceride""]"
p00911,NIP+FAB Glycolic Fix Exfoliating Mask 18g,NIP+FAB,7.0,Exfoliator,"[""water"", ""dipropylene glycol"", ""glycerin"", ""glycolic acid"", ""arginine"", ""hydroxyethylcellulose"", ""butylene glycol"", ""paeonia suffruticosa root extract"", ""centella asiatica extract"", ""1"", ""2-hexanediol"", ""panthenol"", ""peg-60 hydrogenated castor oil"", ""chamomilla recutita  flower extract"", ""glyceryl caprylate"", ""sodium lactate"", ""ethylhexylglycerin"", ""disodium edta"", ""parfum"", ""pantolactone"", ""sodium hyaluronate""]"
p00912,NYX Professional Makeup This is Everything Lip Scrub,NYX Professional Makeup,6.0,Exfoliator,"[""erythritol"", ""petrolatum"", ""ethylhexyl palmitate"", ""mineral oil/paraffinum liquidum/huile min\u00e9rale"", ""microcrystalline wax/cera microcristallina/cire microcristalline"", ""simmondsia chinensis  seed oil"", ""helianthus annuus  seed oil"", ""ethylene/propylene/styrene copolymer"", ""butylene/ethylene/styrene copolymer"", ""tocopherol"", ""tocopheryl acetate"", ""pentaerythrityl tetra-di-t-butyl hydroxyhydrocinnamate"", ""phenoxyethanol"", ""fragrance/parfum"", ""eugenol"", ""hydroxycitronellal"", ""benzyl alcohol"", ""benzyl salicylate""]"
p00913,Garnier Pure Active Daily Energising Gel Scrub for Oily Skin 150ml,Garnier,4.99,Exfoliator,"[""aqua / water"", ""coco-betaine"", ""butylene glycol"", ""sodium laureth sulfate"", ""perlite"", ""disodium cocoamphodiacetate"", ""sodium chloride"", ""acrylates/c10-30 alkyl acrylate crosspolymer"", ""ascorbyl glucoside"", ""benzyl alcohol"", ""benzyl salicylate"", ""capryloyl salicylic acid"", ""ci 15510 / orange 4"", ""ci 17200 / red 33"", ""citronellol"", ""citrus grandis fruit extract / grapefruit fruit extract"", ""eucalyptus globulus leaf extract"", ""glycerin"", ""limonene"", ""linalool"", ""peg-30 dipolyhydroxystearate"", ""polyquaternium-47"", ""propylene glycol"", ""punica granatum extract"", ""salicylic acid"", ""sodium benzoate"", ""sodium hydroxide"", ""tetrasodium edta"", ""trideceth-6"", ""xanthan gum"", ""zinc gluconate"", ""parfum / fragrance""]"
p00914,DECLÉOR 1000 Grain Body Exfoliator (200ml),DECLÉOR,21.0,Exfoliator,"[""grapefruit essential oil"", ""argan shells"", ""orange peel"", ""grains of sugar"", ""sweet almond oil"", ""sunflower oil"", ""grape"", ""pineapple"", ""passion fruit""]"
p00915,Frank Body Cacao Coffee Scrub 200g,Frank Body,13.95,Exfoliator,"[""coffea robusta seed powder"", ""water"", ""prunus amygdalus dulcis  oil"", ""sodium chloride"", ""sucrose"", ""juglans regia  shell powder"", ""fragrance"", ""theobroma cacao  fruit powder"", ""theobroma cacao  extract glycerin"", ""tocopherol"", ""glycine soja  oil"", ""macadamia ternifolia seed oil"", ""benzyl alcohol ""]"
p00916,L'Oréal Paris Smooth Sugars Glowing Sugar Scrub 50ml,L'Oréal Paris,7.99,Exfoliator,"[""sucrose"", ""ethylhexyl palmitate"", ""peg-7 glyceryl cocoate"", ""stearalkonium hectorite"", ""propylene carbonate"", ""silica"", ""rosmarinus officinalis extract / rosemary extract"", ""sorbitan oleate"", ""saccharide hydrolysate"", ""glycerin"", ""gardenia taitensis flower"", ""euterpe oleracea pulp powder"", ""helianthus annuus seed oil / sunflower seed oil"", ""vitis vinifera seed oil / grape seed oil"", ""haematococcus pluvialis extract"", ""alumina"", ""cocos nucifera oil / coconut oil"", ""propylene glycol"", ""caprylic/capric triglyceride"", ""capsicum annuum extract / capsicum annuum fruit extract"", ""polysorbate 80"", ""tocopherol"", ""ci 15985 / yellow 6 lake"", ""ci 61565 / green 6"", ""ci 75130 / beta-carotene"", ""caramel"", ""ci 19140 / yellow 5 lake"", ""ci 42090 / blue 1 lake"", ""linalool"", ""limonene"", ""citral"", ""parfum / fragrance""]"
p00917,Mama Mio The Tummy Rub Scrub 180ml,Mama Mio,18.0,Exfoliator,"[""aloe barbadensis leaf juice"", ""aqua/water/eau"", ""caprylic/capric triglyceride"", ""pumice"", ""glyceryl stearate"", ""glycerin"", ""cetearyl alcohol"", ""fragrance"", ""isoamyl laurate"", ""sodium stearoyl glutamate"", ""phenoxyethanol"", ""limonene"", ""argania spinosa kernel oil"", ""bambusa arundinacea  stem powder"", ""persea gratissima  oil"", ""plukenetia volubilis  seed oil"", ""behentrimonium methosulfate"", ""tocopherol"", ""lactobacillus/punica granatum fruit ferment extract"", ""lactic acid"", ""helianthus annuus  seed oil"", ""ethylhexylglycerin"", ""silica"", ""citral"", ""linalool"", ""ficus carica  fruit/leaf extract"", ""leuconostoc/radish root ferment filtrate"", ""carica papaya  fruit extract""]"
p00918,Lancôme Confort Hydrating Gentle Sugar Scrub 100ml,Lancôme,27.45,Exfoliator,"[""glycerin"", ""propylene glycol"", ""sucrose"", ""mel / honey"", ""ci 14700 / red 4"", ""ci 17200 / red 33"", ""sodium hyaluronate"", ""argania spinosa shell powder"", ""peg-30 dipolyhydroxystearate"", ""arginine"", ""triethanolamine"", ""trideceth-6"", ""salicylic acid"", ""panthenol"", ""propanediol"", ""acrylates/c10-30 alkyl acrylate crosspolymer"", ""rosa damascena flower water"", ""citric acid"", ""prunus amygdalus dulcis oil / sweet almond oil"", ""parfum / fragrance""]"
p00919,Sukin Energising Body Scrub with Coffee and Coconut 200ml,Sukin,11.95,Exfoliator,"[""water"", ""aloe barbadensis leaf juice"", ""sesamum indicum  seed oil"", ""cetearyl alcohol"", ""juglans regia  shell\u00a0powder"", ""cetyl alcohol"", ""ceteareth-20"", ""coffea arabica  seed powder"", ""cocos nucifera  oil"", ""cocos nucifera \u00a0shell powder"", ""caffeine"", ""coffea arabica  seed extract"", ""simmondsia chinensis  seed oil"", ""rosa canina fruit oil"", ""tocopherol"", ""glycerin"", ""lecithin"", ""phenoxyethanol"", ""benzyl alcohol"", ""fragrance ""]"
p00920,benefit Smooth It Off 2-in-1 Facial Cleansing Exfoliator ,benefit,21.5,Exfoliator,"[""water"", ""hydrogenated jojoba oil"", ""behenyl alcohol"", ""glycereth-26"", ""butylene glycol"", ""caprylic/capric triglyceride"", ""cetearyl alcohol"", ""diisopropyl adipate"", ""arachidyl alcohol"", ""olive oil peg-7 esters"", ""palmitic acid"", ""stearic acid"", ""phenoxyethanol"", ""ci 77891"", ""myristyl myristate"", ""perlite"", ""arachidyl glucoside"", ""butyrospermum parkii"", ""parfum"", ""sodium polyacrylate"", ""jojoba alcohol"", ""potassium jojobate"", ""simmondsia chinensis  butter"", ""dipotassium glycyrrhizate"", ""disodium edta"", ""ethylhexylglycerin"", ""propanediol"", ""linalool"", ""bht"", ""tocopherol""]"
p00921,bareMinerals Poreless Exfoliating Essence 150ml,bareMinerals,22.0,Exfoliator,"[""water"", ""dipropylene glycol"", ""butylene glycol"", ""glycerin"", ""coconut acid"", ""polyurethane-35"", ""saccharum officinarum  extract"", ""acer saccharum  extract"", ""citrus aurantium dulcis  fruit extract"", ""citrus limon  fruit extract"", ""morinda citrifolia leaf extract"", ""salvia hispanica seed extract"", ""leuconostoc/radish root ferment filtrate"", ""vaccinium myrtillus fruit extract"", ""caprylyl glycol"", ""xylitol"", ""citric acid"", ""trisodium edta"", ""sodium citrate"", ""methylpropanediol"", ""phenylpropanol"", ""phenoxyethanol""]"
p00922,Frank Body Creamy Face Scrub 125ml,Frank Body,15.95,Exfoliator,"[""water"", ""kaolin"", ""coffea arabica seed powder"", ""cetearyl olivate"", ""bambusa arundinacea stem  powder"", ""juglans regia  shell powder"", ""sorbitan olivate"", ""sodium lauroyl methyl isethionate"", ""vitis vinifera  seed oil"", ""glycerin"", ""prunus amygdalus dulcis  oil"", ""honey"", ""olus  oil"", ""cocos nucifera  oil"", ""butyrospermum parkii  butter"", ""theobroma cacao  seed butter"", ""tocopherol"", ""glycine soja  oil"", ""rosa canina fruit  oil"", ""chondrus crispus"", ""xanthan gum"", ""citric acid"", ""benzyl alcohol"", ""potassium sorbate"", ""dehydroacetic acid""]"
p00923,Gallinée Prebiotic Face Mask and Scrub 100ml,Gallinée,15.3,Exfoliator,"[""water"", ""kaolin"", ""cetearyl alcohol"", ""olea europaea  seed powder"", ""glycerin"", ""decyl oleate"", ""cetyl alcohol"", ""behenyl alcohol"", ""lactic acid"", ""cetearyl glucoside"", ""alpha-glucan oligosaccharide"", ""zinc pca"", ""inulin"", ""panthenol"", ""tocopheryl acetate"", ""maris sal"", ""parfum"", ""ethylhexylglycerin"", ""arginine"", ""propanediol"", ""caprylyl glycol"", ""xanthan gum"", ""sodium acrylate/sodium acryloyldimethyl taurate copolymer"", ""isohexadecane"", ""caprylhydroxamic acid"", ""polysorbate 80"", ""sorbitan oleate"", ""tocopherol"", ""silica"", ""hydrogenated palm glycerides citrate"", ""sodium hydroxide"", ""tetrasodium glutamate diacetate"", ""limonene""]"
p00924,Dr Brandt Microdermabrasion Skin Exfoliant (60g),Dr Brandt,64.0,Exfoliator,"[""water"", ""alumina"", ""caprylic/capric triglyceride"", ""glycerin"", ""cetyl alcohol"", ""glyceryl stearate"", ""peg-12 glyceryl distearate"", ""peg-100 stearate"", ""ammonium acryloyldimethyltaurate/vp copolymer"", ""simmondsia chinensis  seed oil"", ""xanthan gum"", ""lactic acid"", ""fragrance"", ""menthone glycerin acetal"", ""allantoin"", ""magnesium chloride"", ""magnesium nitrate"", ""tocopheryl acetate"", ""magnesium oxide"", ""butylene glycol"", ""aloe barbadensis leaf extract"", ""vitis vinifera  seed extract"", ""chamomilla recutita  flower extract"", ""camellia oleifera leaf extract"", ""camellia sinensis leaf extract"", ""methylchloroisothiazolinone"", ""methylisothiazolinone"", ""phenoxyethanol"", ""methylparaben"", ""butylparaben"", ""propylparaben"", ""isobutylparaben"", ""citral"", ""limonene""]"
p00925,Filorga Scrub and Mask 55ml,Filorga,44.0,Exfoliator,"[""water"", ""perfluorohexane"", ""propanediol"", ""protease"", ""perlite"", ""sodium poylacrylate"", ""polysorbate 20"", ""perfluorodecalin"", ""polyacrylate-13"", ""butylene glycol"", ""decyl glucoside"", ""benzyl alcohol"", ""pentafluoropropane"", ""polyisobutene"", ""parfum"", ""polyacrylate crosspolymer-6"", ""chlorphenesin"", ""sucrose palmitate"", ""citric acid"", ""ci77891"", ""disodium edta"", ""sorbitan isostearate"", ""glyceryl linoleate"", ""prunus amygdalus dulcis  oil"", ""sodium chloride"", ""1"", ""2-hexanediol"", ""caprylyl glycol"", ""t-butyl alcohol"", ""glucose"", ""phenoxyethanol"", ""sodium hyaluronate"", ""potassium chloride"", ""potassium sorbate"", ""calcium chloride"", ""magnesium sulfate"", ""glutamine"", ""sodium phosphate"", ""ascorbic acid"", ""sodium acetate"", ""tocopherol"", ""lysine hcl"", ""arginine"", ""alanine"", ""histidine"", ""valine"", ""leucine"", ""threonine"", ""isoleucine"", ""tryptophan"", ""phenylalanine"", ""tyrosine"", ""glycine"", ""polysorbate 80"", ""serine"", ""deoxyadenosine"", ""cystine"", ""asparagine"", ""aspartic acid"", ""glutathione"", ""cyanocobalamin"", ""deoxycytidine"", ""deoxyguanosine"", ""deoxythymidine"", ""ornithine"", ""glutamic acid"", ""nicotinamide adenine dinucleotide"", ""proline"", ""aminobutyric acid"", ""methionine"", ""taurine"", ""hydroxyproline"", ""glucosamine"", ""coenzyme a"", ""glucuronolactone"", ""sodium glucuronate"", ""sodium uridine triphosphate"", ""thiamine diphosphate"", ""inositol"", ""methyl deoxycytidine"", ""retinyl acetate"", ""disodium flavine adenine dinucleotide"", ""niacin"", ""niacinamide"", ""pyridoxal 5-phosphate"", ""pyridoxine hcl"", ""biotin"", ""calcium pantothenate"", ""folic acid"", ""riboflavin"", ""tocopheryl phosphate""]"
p00926,Sanctuary Spa Complexion Perfecting Radiance Exfoliator 100ml,Sanctuary Spa,10.0,Exfoliator,"[""glycerin"", ""water"", ""peg-60 hydrogenated castor oil"", ""polysorbate 60"", ""glyceryl stearate"", ""sorbitan stearate"", ""prunus armeniaca  seed powder"", ""peg-100 stearate"", ""disodium cocoamphodiacetate"", ""vitis vinifera"", ""lactobacillus/cucurbita pepo ferment extract"", ""limonene"", ""diazolidinyl urea"", ""sodium benzoate"", ""disodium edta"", ""carbomer"", ""xanthan gum"", ""potassium sorbate"", ""carica papaya  fruit extract"", ""citrus nobilis  peel oil"", ""citrus limon  peel oil"", ""sodium hydroxide"", ""citral"", ""phenoxyethanol"", ""ananas sativus  fruit extract"", ""edta"", ""citric acid"", ""benzoic acid"", ""dehydroacetic acid"", ""ethylhexylglycerin"", ""polyaminopropyl biguanide""]"
p00927,Indeed Labs Exfoliator II 75g,Indeed Labs,24.99,Exfoliator,"[""sodium myristoryl glutamate"", ""malic acid"", ""sodium carbonate"", ""peg-150"", ""zea mays  starch"", ""sorbitol"", ""sodium lauroyl glutamate"", ""sodium polyacrylate"", ""phenoxyethanol"", ""sodium dehydroacetate"", ""silica"", ""hydrolyzed opuntia ficus indica flower extract"", ""dextrin palmitate"", ""caprylic/capric triglyceride"", ""bromelain"", ""water"", ""butylene glycol"", ""sorbitan trioleate"", ""sodium hyaluronate"", ""glycerin"", ""apium graveolens  seed extract"", ""oryza sativa  bran extract"", ""linum usitatissimum  seed extract""]"
p00928,The Ritual of Namasté Skin Brightening Face Exfoliator,Rituals,12.9,Exfoliator,"[""water"", ""caprylic/capric triglyceride"", ""cetearyl alcohol"", ""glycerin"", ""bambusa arundinacea stem powder"", ""sesamum indicum  seed oil"", ""hydrogenated coco-glycerides"", ""glycine soja  oil"", ""calendula officinalis flower extract"", ""moringa pterygosperma seed extract"", ""nelumbo nucifera flower extract"", ""helianthus annuus  seed oil"", ""gluconolactone"", ""calcium gluconate"", ""cetearyl glucoside"", ""sodium stearoyl glutamate"", ""bisabolol"", ""maltodextrin"", ""tocopherol"", ""acacia senegal gum"", ""xanthan gum"", ""phytic acid"", ""citric acid"", ""sodium hydroxide"", ""potassium sorbate"", ""sodium benzoate"", ""limonene"", ""linalool"", ""citral"", ""parfum/fragrance""]"
p00929,Natio Gentle Facial Scrub (100g),Natio,10.0,Exfoliator,"[""water"", ""cetearyl alcohol"", ""hydrogenated polyisobutene"", ""paraffin"", ""bambusa arundinacea stem powder"", ""ammonium lauryl sulfate"", ""glyceryl stearate"", ""potassium cetyl phosphate"", ""allantoin"", ""rosa canina fruit extract"", ""ascophyllum nodosum extract"", ""propylene glycol"", ""fragrance"", ""carbomer"", ""disodium edta"", ""triethanolamine"", ""ethylhexylglycerin"", ""benzyl alcohol"", ""phenoxyethanol""]"
p00930,NUXE Fondant Body Scrub (200ml),NUXE,18.5,Exfoliator,"[""water"", ""glycerin"", ""hydrogenated coconut oil"", ""cetearyl alcohol"", ""citrus aurantium dulcis  peel powder"", ""juglans regia  shell powder"", ""litchi chinensis seed powder"", ""coco-caprylate/caprate"", ""cocos nucifera  oil"", ""coco-glucoside"", ""hydroxyethyl acrylate/sodium acryloyldimethyl taurate copolymer"", ""sodium stearoyl lactylate"", ""glyceryl oleate"", ""benzyl alcohol"", ""tocopherol"", ""parfum/fragrance"", ""capryloyl glycine"", ""citric acid"", ""sodium hydroxide"", ""xanthan gum"", ""polysorbate 60"", ""sorbitan isostearate"", ""tetrasodium edta"", ""1"", ""2-hexanediol"", ""caprylyl glycol"", ""dehydroacetic acid"", ""citrus aurantium dulcis  flower extract"", ""prunus amygdalus dulcis  flower extract"", ""tropolone"", ""hydrogenated palm glycerides citrate""]"
p00931,DHC Facial Scrub (100g),DHC,16.0,Exfoliator,"[""water/aqua/eau"", ""stearic acid"", ""butylene glycol"", ""prunus armeniaca  seed powder"", ""pentylene glycol"", ""potassium cocoate"", ""glyceryl stearate se"", ""potassium hydroxide"", ""phenoxyethanol"", ""urea"", ""allantoin"", ""sapindus mukurossi peel extract"", ""dipotassium glycyrrhizate"", ""chlorhexidine digluconate""]"
p00932,L'Oréal Paris Smooth Sugar Wake-Up Coffee Face and Lip Scrub 50ml,L'Oréal Paris,9.99,Exfoliator,"[""glycerin"", ""propanediol"", ""sucrose"", ""coffea arabica seed powder / coffee seed powder"", ""prunus amygdalus dulcis oil / sweet almond oil"", ""cocos nucifera oil / coconut oil"", ""triethanolamine"", ""acrylates/c10-30 alkyl acrylate"", ""crosspolymer"", ""caramel"", ""peg-30 dipolyhydroxystearate"", ""saccharide hydrolysate"", ""trideceth-6"", ""parfum / fragrance""]"
p00933,Oh K! Chok Chok Shimmer Face Scrub,Oh K!,10.0,Exfoliator,"[""water"", ""butylene glycol"", ""1"", ""2-hexanediol"", ""jojoba esters"", ""glycerin"", ""ethylhexyl palmitate"", ""carbomer"", ""tromethamine"", ""cellulose acetate"", ""cetyl ethylhexanoate"", ""microcrystalline cellulose"", ""allantoin"", ""panthenol"", ""polyglyceryl-10 oleate"", ""trehalose"", ""ethylhexylglycerin"", ""triacetin"", ""disodium edta"", ""hydrogenated lecithin"", ""polyurethane-33"", ""ruby extract"", ""phenoxyethanol"", ""citrine extract"", ""ci 15850"", ""ci 19140"", ""acrylates copolymer"", ""silica"", ""cyanocobalamin"", ""ci 77000"", ""amethyst extract""]"
p00934,Holika Holika Pig Nose Clear Blackhead Cleansing Sugar Scrub,Holika Holika,9.95,Exfoliator,"[""sucrose"", ""petrolatum"", ""peg-7 glyceryl cocoate"", ""glycerin"", ""microcrystalline wax"", ""isododecane"", ""mineral oil"", ""sorbitol"", ""sorbitan sesquioleate"", ""polyethylene"", ""cetyl alcohol"", ""trihydroxystearin"", ""peg-23 stearate"", ""ceteareth-20"", ""oleth-5"", ""dystearmonium hectorite"", ""polysorbate 20"", ""phenoxyethanol"", ""methylparaben"", ""fragrance"", ""propylene carbonate"", ""moroccan lava clay"", ""kaolin"", ""aloe barbadensis leaf juice"", ""water"", ""citrus medica limonum  fruit extract"", ""potassium sorbate"", ""sodium benzoate"", ""butyl paraben"", ""ethylparaben"", ""isobutyl paraben"", ""propylparaben""]"
p00935,MAC Mineralize Volcanic Ash Exfoliator,MAC,23.0,Exfoliator,"[""sucrose"", ""sodium lauroyl lactylate"", ""disodium coco-glucoside sulfosuccinate"", ""lauramidopropyl betaine"", ""volcanic ash"", ""methyl gluceth-20"", ""peg-7 glyceryl cocoate"", ""ethylhexylglycerin"", ""caprylyl glycol"", ""hexylene glycol"", ""sodium cocoyl glutamate"", ""fragrance"", ""phenoxyethanol"", ""iron oxides""]"
p00936,L'Oréal Paris Smooth Sugars Nourishing Sugar Scrub 50ml,L'Oréal Paris,7.99,Exfoliator,"[""isopropyl palmitate"", ""sucrose"", ""c10-18 triglycerides"", ""synthetic wax"", ""glyceryl stearate"", ""trihydroxystearin"", ""glycine soja oil / soybean oil"", ""peg-7 glyceryl cocoate"", ""perlite"", ""prunus armeniaca kernel oil / apricot kernel oil"", ""cera alba / beeswax"", ""rosmarinus officinalis extract / rosemary extract"", ""theobroma grandiflorum seed powder"", ""saccharide hydrolysate"", ""glycerin"", ""helianthus annuus seed oil / sunflower seed oil"", ""silica silylate"", ""cocos nucifera oil / coconut oil"", ""theobroma cacao seed butter / cocoa seed butter"", ""caprylyl glycol"", ""tocopherol"", ""pentaerythrityl tetra-di-t-butyl hydroxyhydrocinnamate"", ""phenoxyethanol"", ""ci 77491"", ""ci 77492"", ""ci 77499 / iron oxides"", ""caramel"", ""linalool"", ""coumarin"", ""limonene"", ""parfum / fragrance""]"
p00937,Natio Dual Action Cleanser And Exfoliator (100g),Natio,12.0,Exfoliator,"[""water"", ""ammonium lauryl sulfate"", ""cocamidopropyl betaine"", ""cellulose acetate"", ""glycerin"", ""cetearyl alcohol"", ""decyl glucoside"", ""ceteareth-20"", ""glycol stearate"", ""vaccinium myrtillus fruit extract"", ""saccharum officinarum  extract"", ""acer saccharum  extract"", ""citrus aurantium dulcis  fruit extract"", ""citrus limon  fruit extract"", ""acrylates/c10-30 alkyl acrylate crosspolymer"", ""tetrasodium edta"", ""rosa canina fruit oil"", ""triethanolamine"", ""phenoxyethanol"", ""caprylyl glycol"", ""citrus aurantium dulcis  peel oil"", ""rosmarinus officinalis  leaf oil"", ""fragrance"", ""cedrus atlantica bark oil""]"
p00938,Polaar Arctic Cotton Gentle Scrub 50ml,Polaar,25.0,Exfoliator,"[""water"", ""dicaprylyl carbonate"", ""caprylic/capric triglyceride"", ""glycerin"", ""cetearyl alcohol"", ""glyceryl stearate"", ""peg-100 stearate"", ""silica"", ""dimethicone"", ""pumice"", ""simmondsia chinensis seed oil"", ""parfum"", ""jojoba esters"", ""benzyl alcohol"", ""acrylates/c10-30 alkyl acrylate crosspolymer"", ""eriophorium spissum flower/stem extract"", ""allantoin"", ""dehydroacetic acid"", ""tocopheryl acetate"", ""sodium hydroxide"", ""d-limonene"", ""linalol""]"
p00939,Löwengrip Purify my Skin Facial Scrub 75ml,Löwengrip,18.0,Exfoliator,"[""water"", ""propylene glycol"", ""silica"", ""glycerin"", ""acrylates/steareth-20 methacrylate crosspolymer"", ""peg-7 glyceryl cocoate"", ""propanediol"", ""cellulose acetate"", ""phenoxyethanol"", ""peg-40 hydrogenated castor oil"", ""caprylyl glycol"", ""polyquaternium-7"", ""sodium hydroxide"", ""caprylhydroxamic acid"", ""allantoin"", ""sodium benzoate"", ""niacinamide"", ""sodium starch octenylsuccinate"", ""maltodextrin"", ""calcium pantothenate"", ""sodium ascorbyl phosphate"", ""tocopheryl acetate"", ""pyridoxine hcl"", ""parfum ""]"
p00940,ilapothecary Powerful Purifying Face Scrub 50g,ilapothecary,27.0,Exfoliator,"[""mel"", ""sodium cocoyl hydrolyzed soy protein"", ""rose damascena flower water"", ""prunus domestica seed powder"", ""garnet exfoliator"", ""caprylyl capryl glucoside"", ""glycerin"", ""glycerin"", ""water"", ""sodium levulinate"", ""sodium anisate"", ""p-anisic acid"", ""glyceryl caprylate"", ""hydroxy ethyl cellulose"", ""pogostemon cablin  oil"", ""petitgrain bigarde oil""]"
p00941,Chantecaille Hibiscus and Bamboo Exfoliating Cream,Chantecaille,73.0,Exfoliator,"[""rosa damascena flower water"", ""aqua/water/eau"", ""caprylic/ capric triglyceride"", ""c12-20 acid peg-8 ester"", ""polylactic acid"", ""propanediol"", ""dimethicone"", ""glycolic acid"", ""glyceryl stearate"", ""cetyl alcohol"", ""magnesium aluminum silicate"", ""sodium hydroxide"", ""glycerin"", ""phenoxyethanol"", ""xanthan gum"", ""potassium cetyl phosphate"", ""saccharide isomerate"", ""ci 77891"", ""polyacrylamide"", ""ethylhexylglycerin"", ""c13-14 isoparaffin"", ""disodium edta"", ""hibiscus sabdariffa flower extract"", ""citrus nobilis  peel oil"", ""citrus grandis  fruit extract"", ""laureth-7"", ""rosa damascena flower oil"", ""peg-8"", ""acacia decurrens flower wax"", ""jasminum grandiflorum  flower wax"", ""narcissus poeticus flower wax"", ""sodium hyaluronate"", ""lecithin"", ""citric acid"", ""papain"", ""sodium citrate"", ""tocopherol"", ""ascorbyl palmitate"", ""bambusa arundinacea stem extract"", ""ascorbic acid"", ""hexanoyl dipeptide-3 norleucine acetate"", ""limonene"", ""citronellol"", ""geraniol"", ""linalool""]"
p00942,Avant Skincare Velvet Perfecting Rose Sugar Lip Scrub 10ml,Avant Skincare,58.0,Exfoliator,"[""allantoin"", ""water"", ""argania spinosa shell powder"", ""butylene glycol"", ""carbomer"", ""ci 17200"", ""citric acid"", ""disodium edta"", ""ethylhexylglycerin"", ""fructose"", ""glucose"", ""glycerin"", ""maltose"", ""paeonia lactiflora root extract"", ""parfum"", ""peg/ppg-20/6 dimethicone"", ""pentylene glycol"", ""phenoxyethanol"", ""potassium sorbate"", ""propylene glycol"", ""prunus amygdalus dulcis  oil"", ""simmondsia chinensis  seed oil"", ""sodium benzoate"", ""sodium chloride"", ""sodium hyaluronate"", ""sodium hydroxide"", ""sodium lactate"", ""sodium pca"", ""sucrose"", ""trehalose"", ""urea""]"
p00943,Löwengrip Advanced Skin Care Cell Renewal Facial Exfoliant 75ml,Löwengrip,43.0,Exfoliator,"[""water"", ""propylene glycol"", ""cocamidopropyl dimethylamine"", ""polyquaternium-37"", ""salicylic acid"", ""glycolic acid"", ""peg-40 hydrogenated castor oil"", ""phenoxyethanol"", ""caprylyl glycol"", ""bisabolol"", ""sodium hydroxide"", ""parfum ""]"
p00944,Talika Skintelligence Hydra Face Gentle Scrub 50ml,Talika,27.9,Exfoliator,"[""water"", ""paraffin"", ""kaolin"", ""glyceryl stearate"", ""stearic acid"", ""butylene glycol"", ""cetyl alcohol"", ""dimethicone"", ""glycerin"", ""phenoxyethanol"", ""sodium hydroxide"", ""chlorphenesin"", ""prunus amygdalus dulcis  protein"", ""tetrasodium edta"", ""chamomilla recutita  flower extract"", ""citric acid"", ""propanediol"", ""sodium benzoate"", ""potassium sorbate"", ""ci 14700"", ""chlorella vulgaris extract"", ""lactic acid""]"
p00945,INIKA Phytofuse Renew Caviar Lime Exfoliator,INIKA,33.0,Exfoliator,"[""aloe barbadensis leaf  juice"", ""glycerin"", ""water"", ""hydrogenated jojoba oil"", ""pumice"", ""decyl glucoside"", ""bambusa arundinacea  stem powder"", ""xanthan gum"", ""microcitrus australasica  fruit extract"", ""selaginella lepidophylla  extract"", ""simmondsia chinensis  seed oil"", ""persea gratissima  oil"", ""argania spinosa  kernel oil"", ""rosa canina  fruit oil"", ""citrus aurantium bergamia  fruit oil"", ""lavandula angustifolia  oil"", ""pelargonium graveolens  flower oil"", ""citrus limon  peel oil"", ""citrus aurantifolia  oil"", ""lactobacillus ferment"", ""sodium levulinate"", ""citric acid"", ""sodium anisate"", ""potassium sorbate"", ""benzyl alcohol"", ""limonene"", ""linalool"", ""geraniol"", ""citronellol""]"
p00946,Westlab Epsom Salt 1kg,Westlab,3.33,Bath Salts,"[""magnesium sulphate""]"
p00947,Westlab Epsom Salt 5kg,Westlab,14.99,Bath Salts,"[""magnesium sulphate""]"
p00948,Westlab Dead Sea Salt 1kg,Westlab,3.33,Bath Salts,"[""maris sal ""]"
p00949,Westlab Dead Sea Salt 5kg,Westlab,14.99,Bath Salts,"[""maris sal ""]"
p00950,Westlab Epsom Salt 2kg,Westlab,5.33,Bath Salts,"[""magnesium sulphate""]"
p00951,Westlab Sleep Bathing Salts 1kg,Westlab,6.99,Bath Salts,"[""magnesium sulfate"", ""maris sal  valeriana officinalis  root extract"", ""lavandula angustifolia  flower oil"", ""cananga odorata  flower oil"", ""jasminum officinale  flower oil"", ""parfum"", ""linalool"", ""benzyl benzoate""]"
p00952,Westlab Himalayan Salt 1kg,Westlab,3.33,Bath Salts,"[""sodium chloride""]"
p00953,Westlab Recover Bathing Salts 1kg,Westlab,6.99,Bath Salts,"[""magnesium sulfate"", ""salix alba  bark extract"", ""arnica montana flower extract"", ""cedrus atlantica  bark oil"", ""eucalyptus globulus  leaf oil"", ""piper nigrum  fruit oil"", ""mentha viridis  leaf oil"", ""limonene""]"
p00954,Westlab Mindful Bathing Salts 1kg,Westlab,6.99,Bath Salts,"[""magnesium sulfate"", ""sodium chloride"", ""cannabis sativa  extract"", ""cedrus atlantica  bark oil"", ""citrus aurantium dulcis  peel oil"", ""pelargonium graveolens  leaf oil"", ""boswellia carterii  oil"", ""citrus bergamia  peel oil"", ""parfum"", ""limonene"", ""citronellol"", ""citral"", ""geraniol""]"
p00955,Westlab Reviving Epsom Salt Bath Fizzer,Westlab,3.49,Bath Salts,"[""sodium bicarbonate"", ""magnesium sulfate"", ""citric acid"", ""prunus amygdalus dulcis  oil"", ""water"", ""eucalyptus globulus  leaf oil"", ""parfum"", ""mentha viridis  leaf oil"", ""ci 75810"", ""limonene""]"
p00956,Westlab Relaxing Dead Sea Salt Bath Fizzer,Westlab,3.49,Bath Salts,"[""sodium bicarbonate"", ""citric acid"", ""maris sal"", ""prunus amygdalus dulcis  oil"", ""water"", ""parfum"", ""lavandula angustifolia  herb oil"", ""anthemis nobilis  flower oil"", ""ci 28440"", ""linalool""]"
p00957,Westlab Cleanse Bathing Salts 1kg,Westlab,6.99,Bath Salts,"[""magnesium sulfate"", ""sodium chloride"", ""palmaria palmata  extract"", ""alaria esculenta  extract"", ""cedrus atlantica  bark oil"", ""citrus limon  peel oil"", ""citrus aurantium dulcis  peel oil"", ""pelargonium graveolens  leaf oil"", ""litsea cubeba  fruit oil"", ""rosa damascena  flower extract"", ""citrus grandis  peel oil"", ""cymbopogon schoenanthus  oil"", ""parfum"", ""limonene"", ""citronellol"", ""geraniol"", ""citral""]"
p00958,Bubble T Summer Fruits Tea Bath Bomb Fizzers (10 x 8g),Bubble,5.99,Bath Salts,"[""sodium bicarbonate"", ""sodium sulfate"", ""citric acid"", ""parfum"", ""peg-400"", ""lycium chinense fruit extract"", ""propylene glycol"", ""denatonium benzoate"", ""benzyl alcohol"", ""benzyl benzoate"", ""benzyl salicylate"", ""geraniol"", ""linalool"", ""ci\u00a016035"", ""ci 17200 ""]"
p00959,Bubble T Bath Fizzer - Hibiscus & Acai Berry Tea 180g,Bubble,3.0,Bath Salts,"[""sodium bicarbonate"", ""sodium sulphate"", ""citric acid"", ""parfum"", ""peg-400"", ""lycium chinese fruit extract"", ""propylene glycol"", ""citrus aurantium dulcis  seed oil"", ""limonene"", ""linalool"", ""ci 16035"", ""ci 17200 ""]"
p00960,Westlab Himalayan Salt 5kg,Westlab,14.99,Bath Salts,"[""sodium chloride""]"
p00961,Westlab Cleansing Himalayan Salt Bath Fizzer,Westlab,3.49,Bath Salts,"[""sodium bicarbonate"", ""citric acid"", ""sodium chloride"", ""prunus amygdalus dulcis  oil"", ""water"", ""parfum"", ""cedrus atlantica  oil"", ""cananga odorata  oil"", ""litsea cubeba  oil"", ""citrus limon  peel oil"", ""ci 42044"", ""citral"", ""limonene"", ""linalool"", ""benzyl benzoate"", ""benzyl salicylate"", ""citronellol""]"
p00962,AHAVA Liquid Dead Sea Salt 200ml,AHAVA,19.99,Bath Salts,"[""maris aqua"", ""water"", ""polysorbate-20"", ""peg-7 glyceryl cocoate"", ""hydroxyethylcellulose"", ""pvp"", ""citrus grandis  peel oil"", ""tocopheryl  acetate"", ""dunaliella salina  extract & hydrogenated polydecene"", ""arginine""]"
p00963,Sea Magik Salted Turmeric Serenity Salts 1kg,Sea Magik,8.99,Bath Salts,"[""maris sal"", ""magnesium sulfate"", ""maltodextrin"", ""citrus limon  peel oil"", ""citrus aurantium dulcis  peel oil expressed"", ""citrus aurantium amara  leaf/twig oil"", ""eugenia"", ""caryophyllus  bud oil"", ""eucalyptus globulus leaf oil"", ""carthamus tinctorius  flower extract"", ""curcuma longa  root extract"", ""limonene"", ""linalool"", ""eugenol""]"
p00964,Sanctuary Spa Exquisite Bath Salts (Rose Radiance) 350g,Sanctuary Spa,16.0,Bath Salts,"[""sodium chloride"", ""parfum"", ""synthetic fluorphlogopite"", ""silica"", ""ppg-26-buteth-26"", ""triticum vulgare  germ oil"", ""peg-40 hydrogenated castor oil"", ""water"", ""mica"", ""tocopheryl acetate"", ""disodium edta"", ""butylene glycol"", ""tin oxide"", ""sigesbeckia orientalis extract"", ""rabdosia rubescens extract"", ""hexyl cinnamal"", ""linalool"", ""limonene"", ""benzyl salicylate"", ""benzyl benzoate"", ""ci 77891"", ""ci 77491"", ""ci 14700"", ""ci 19140"", ""ci 42090 ""]"
p00965,Sea Magik Himalayan Spa Salts 1kg,Sea Magik,5.99,Bath Salts,"[""sodium chloride""]"
p00966,Bubble T Bath Salts Moroccan Mint Tea 500g,Bubble,4.99,Bath Salts,"[""sodium chloride"", ""parfum"", ""lycium chinense fruit extract"", ""propylene glycol"", ""water"", ""mentha arvensis leaf oil"", ""limonene"", ""linalool"", ""ci 19140"", ""ci 42090 ""]"
p00967,Bubble T Bath Salts Hibiscus & Acai Berry Tea 500g,Bubble,4.99,Bath Salts,"[""sodium chloride"", ""glycerin"", ""parfum"", ""camelia sinensis leaf"", ""water"", ""arnica montana flower extract"", ""phenoxyethanol"", ""ethylhexyl glycerin"", ""lycium barbarum fruit extract"", ""ci 17200"", ""ci 19140 ""]"
p00968,Ortigia Fico d'India Bath Salts (500g),Ortigia,22.0,Bath Salts,"[""sicilian sea salt""]"
p00969,Sea Magik Epsom Spa Salts 1kg,Sea Magik,5.99,Bath Salts,"[""magnesium sulphate""]"
p00970,Sea Magik Activated Charcoal Salts 1kg,Sea Magik,8.99,Bath Salts,"[""maris sal"", ""charcoal powder"", ""eucalyptus globulus leaf oil"", ""rosmarinus officinalis  leaf oil"", ""limonene""]"
p00971,Sea Magik Epsom Spa Salts 5kg,Sea Magik,19.95,Bath Salts,"[""magnesium sulphate""]"
p00972,Spa Magik Organiks Sleep Therapy Deep Sleep Lavender Bath Salts,Spa Magik,12.5,Bath Salts,"[""dead sea salt"", ""persea gratissima  oil"", ""citrus aurantium bergamia  fruit oil"", ""santalum album  oil"", ""citrus medica limonum  peel oil"", ""cedrus atlantica  bark oil"", ""pogostomon cablin  oil"", ""myroxylon pereirae  oil"", ""dipteryx odorata bean extract"", ""vetiveria zizanoides root oil"", ""cinnamomum cassia oil"", ""elettaria cardamomum  seed oil"", ""fragrance"", ""lavandula angustifolia  oil"", ""aloe barbadensis  leaf juice"", ""opuntia streptacantha  stem extract & glycerin & phenoxyethanol"", ""simmondsia chinensis  seed oil"", ""olea europaea  fruit oil"", ""limonene""]"
p00973,Cowshed SLEEP Calming Bath Salts,Cowshed,18.0,Bath Salts,"[""maris sal/sea salt/sel marin"", ""sodium chloride  salt"", ""glycerin"", ""caprylic/capric triglyceride"", ""alchemilla vulgaris  leaf extract"", ""hypericum perforatum  leaf extract"", ""achillea millefolium  flower extract"", ""squalane"", ""guaiazulene"", ""parfum"", ""backhousia citriodora  leaf oil"", ""salvia sclarea  flower oil"", ""anthemis nobilis  flower oil"", ""cananga odorata  flower oil"", ""lavandula angustifolia  flower oil"", ""styrax tonkinensis  resin extract"", ""citrus aurantium amara  leaf oil"", ""tilia cordata  flower oil"", ""citrus aurantium  flower oil"", ""melissa officinalis  leaf oil"", ""valeriana officinalis  root oil"", ""linalool"", ""citral""]"
p00974,Mauli Himalayan Healing Salts 460g,Mauli,42.0,Bath Salts,"[""himalayan salts"", ""geranium"", ""sweet blood orange"", ""grapefruit"", ""lime"", ""patchouli"", ""sandalwood"", ""frankincense"", ""himalayan cedarwood. turkish rose"", ""jasmine sambac absolute"", ""rose otto"", ""vanilla absolute"", ""lavender"", ""rose quartz crystals. naturally occurring allergens: citronellol"", ""geraniol"", ""linalool"", ""eugenol"", ""cinnamal"", ""benzyl alcohol"", ""farnesol""]"
p00975,Spa Magik Organiks Muscle Therapy Ache Away Eucalyptus Bath Salts,Spa Magik,12.5,Bath Salts,"[""dead sea salt"", ""eucalyptus globulus  leaf oil"", ""mentha piperita  oil"", ""aloe barbadensis  leaf juice"", ""opuntia streptacantha  stem extract"", ""glycerin"", ""phenoxyethanol"", ""simmondsia chinensis  seed oil"", ""olea europaea  fruit oil""]"
p00976,L:A BRUKET No. 090 Sea Salt Bath Salt 300g,L:A BRUKET,6.0,Bath Salts,"[""sodium chloride""]"
p00977,AHAVA Natural Dead Sea Bath Salts,AHAVA,6.49,Bath Salts,"[""100% dead sea salt""]"
p00978,"L:A BRUKET Marigold, Orange and Geranium Sea Salt Bath 450g",L:A BRUKET,23.0,Bath Salts,"[""geraniol"", ""limonene"", ""linalool"", ""sodium chloride"", ""calendula officinalis  flower""]"
p00979,Bubble T Bath Salts Lemongrass & Green Tea 500g,Bubble,4.99,Bath Salts,"[""sodium chloride"", ""parfum"", ""lycium chinense fruit extract"", ""propylene glycol"", ""water"", ""citrus aurantium bergamia  fruit oil"", ""cymbopogon citratus leaf oil"", ""citral"", ""limonene"", ""linalool"", ""ci 14700"", ""ci 19140""]"
p00980,ila-spa Bath Salts for Cleansing 500g,ila-spa,39.2,Bath Salts,"[""himalayan salt crystals"", ""lavender oil"", ""rose geranium oil"", ""juniper berry oil"", ""lemongrass oil"", ""patchouli oil"", ""naturally\u00a0occurring citral"", ""citronellol"", ""geraniol"", ""limonene"", ""linalool""]"
p00981,Sea Magik Himalayan Spa Salts 5kg,Sea Magik,19.95,Bath Salts,"[""sodium chloride""]"
p00982,Westlab Cleansing Shower Wash with Pure Himalayan Salt Minerals 400ml,Westlab,1.99,Body Wash,"[""water"", ""cocamidopropyl betaine"", ""glycerin"", ""disodium laureth sulfosuccinate"", ""sodium chloride"", ""coco-glucoside"", ""sodium lauroyl methyl isethionate"", ""parfum"", ""peg-200 hydrogenated glyceryl palmate"", ""sodium benzonate"", ""peg-7 glyceryl cocoate"", ""potassium sorbate"", ""citric acid"", ""sodium hydroxide""]"
p00983,Westlab Reviving Shower Wash with Pure Epsom Salt Minerals 400ml,Westlab,1.99,Body Wash,"[""water"", ""cocamidopropyl betaine"", ""glycerin"", ""disodium laureth sulfosuccinate"", ""coco-glucoside"", ""magnesium sulfate"", ""sodium chloride"", ""sodium lauroyl methyl isethionate"", ""parfum"", ""peg-200 hydrogenated glyceryl palmate"", ""sodium benzonate"", ""peg-7 glyceryl cocoate"", ""limonene"", ""potassium sorbate"", ""citric acid"", ""hexyl cinnamal"", ""linalool"", ""sodium hydroxide""]"
p00984,AMELIORATE Nourishing Body Wash 200ml,AMELIORATE,10.5,Body Wash,"[""aqua/water/eau"", ""peg-7 glyceryl cocoate"", ""disodium cocoamphodiacetate"", ""sodium lauroyl sarcosinate"", ""cocamidopropyl betaine"", ""acrylates copolymer"", ""sodium chloride"", ""glycerin"", ""fragrance"", ""phenoxyethanol"", ""glycol distearate"", ""borago officinalis  seed oil"", ""camelina sativa  seed oil"", ""peg-40 hydrogenated castor oil"", ""trideceth-9"", ""laureth-4"", ""styrene/acrylamide copolymer"", ""1"", ""2-hexanediol"", ""caprylyl glycol"", ""ethylhexylglycerin"", ""polyquaternium-10"", ""disodium edta"", ""sodium hydroxide"", ""linalool"", ""citronellol"", ""hydrolyzed milk protein"", ""propylene glycol"", ""citrus aurantium dulcis  oil"", ""limonene"", ""coumarin"", ""juniperus mexicana  oil"", ""lactic acid"", ""alpha-isomethyl ionone"", ""citric acid"", ""pelargonium graveolens  oil"", ""pentylene glycol"", ""serine"", ""sodium lactate"", ""sorbitol"", ""urea"", ""benzoic acid"", ""tocopherol"", ""allantoin""]"
p00985,Bulldog Lemon & Bergamot Shower Gel 500ml,Bulldog,3.38,Body Wash,"[""water"", ""cocamidopropyl betaine"", ""sodium methyl cocoyl taurate"", ""sodium chloride"", ""glycerin"", ""lauryl glucoside"", ""sodium methyl oleoyl taurate"", ""sodium pca"", ""sodium lauroyl sarcosinate"", ""sodium benzoate"", ""citric acid"", ""parfum"", ""potassium sorbate"", ""limonene"", ""eugenol""]"
p00986,Molton Brown Coastal Cypress & Sea Fennel Bath and Shower Gel 300ml,Molton Brown,22.0,Body Wash,"[""water / aqua / eau"", ""sodium laureth sulfate"", ""cocamidopropyl betaine"", ""fragrance / parfum"", ""laureth-7 citrate"", ""glycerin"", ""sodium chloride"", ""coco-glucoside"", ""callitris columellaris leaf/wood extract"", ""crithmum maritimum extract"", ""polyquaternium-7"", ""lonicera caprifolium  flower extract"", ""lonicera japonica  flower extract"", ""propylene glycol"", ""butylene glycol"", ""caprylic/capric triglyceride"", ""lauryl alcohol"", ""myristyl alcohol"", ""hydrogenated palm glycerides citrate"", ""ppg-26-buteth-26"", ""ethylhexyl methoxycinnamate"", ""butyl methoxydibenzoylmethane"", ""ethylhexyl salicylate"", ""peg-40 hydrogenated castor oil"", ""limonene"", ""alpha-isomethyl ionone"", ""linalool"", ""tetrasodium glutamate diacetate"", ""tocopherol"", ""sodium phytate"", ""alcohol denat"", ""benzyl alcohol"", ""phenoxyethanol"", ""sodium benzoate"", ""sorbic acid"", ""citric acid"", ""sodium hydroxide"", ""peg-150 pentaerythrityl tetrastearate"", ""ppg-2 hydroxyethyl cocamide"", ""blue 1 / ci 42090"", ""red 33 / ci 17200"", ""yellow 5 / ci 19140""]"
p00987,Molton Brown Black Peppercorn Body Wash 300ml,Molton Brown,22.0,Body Wash,"[""water / aqua / eau"", ""sodium laureth sulfate"", ""cocamidopropyl betaine"", ""fragrance / parfum"", ""propylene glycol"", ""glycerin"", ""laureth-7 citrate"", ""sodium chloride"", ""coco-glucoside"", ""piper nigrum  seed oil"", ""lonicera caprifolium  flower extract"", ""lonicera japonica  flower extract"", ""polyquaternium-7"", ""hydrogenated palm glycerides citrate"", ""peg-40 hydrogenated castor oil"", ""ethylhexyl salicylate"", ""butyl methoxydibenzoylmethane"", ""diethylhexyl syringylidenemalonate"", ""ppg-2 hydroxyethyl cocamide"", ""limonene"", ""linalool"", ""citronellol"", ""hydroxycitronellal"", ""citral"", ""butylphenyl methylpropional"", ""coumarin"", ""tetrasodium glutamate diacetate"", ""sodium phytate"", ""tocopherol"", ""alcohol denat"", ""sodium benzoate"", ""potassium sorbate"", ""phenoxyethanol"", ""citric acid"", ""sodium hydroxide"", ""peg-150 pentaerythrityl tetrastearate"", ""red 4 / ci 14700"", ""blue 1 / ci 42090""]"
p00988,Bulldog Peppermint & Eucalyptus Shower Gel 500ml,Bulldog,3.38,Body Wash,"[""water"", ""cocamidopropyl betaine"", ""sodium methyl cocoyl taurate"", ""glycerin"", ""sodium chloride"", ""lauryl glucoside"", ""sodium methyl oleoyl taurate"", ""sodium pca"", ""sodium lauroyl sarcosinate"", ""sodium benzoate"", ""citric acid"", ""parfum"", ""potassium sorbate""]"
p00989,Molton Brown Delicious Rhubarb and Rose Bath and Shower Gel (300ml),Molton Brown,22.0,Body Wash,"[""water"", ""sodium laureth sulfate"", ""cocamidopropyl betaine"", ""fragrance"", ""laureth-7 citrate"", ""sodium chloride"", ""propylene glycol"", ""coco-glucoside"", ""lonicera caprifolium  flower extract"", ""lonicera japonica  flower extract"", ""rheum rhabarbarum stalk extract"", ""rosa multiflora fruit extract"", ""ethylhexylglycerin"", ""glycerin"", ""ppg-26-buteth-26"", ""peg-40 hydrogenated castor oil"", ""benzophenone-4"", ""butyl methoxydibenzoylmethane"", ""ethylhexyl methoxycinnamate"", ""ethylhexyl salicylate"", ""benzyl alcohol"", ""benzyl salicylate"", ""citral"", ""citronellol"", ""geraniol"", ""limonene"", ""linalool"", ""sodium phytate"", ""tetrasodium glutamate diacetate"", ""butylene glycol"", ""salicylic acid"", ""sorbic acid"", ""phenoxyethanol"", ""sodium hydroxide"", ""caramel"", ""red 33 ""]"
p00990,Elizabeth Arden White Tea Shower Gel 400ml,Elizabeth Arden,13.0,Body Wash,"[""water/aqua/eau"", ""sodium laureth sulfate"", ""polysorbate 20"", ""parfum/fragrance"", ""decyl glucoside"", ""lauryl glucoside"", ""cocamidopropyl betaine"", ""peg-150 distearate"", ""sodium chloride"", ""peg-8 dimethicone"", ""butylene glycol"", ""camellia sinensis leaf extract"", ""peg-150 pentaerythrityl tetrastearate"", ""peg-6 caprylic/capric glycerides"", ""bht"", ""farnesol"", ""geraniol"", ""linalool"", ""dmdm hydantoin"", ""phenoxyethanol""]"
p00991,Bulldog Original Shower Gel 500ml,Bulldog,3.38,Body Wash,"[""water"", ""aloe barbadensis leaf juice"", ""coco-glucoside"", ""cocamidopropyl betaine"", ""disodium cocoamphodiacetate"", ""glycerin"", ""rosmarinus officinalis  leaf oil"", ""citrus aurantium bergamia  peel oil"", ""coriandrum sativum  seed oil"", ""mentha piperita  oil"", ""eucalyptus globulus leaf oil"", ""litsea cubeba fruit oil"", ""ocimum basilicum  oil"", ""menthol"", ""acrylates /c10-30 alkyl acrylate crosspolymer"", ""sodium chloride"", ""limonene"", ""linalool"", ""sodium hydroxide"", ""benzoic acid"", ""dehydroacetic acid"", ""phenoxyethanol""]"
p00992,L'Oréal Paris Men Expert Total Clean Shower Gel 300ml,L'Oréal Paris,2.99,Body Wash,"[""aqua / water"", ""sodium laureth sulfate"", ""glycerin"", ""acrylates copolymer"", ""parfum / fragrance"", ""sodium chloride"", ""coco-betaine"", ""ci 19140 / yellow 5"", ""ci 14700 / red 4"", ""charcoal powder"", ""sodium benzoate"", ""sodium hydroxide"", ""sodium dehydroacetate"", ""ppg-5-ceteth-20"", ""peg-150 pentaerythrityl tetrastearate"", ""peg-6 caprylic/capric glycerides"", ""peg-90m"", ""salicylic acid"", ""polyquaternium-7"", ""polyglycerin-10"", ""polyglyceryl-10 myristate"", ""polyglyceryl-10 stearate"", ""limonene"", ""linalool"", ""pentylene glycol"", ""mentha piperita extract / peppermint extract"", ""citric acid"", ""bht"", ""coumarin"", ""styrene/acrylates copolymer""]"
p00993,Molton Brown Fiery Pink Bath and Shower Gel 300ml,Molton Brown,22.0,Body Wash,"[""water / aqua / eau"", ""sodium laureth sulfate"", ""laureth-4"", ""fragrance / parfum"", ""peg-40 hydrogenated castor oil"", ""lonicera caprifolium  flower extract"", ""lonicera japonica  flower extract"", ""caprylic/capric triglyceride"", ""lauryl alcohol"", ""myristyl alcohol"", ""peg-18 glyceryl oleate/cocoate"", ""ethylhexyl salicylate"", ""butyl methoxydibenzoylmethane"", ""diethylhexyl syringylidenemalonate"", ""limonene"", ""butylphenyl methylpropional"", ""hydroxycitronellal"", ""citral"", ""tetrasodium glutamate diacetate"", ""sodium phytate"", ""tocopherol"", ""butylene glycol"", ""alcohol denat"", ""propylene glycol"", ""phenoxyethanol"", ""benzyl alcohol"", ""sorbic acid"", ""sodium chloride"", ""citric acid"", ""sodium hydroxide"", ""red 33 / ci 17200"", ""yellow 6 / ci 15985"", ""blue 1 / ci 42090"", ""red 4 / ci 14700""]"
p00994,Jo Malone London Lime Basil and Mandarin Soap 100g,Jo Malone London,16.0,Body Wash,"[""water\\aqua\\eau"", ""stearic acid"", ""butylene glycol"", ""ethylhexyl palmitate"", ""tocopheryl acetate"", ""prunus armeniaca  kernel oil"", ""glycerin"", ""coco-caprylate/caprate"", ""hydrogenated polyisobutene"", ""ethylhexyl hydroxystearate"", ""dimethicone"", ""triethanolamine"", ""cetyl alcohol"", ""saccharomyces lysate extract"", ""hordeum vulgare  extract\\extrait d'orge"", ""triticum vulgare  germ extract"", ""sodium hyaluronate"", ""carbomer"", ""paeonia albiflora  root extract"", ""sorbitan stearate"", ""phytosphingosine"", ""trehalose"", ""caffeine"", ""cholesterol"", ""linoleic acid"", ""hydrogenated lecithin"", ""fragrance"", ""squalane"", ""propylene glycol dicaprate"", ""disodium edta"", ""hydroxyisohexyl 3-cyclohexene carboxaldehyde"", ""limonene"", ""linalool"", ""hexyl cinnamal"", ""bht"", ""sodium dehydroacetate"", ""phenoxyethanol""]"
p00995,ESPA Bergamot and Jasmine Bath and Shower Gel 250ml,ESPA,19.0,Body Wash,"[""water"", ""cocamidopropyl betaine"", ""sodium lauroyl sarcosinate"", ""polyglyceryl-4 caprate"", ""sodium lauryl sulfoacetate"", ""caprylyl/capryl glucoside"", ""peg-120 methyl glucose dioleate"", ""benzyl alcohol"", ""betaine"", ""limonene"", ""sodium chloride"", ""sodium sulfate"", ""fragrance"", ""citrus aurantium bergamia  fruit oil"", ""citrus limon  peel oil"", ""juniperus mexicana oil"", ""citrus aurantium dulcis  peel oil"", ""sodium benzoate"", ""citrus aurantifolia  oil"", ""eucalyptus globulus leaf oil"", ""linalool"", ""dehydroacetic acid"", ""abies sibirica oil"", ""mentha arvensis leaf oil"", ""zingiber officinale  root oil"", ""citral"", ""cupressus sempervirens leaf oil"", ""cymbopogon nardus  oil"", ""melaleuca alternifolia  leaf oil"", ""myrocarpus fastigiatus oil"", ""cistus ladaniferus oil"", ""dipteryx odorata seed extract"", ""ferula galbaniflua  resin oil"", ""fucus vesiculosus extract"", ""jasminum officinale  flower extract"", ""lavandula angustifolia  flower extract"", ""tocopherol"", ""citric acid""]"
p00996,Molton Brown Orange & Bergamot Bath and Shower Gel,Molton Brown,22.0,Body Wash,"[""water / aqua / eau"", ""sodium laureth sulfate"", ""cocamidopropyl betaine"", ""propylene glycol"", ""glycerin"", ""limonene"", ""fragrance / parfum"", ""sodium chloride"", ""coco-glucoside"", ""citrus aurantium dulcis  peel oil"", ""polyquaternium-7"", ""hydrogenated palm glycerides citrate"", ""laureth-7 citrate"", ""peg-40 hydrogenated castor oil"", ""ethylhexyl salicylate"", ""butyl methoxydibenzoylmethane"", ""diethylhexyl syringylidenemalonate"", ""ppg-2 hydroxyethyl cocamide"", ""linalool"", ""hexyl cinnamal"", ""amyl cinnamal"", ""hydroxycitronellal"", ""eugenol"", ""butylphenyl methylpropional"", ""tetrasodium glutamate diacetate"", ""tocopherol"", ""sodium benzoate"", ""citric acid"", ""sodium hydroxide"", ""peg-150 pentaerythrityl tetrastearate""]"
p00997,Sanctuary Spa Classic Body Wash 250ml,Sanctuary Spa,6.0,Body Wash,"[""water"", ""sodium laureth sulfate"", ""glycerin"", ""acrylates/c10-30 alkyl acrylate crosspolymer"", ""peg-40 hydrogenated\u00a0castor oil"", ""phenoxyethanol"", ""sodium benzoate"", ""sodium hydroxide"", ""parfum"", ""benzyl alcohol"", ""butyl\u00a0methoxydibenzoylmethane"", ""propylene glycol"", ""sesamum indicum  seed oil"", ""aluminum starch octenylsuccinate"", ""agar"", ""simmondsia chinensis  seed oil"", ""tocopheryl acetate"", ""chlorphenesin"", ""mica"", ""polyquaternium-39"", ""tin oxide"", ""hexyl\u00a0cinnamal"", ""linalool"", ""limonene"", ""benzyl salicylate"", ""ci 73360"", ""ci 15985"", ""ci 77891"", ""ci 16035"", ""ci 42090 ""]"
p00998,Sukin Botanical Body Wash (500ml),Sukin,9.95,Body Wash,"[""water"", ""aloe barbadensis leaf juice"", ""cocamidopropyl betaine"", ""decyl glucoside"", ""peg-150 pentaerythrityl tetrastearate"", ""glycerin"", ""rosa canina fruit oil"", ""simmondsia chinensis  seed oil"", ""persea gratissima  oil"", ""tocopherol"", ""chamomilla recutita  flower extract"", ""yucca schidigera root extract"", ""lavandula angustifolia  flower extract"", ""citrus tangerina  peel oil"", ""citrus nobilis  peel oil"", ""lavandula angustifolia  oil"", ""vanillin"", ""vanilla planifolia fruit extract"", ""phenoxyethanol"", ""benzyl alcohol"", ""limonene"", ""linalool""]"
p00999,Molton Brown Russian Leather Bath & Shower Gel 300ml,Molton Brown,22.0,Body Wash,"[""water / aqua / eau"", ""sodium laureth sulfate"", ""cocamidopropyl betaine"", ""fragrance / parfum"", ""glycerin"", ""sodium chloride"", ""coco-glucoside"", ""propylene glycol"", ""polyquaternium-7"", ""lonicera caprifolium  flower extract"", ""lonicera japonica  flower extract"", ""laureth-7 citrate"", ""peg-40 hydrogenated castor oil"", ""ethylhexyl salicylate"", ""butyl methoxydibenzoylmethane"", ""diethylhexyl syringylidenemalonate"", ""coumarin"", ""tocopherol"", ""sodium phytate"", ""tetrasodium glutamate diacetate"", ""sodium benzoate"", ""phenoxyethanol"", ""citric acid"", ""sodium hydroxide"", ""peg-150 pentaerythrityl tetrastearate"", ""ppg-2 hydroxyethyl cocamide"", ""hydrogenated palm glycerides citrate"", ""alcohol denat"", ""blue 1 / ci 42090"", ""red 4 / ci 14700"", ""yellow 6 / ci 15985""]"
p01000,Burt's Bees Baby Bee Shampoo & Body Wash (236ml),Burt's Bees,8.49,Body Wash,"[""water"", ""decyl glucoside"", ""coco-betaine"", ""lauryl glucoside"", ""sucrose laurate"", ""glycerin"", ""parfum"", ""betaine"", ""sodium cocoyl hydrolyzed soy protein"", ""coco-glucoside"", ""xanthan gum"", ""glucose"", ""glyceryl oleate"", ""sodium chloride"", ""citric acid"", ""potassium iodide"", ""potassium thiocyanate"", ""tocopherol"", ""glucose oxidase"", ""lactoperoxidase"", ""hydrogenated palm glycerides citrate"", ""lecithin"", ""ascorbyl palmitate"", ""limonene""]"
p01001,Bulldog Black Pepper & Vetiver Shower Gel 500ml,Bulldog,3.38,Body Wash,"[""water"", ""cocamidopropyl betaine"", ""sodium methyl cocoyl taurate"", ""sodium chloride"", ""glycerin"", ""lauryl glucoside"", ""sodium methyl oleoyl taurate"", ""sodium pca"", ""sodium lauroyl sarcosinate"", ""sodium benzoate"", ""citric acid"", ""parfum"", ""potassium sorbate"", ""limonene"", ""eugenol""]"
p01002,Rituals The Ritual of Sakura Foaming Shower Gel (200ml),Rituals,8.5,Body Wash,"[""water"", ""sodium laureth sulfate"", ""isopentane"", ""cocamidopropyl betaine"", ""sorbitol"", ""isopropyl palmitate"", ""parfum/fragrance"", ""peg-120 methyl glucose dioleate"", ""isobutane"", ""guar hydroxypropyltrimonium chloride"", ""sodium benzoate"", ""citric acid"", ""peg-40 hydrogenated castor oil"", ""oryza sativa  extract"", ""glycerin"", ""prunus cerasus  extract"", ""butylene glycol"", ""alpha-isomethyl ionone"", ""benzyl alcohol"", ""benzyl salicylate"", ""butylphenyl methylpropional"", ""cinnamyl alcohol"", ""citronellol"", ""coumarin"", ""geraniol"", ""hexyl cinnamal"", ""linalool""]"
p01003,Molton Brown Jasmine & Sun Rose Bath & Shower Gel,Molton Brown,22.0,Body Wash,"[""water / aqua / eau"", ""sodium laureth sulfate"", ""cocamidopropyl betaine"", ""fragrance / parfum"", ""propylene glycol"", ""laureth-7 citrate"", ""glycerin"", ""sodium chloride"", ""coco-glucoside"", ""polyquaternium-7"", ""lonicera caprifolium  flower extract"", ""lonicera japonica  flower extract"", ""caprylyl glycol"", ""hydrogenated palm glycerides citrate"", ""ethylhexyl salicylate"", ""limonene"", ""linalool"", ""geraniol"", ""hydroxycitronellal"", ""tetrasodium glutamate diacetate"", ""tocopherol"", ""sodium phytate"", ""alcohol denat"", ""phenoxyethanol"", ""sodium benzoate"", ""citric acid"", ""sodium hydroxide"", ""butyl methoxydibenzoylmethane"", ""diethylhexyl syringylidenemalonate"", ""peg-150 pentaerythrityl tetrastearate"", ""ppg-2 hydroxyethyl cocamide"", ""red 4 / ci 14700"", ""yellow 5 / ci 19140""]"
p01004,Molton Brown Ylang-Ylang Bath and Shower Gel 300ml,Molton Brown,22.0,Body Wash,"[""water / aqua / eau"", ""sodium laureth sulfate"", ""cocamidopropyl betaine"", ""propylene glycol"", ""laureth-7 citrate"", ""fragrance / parfum"", ""glycerin"", ""sodium chloride"", ""coco-glucoside"", ""lonicera caprifolium  flower extract"", ""lonicera japonica  flower extract"", ""polyquaternium-7"", ""hydrogenated palm glycerides citrate"", ""ethylhexyl salicylate"", ""butyl methoxydibenzoylmethane"", ""diethylhexyl syringylidenemalonate"", ""ppg-2 hydroxyethyl cocamide"", ""hydroxycitronellal"", ""linalool"", ""limonene"", ""tetrasodium glutamate diacetate"", ""sodium phytate"", ""tocopherol"", ""alcohol denat"", ""sodium benzoate"", ""phenoxyethanol"", ""citric acid"", ""sodium hydroxide"", ""peg-150 pentaerythrityl tetrastearate"", ""red 33 / ci 17200"", ""blue 1 / ci 42090""]"
p01005,Bioderma Atoderm Shower Gel 1L,Bioderma,13.5,Body Wash,"[""water"", ""sodium laureth sulfate"", ""cocobetaine"", ""sodium lauroyl sarcosinate"", ""glycerin"", ""methylpropanediol"", ""mannitol"", ""xylitol"", ""rhamnose"", ""fructooligosaccharides"", ""copper sulfate"", ""cocoglucoside"", ""glyceryl oleate"", ""sodium\u00a0chloride"", ""disodium edta"", ""capryloyl glycine"", ""citric acid"", ""sodium hydroxide"", ""fragrance ""]"
p01006,Molton Brown Tobacco Absolute Bath and Shower Gel (300ml),Molton Brown,22.0,Body Wash,"[""water / aqua / eau"", ""sodium laureth sulfate"", ""cocamidopropyl betaine"", ""propylene glycol"", ""fragrance / parfum"", ""peg-40 hydrogenated castor oil"", ""glycerin"", ""sodium chloride"", ""coco-glucoside"", ""polyquaternium-7"", ""lonicera caprifolium  flower extract"", ""lonicera japonica  flower extract"", ""laureth-7 citrate"", ""ethylhexyl salicylate"", ""butyl methoxydibenzoylmethane"", ""diethylhexyl syringylidenemalonate"", ""limonene"", ""linalool"", ""coumarin"", ""citral"", ""eugenol"", ""sodium phytate"", ""tocopherol"", ""tetrasodium glutamate diacetate"", ""sodium benzoate"", ""phenoxyethanol"", ""citric acid"", ""sodium hydroxide"", ""peg-150 pentaerythrityl tetrastearate"", ""ppg-2 hydroxyethyl cocamide"", ""hydrogenated palm glycerides citrate"", ""alcohol denat"", ""red 4 / ci 14700"", ""yellow 6 / ci 15985"", ""blue 1 / ci 42090""]"
p01007,La Roche-Posay Lipikar Syndet AP(+) Shower Gel 400ml,La Roche-Posay,16.5,Body Wash,"[""water"", ""water"", ""glycerin"", ""sodium laureth sulfate"", ""peg-200 hydrogenated glyceryl palmate"", ""coco-betaine"", ""polysorbate 20"", ""citric acid"", ""peg-7 glyceryl cocoate"", ""niacinamide"", ""acrylates copolymer"", ""butyrospermum parkii butter / shea butter"", ""cocamide mea"", ""disodium edta"", ""glycol distearate"", ""mannose"", ""polyquaternium-11"", ""sodium benzoate"", ""sodium chloride"", ""sodium hydroxide"", ""vitreoscilla ferment""]"
p01008,DECLÉOR Luxury Size Neroli Shower Gel 400ml,DECLÉOR,17.5,Body Wash,"[""aqua / water"", ""sodium coco-sulfate"", ""coco-betaine"", ""glycerin"", ""polyglyceryl-4 caprate"", ""parfum / fragrance"", ""aloe barbadensis leaf juice powder"", ""citric acid"", ""menthol"", ""sodium hydroxide"", ""citrus aurantium amara flower oil / bitter orange flower oil"", ""sodium chloride"", ""geraniol"", ""limonene"", ""linalool"", ""salicylic acid"", ""sodium benzoate""]"
p01009,Bondi Sands Body Wash - Coconut 500ml,Bondi Sands,7.99,Body Wash,"[""water"", ""cocomidopropyl betaine"", ""coco-glucoside glyceryl oleate"", ""sodium lauroyl sarcosinate"", ""sodium lauroyl methyl isethionate"", ""fragrance"", ""aloe barbadensis extract"", ""anise alcohol"", ""benzyl benzoate"", ""dipropylene glycol"", ""disodium edetate"", ""glycerin"", ""hydroxyacetophenone"", ""phenoxyethanol"", ""potassium sorbate"", ""sodium benzoate"", ""sodium chloride"", ""sodium cocoyl isethionate"", ""sodium methyl oleoyl taurate""]"
p01010,Molton Brown Eucalyptus Body Wash,Molton Brown,22.0,Body Wash,"[""water / aqua / eau"", ""sodium laureth sulfate"", ""cocamidopropyl betaine"", ""propylene glycol"", ""fragrance / parfum"", ""glycerin"", ""sodium chloride"", ""coco-glucoside"", ""eucalyptus globulus leaf extract"", ""polyquaternium-7"", ""lonicera caprifolium  flower extract"", ""lonicera japonica  flower extract"", ""peg-40 hydrogenated castor oil"", ""ethylhexyl salicylate"", ""diethylhexyl syringylidenemalonate"", ""butyl methoxydibenzoylmethane"", ""laureth-7 citrate"", ""coumarin"", ""linalool"", ""geraniol"", ""eugenol"", ""citronellol"", ""butylphenyl methylpropional"", ""tetrasodium glutamate diacetate"", ""tocopherol"", ""sodium phytate"", ""sodium benzoate"", ""citric acid"", ""sodium hydroxide"", ""peg-150 pentaerythrityl tetrastearate"", ""ppg-2 hydroxyethyl cocamide"", ""hydrogenated palm glycerides citrate"", ""alcohol denat"", ""yellow 5 / ci 19140"", ""green 3 / ci 42053""]"
p01011,Molton Brown Oudh Accord and Gold Body Wash (300ml),Molton Brown,24.0,Body Wash,"[""water / aqua / eau"", ""sodium laureth sulfate"", ""acrylates copolymer"", ""fragrance / parfum"", ""peg-40 hydrogenated castor oil"", ""cocamidopropyl betaine"", ""polysorbate 20"", ""phenoxyethanol"", ""benzyl alcohol"", ""peg-18 glyceryl oleate/cocoate"", ""sodium hydroxide"", ""sodium chloride"", ""caramel"", ""sodium phytate"", ""ppg-26-buteth-26"", ""ethylhexylglycerin"", ""coumarin"", ""limonene"", ""ethylhexyl methoxycinnamate"", ""hexyl cinnamal"", ""cinnamyl alcohol"", ""glycerin"", ""linalool"", ""eugenol"", ""citric acid"", ""pentylene glycol"", ""butyl methoxydibenzoylmethane"", ""ethylhexyl salicylate"", ""alcohol denat"", ""camellia sinensis leaf extract"", ""gold"", ""terminalia arjuna extract"", ""sodium benzoate"", ""potassium sorbate"", ""copper powder"", ""silver""]"
p01012,Bloom & Blossom George's Candy Floss & Marshmallow Handwash,Bloom & Blossom,3.19,Body Wash,"[""water"", ""sodium lauroyl methyl isethionate"", ""cocamidopropyl betaine"", ""sodium methyl oleoyl taurate"", ""coco-glucoside"", ""lauryl glucoside"", ""parfum"", ""citric acid"", ""sodium benzoate"", ""phenoxyethanol""]"
p01013,L'Oréal Paris Men Expert Hydra Power Shower Gel 300ml,L'Oréal Paris,2.99,Body Wash,"[""aqua / water"", ""sodium laureth sulfate"", ""cocobetaine"", ""glycerin"", ""sodium chloride"", ""ci 60730 / ext. violet 2"", ""ci 42090 / blue 1"", ""sodium benzoate"", ""sodium hydroxide"", ""ppg-5-ceteth-20"", ""peg-150 distearate"", ""salicylic acid"", ""polyquaternium-7"", ""linalool"", ""pentylene glycol"", ""mentha piperita extract / peppermint extract"", ""alpha-isomethyl ionone"", ""parfum / fragrance"", ""disodium laureth sulfosuccinate"", ""citric acid"", ""coumarin"", ""hexyl cinnamal"", ""styrene/ acrylates copolymer""]"
p01014,Jo Malone London Lime Basil and Mandarin Body and Hand Wash 100ml,Jo Malone London,16.0,Body Wash,"[""water\\aqua\\eau"", ""aloe barbadensis leaf juice"", ""caprylic/capric/myristic/stearic triglyceride"", ""butylene glycol"", ""hydrogenated polyisobutene"", ""ppg-5-ceteth-20"", ""cocos nucifera  oil"", ""cetyl acetate"", ""fragrance"", ""peg-40 stearate"", ""glyceryl stearate"", ""sodium hyaluronate"", ""isopropyl jojobate"", ""jojoba alcohol"", ""dimethicone"", ""sorbitan stearate"", ""jojoba esters"", ""tromethamine"", ""carbomer"", ""limonene"", ""butylphenyl methylpropional"", ""linalool"", ""eugenol"", ""geraniol"", ""citronellol"", ""alpha-isomethyl ionone"", ""coumarin"", ""amyl cinnamal"", ""citral"", ""disodium edta"", ""phenoxyethanol""]"
p01015,Jo Malone London Lime Basil and Mandarin Body and Hand Wash 250ml,Jo Malone London,32.0,Body Wash,"[""water\\aqua\\eau"", ""aloe barbadensis leaf juice"", ""caprylic/capric/myristic/stearic triglyceride"", ""butylene glycol"", ""hydrogenated polyisobutene"", ""ppg-5-ceteth-20"", ""cocos nucifera  oil"", ""cetyl acetate"", ""fragrance"", ""peg-40 stearate"", ""glyceryl stearate"", ""sodium hyaluronate"", ""isopropyl jojobate"", ""jojoba alcohol"", ""dimethicone"", ""sorbitan stearate"", ""jojoba esters"", ""tromethamine"", ""carbomer"", ""limonene"", ""butylphenyl methylpropional"", ""linalool"", ""eugenol"", ""geraniol"", ""citronellol"", ""alpha-isomethyl ionone"", ""coumarin"", ""amyl cinnamal"", ""citral"", ""disodium edta"", ""phenoxyethanol""]"
p01016,Aveeno Baby Daily Care Baby Gentle Wash 500ml,Aveeno,6.0,Body Wash,"[""water"", ""glycerin"", ""cocamidopropyl betaine"", ""sodium lauroamphoacetate"", ""coco-glucoside"", ""sodium chloride"", ""hydroxypropyl starch phosphate"", ""avena sativa kernel flour"", ""aloe barbadensis leaf juice"", ""olea europaea leaf extract"", ""chamomilla recutita extract"", ""helianthus annuus seed oil"", ""sarcosine"", ""magnesium aspartate"", ""potassium aspartate"", ""polyquaternium-7"", ""polysorbate 20"", ""sodium cocoyl amino acids"", ""acrylates/c10-30 alkyl acrylate crosspolymer"", ""propylene glycol"", ""citric acid"", ""sodium hydroxide"", ""tocopherol"", ""tocopheryl acetate"", ""sodium benzoate"", ""potassium sorbate"", ""sodium sulfite"", ""parfum""]"
p01017,L'Oréal Paris Men Expert Clean Power Shower Gel 300ml,L'Oréal Paris,2.99,Body Wash,"[""water"", ""sodium laureth sulfate"", ""glycerin"", ""sodium chloride"", ""coco-betaine"", ""parfum/fragrance"", ""ci 19140/yellow 5"", ""ci 42090/blue 1"", ""sodium benzoate"", ""sodium acetate"", ""sodium hydroxide"", ""ppg-5-ceteth-20"", ""polyquaternium-10"", ""salicylic acid"", ""limonene"", ""linalool"", ""pentylene glycol"", ""mentha piperita extract/peppermint extract"", ""isopropyl alcohol"", ""geraniol"", ""citrus limon fruit extract"", ""lemon fruit extract"", ""citronellol"", ""citric acid""]"
p01018,Weleda Baby Calendula Shampoo and Body Wash (200ml),Weleda,7.95,Body Wash,"[""water"", ""coco-glucoside"", ""prunus amygdalus dulcis  oil"", ""alcohol"", ""disodium cocoyl glutamate"", ""sesamum indicum  seed oil"", ""glycerin"", ""chondrus crispus"", ""calendula officinalis flower extract"", ""xanthan gum"", ""lactic acid"", ""fragrance"", ""limonene"", ""linalool""]"
p01019,Bioderma Pigmentbio Brightening Face and Body Cleanser 200ml,Bioderma,15.0,Body Wash,"[""aqua/water/eau"", ""citric acid"", ""butyrospermum parkii  oil"", ""magnesium laureth sulfate"", ""sodium hydroxide"", ""cellulose acetate"", ""sodium cocoamphoacetate"", ""methylpropanediol"", ""acrylates/c10-30 alkyl acrylate crosspolymer"", ""coco-glucoside"", ""glyceryl oleate"", ""sodium cocoyl glutamate"", ""xanthan gum"", ""sodium citrate"", ""benzoic acid"", ""propanediol"", ""acrylates/vinyl isodecanoate crosspolymer"", ""mannitol"", ""xylitol"", ""rhamnose"", ""tocopherol"", ""helianthus annuus  seed oil"", ""lysine"", ""azelaic acid"", ""andrographis paniculata leaf extract"", ""fructooligosaccharides"", ""caprylic/capric triglyceride"", ""hydrogenated palm glycerides citrate"", ""laminaria ochroleuca extract"", ""fragrance ""]"
p01020,Aveeno Daily Moisturising Yogurt Body Wash Vanilla & Oat Scented 300ml,Aveeno,7.82,Body Wash,"[""water"", ""glycerin"", ""cocamidopropyl betaine"", ""sodium laureth sulfate"", ""sodium hydrolyzed potato starch dodecenylsuccinate"", ""avena sativa kernel flour"", ""yogurt powder"", ""guar hydroxypropyltrimonium chloride"", ""polyquaternium-10"", ""acrylates/c10-30 alkyl acrylate crosspolymer"", ""sodium chloride"", ""glycol distearate"", ""laureth-4"", ""tetrasodium glutamate diacetate"", ""citric acid"", ""lactic acid"", ""sodium hydroxide"", ""sodium benzoate"", ""parfum"", ""benzyl alcohol"", ""benzyl salicylate""]"
p01021,Rituals The Ritual of Ayurveda Foaming Shower Gel 200ml,Rituals,8.5,Body Wash,"[""water"", ""sodium laureth sulfate"", ""cocamidopropyl betaine"", ""isopentane"", ""sorbitol"", ""isopropyl palmitate"", ""parfum/fragrance"", ""isobutane"", ""peg-120 methyl glucose dioleate"", ""sodium chloride"", ""sodium benzoate"", ""peg-40 hydrogenated\u00a0castor oil"", ""citric acid"", ""guar hydroxypropyltrimonium chloride"", ""prunus amygdalus dulcis  oil"", ""rosa\u00a0damascena flower oil"", ""hexyl cinnamal"", ""limonene"", ""linalool"", ""coumarin"", ""butylphenyl methylpropional"", ""citronellol"", ""benzyl\u00a0benzoate""]"
p01022,Bioderma Atoderm Shower Oil 200ml,Bioderma,9.0,Body Wash,"[""aqua/water/eau"", ""glycerin"", ""peg-7 glyceryl cocoate"", ""sodium cocoamphoacetate"", ""lauryl glucoside"", ""coco-glucoside"", ""glyceryl oleate"", ""citric acid"", ""peg-90 glyceryl isostearate"", ""fragrance"", ""mannitol"", ""polysorbate 20"", ""xylitol"", ""laureth-2"", ""rhamnose"", ""niacinamide"", ""fructooligosaccharides"", ""tocopherol"", ""hydrogenated palm glycerides citrate"", ""lecithin"", ""ascorbyl palmitate""]"
p01023,Aveeno Baby Daily Care Hair & Body Wash 500ml,Aveeno,7.99,Body Wash,"[""water"", ""coco-glucoside"", ""cocamidopropyl betaine"", ""avena sativa kernel flour"", ""avena sativa kernel extract"", ""glycerin"", ""glyceryl oleate"", ""hydrogenated palm glycerides citrate"", ""p-anisic acid"", ""acrylates/c10-30 alkyl acrylate crosspolymer"", ""sodium chloride"", ""citric acid"", ""sodium hydroxide"", ""tocopherol"", ""phenoxyethanol"", ""sodium benzoate"", ""parfum""]"
p01024,Rituals The Ritual of Ayurveda Shower Oil 200ml,Rituals,8.5,Body Wash,"[""glycine soja  oil"", ""mipa-laureth sulfate"", ""laureth-3"", ""caprylic/capric triglyceride"", ""ricinus communis  oil"", ""propylene glycol"", ""laureth-4"", ""parfum/fragrance"", ""laureth-7 citrate"", ""cocamide mipa"", ""prunus amygdalus dulcis\u00a0 oil"", ""rosa damascena flower water"", ""tocopherol"", ""helianthus annuus  seed oil"", ""methylpropanediol"", ""lauryl alcohol"", ""diphosphonic acid"", ""lauric acid"", ""hydrogenated palm glycerides citrate"", ""benzyl\u00a0benzoate"", ""citral"", ""citronellol"", ""coumarin"", ""hexyl cinnamal"", ""linalool"", ""butylphenyl methylpropional"", ""limonene"", ""sodium\u00a0benzoate"", ""potassium sorbate"", ""sorbic acid""]"
p01025,L'Oréal Paris Men Expert Cool Power Shower Gel 300ml,L'Oréal Paris,2.99,Body Wash,"[""aqua / water"", ""sodium laureth sulfate"", ""glycerin"", ""sodium chloride"", ""coco-betaine"", ""ci 42090 / blue 1"", ""ci 14700 / red 4"", ""sodium benzoate"", ""sodium acetate"", ""sodium hydroxide"", ""ppg-5-ceteth-20"", ""polyquaternium-10"", ""salicylic acid"", ""limonene"", ""menthol"", ""linalool"", ""pentylene glycol"", ""mentha"", ""piperi ta extract / peppermint extract"", ""isopropyl alcohol"", ""parfum / fragrance"", ""citric acid"", ""hexyl cinnamal""]"
p01026,Molton Brown Vetiver & Grapefruit Bath and Shower Gel 300ml,Molton Brown,22.0,Body Wash,"[""water / aqua / eau"", ""sodium laureth sulfate"", ""cocamidopropyl betaine"", ""fragrance / parfum"", ""propylene glycol"", ""laureth-7 citrate"", ""glycerin"", ""sodium chloride"", ""coco-glucoside"", ""lonicera caprifolium  flower extract"", ""lonicera japonica  flower extract"", ""polyquaternium-7"", ""hydrogenated palm glycerides citrate"", ""ethylhexyl salicylate"", ""butyl methoxydibenzoylmethane"", ""diethylhexyl syringylidenemalonate"", ""ppg-2 hydroxyethyl cocamide"", ""limonene"", ""linalool"", ""citral"", ""citronellol"", ""tetrasodium glutamate diacetate"", ""tocopherol"", ""sodium phytate"", ""caprylyl glycol"", ""alcohol denat"", ""phenoxyethanol"", ""sodium benzoate"", ""citric acid"", ""sodium hydroxide"", ""peg-150 pentaerythrityl tetrastearate"", ""yellow 5 / ci 19140"", ""red 4 / ci 14700""]"
p01027,Jo Malone London Pomegranate Noir Body and Hand Wash 100ml,Jo Malone London,16.0,Body Wash,"[""water\\aqua\\eau"", ""sodium laureth sulfate"", ""fragrance"", ""lauramidopropyl betaine"", ""ceteth-20"", ""glycerin"", ""limnanthes alba  seed oil"", ""ethylhexylglycerin"", ""sucrose"", ""caffeine"", ""peg-6 caprylic/capric glycerides"", ""caprylyl glycol"", ""butylene glycol"", ""polysorbate 20"", ""peg-7 glyceryl cocoate"", ""peg-120 methyl glucose dioleate"", ""sodium chloride"", ""pentylene glycol"", ""hexylene glycol"", ""polyquaternium-7"", ""peg-150 pentaerythrityl tetrastearate"", ""citric acid"", ""phenoxyethanol"", ""methylchloroisothiazolinone"", ""methylisothiazolinone"", ""hydroxycitronellal"", ""linalool"", ""limonene"", ""yellow 6"", ""yellow 5 ""]"
p01028,Jo Malone London Pomegranate Noir Body and Hand Wash 250ml,Jo Malone London,32.0,Body Wash,"[""water\\aqua\\eau"", ""sodium laureth sulfate"", ""fragrance"", ""lauramidopropyl betaine"", ""ceteth-20"", ""glycerin"", ""limnanthes alba  seed oil"", ""ethylhexylglycerin"", ""sucrose"", ""caffeine"", ""peg-6 caprylic/capric glycerides"", ""caprylyl glycol"", ""butylene glycol"", ""polysorbate 20"", ""peg-7 glyceryl cocoate"", ""peg-120 methyl glucose dioleate"", ""sodium chloride"", ""pentylene glycol"", ""hexylene glycol"", ""polyquaternium-7"", ""peg-150 pentaerythrityl tetrastearate"", ""citric acid"", ""phenoxyethanol"", ""methylchloroisothiazolinone"", ""methylisothiazolinone"", ""hydroxycitronellal"", ""linalool"", ""limonene"", ""yellow 6"", ""yellow 5 ""]"
p01029,Sanctuary Spa Body Wash 75ml,Sanctuary Spa,2.5,Body Wash,"[""water"", ""sodium laureth sulfate"", ""glycerin"", ""acrylates/c10-30 alkyl acrylate crosspolymer"", ""peg-40 hydrogenated\u00a0castor oil"", ""phenoxyethanol"", ""sodium benzoate"", ""sodium hydroxide"", ""parfum"", ""benzyl alcohol"", ""butyl\u00a0methoxydibenzoylmethane"", ""propylene glycol"", ""sesamum indicum  seed oil"", ""aluminum starch octenylsuccinate"", ""agar"", ""simmondsia chinensis  seed oil"", ""tocopheryl acetate"", ""chlorphenesin"", ""mica"", ""polyquaternium-39"", ""tin oxide"", ""hexyl\u00a0cinnamal"", ""linalool"", ""limonene"", ""benzyl salicylate"", ""ci 73360"", ""ci 15985"", ""ci 77891"", ""ci 16035"", ""ci 42090 ""]"
p01030,Shea Moisture African Black Soap Soothing Body Wash 384ml,Shea Moisture,11.99,Body Wash,"[""water"", ""sodium lauroyl methyl isethionate"", ""cocamidopropyl"", ""betaine"", ""glycerin"", ""fragrance"", ""jojoba esters"", ""caramel"", ""caprylyl glycol"", ""guar hydroxypropyltrimonium chloride"", ""butyrospermum parkii  butter"", ""caprylhydroxamic acid"", ""tocopherol"", ""glycine soja  oil"", ""sodium palm kernelate"", ""sodium"", ""shea butterate"", ""sodium cocoate"", ""theobroma cacao  plant ash"", ""aloe barbadensis leaf juice"", ""ci 77499"", ""avena sativa  bran extract"", ""sodium chloride"", ""coumarin""]"
p01031,Jo Malone London Peony and Blush Suede Body and Hand Wash 250ml,Jo Malone London,32.0,Body Wash,"[""prunus amygdalus dulcis  oil"", ""c12-13 pareth -3"", ""isopropyl palmitate"", ""fragrance"", ""simmondsia chinensis  seed oil"", ""polysorbate 85"", ""persea gratissima  oil"", ""dipropylene glycol"", ""benzyl benzoate"", ""citronellol"", ""limonene""]"
p01032,REN Moroccan Rose Otto Body Wash,REN,20.0,Body Wash,"[""rosa damascena flower water"", ""glycerin"", ""decyl glucoside"", ""cocamidopropyl betaine"", ""xanthan gum"", ""polysorbate 20"", ""panthenol"", ""sodium lauroyl oat amino acids"", ""phenoxyethanol"", ""sodium hydroxymethylglycinate"", ""citrus grandis  seed extract"", ""lactic acid"", ""rosa damascena flower oil"", ""cymbopogon martini  oil"", ""pelargonium graveolens  flower oil"", ""eugenia caryophyllus  flower oil"", ""myroxylon pereirae  oil"", ""linalool"", ""geraniol"", ""citronellol""]"
p01033,L'Oréal Paris Men Expert Hydra Energetic Shower Gel 300ml,L'Oréal Paris,2.99,Body Wash,"[""aqua / water"", ""sodium laureth sulfate"", ""glycerin"", ""sodium chloride"", ""coco-betaine"", ""parfum / fragrance"", ""ci 19140 / yellow 5"", ""ci 16035 / red 40"", ""sodium benzoate"", ""sodium acetate"", ""sodium hydroxide"", ""ppg-5-ceteth-20"", ""pentylene glycol"", ""mentha"", ""piperita extract / peppermint extract"", ""isopropyl alcohol"", ""alpha-isomethyl ionone"", ""citric acid"", ""taurine""]"
p01034,ManCave Cedarwood Shower Gel 200ml,ManCave,3.0,Body Wash,"[""water"", ""cocamidopropyl betaine"", ""sodium cocoamphoacetate"", ""glycerin"", ""decyl glucoside"", ""aloe barbadensis leaf juice"", ""sodium chloride"", ""parfum"", ""bulnesia sarmientoi wood oil"", ""rosmarinus officinalis  leaf oil"", ""lavandula hybrida oil"", ""cedrus atlantica bark oil"", ""abies sibirica oil"", ""eucalyptus globulus leaf oil"", ""citrus aurantifolia  oil"", ""artemisia herba-alba oil"", ""origanum majorana herb oil"", ""juniperus communis fruit oil"", ""piper nigrum  fruit oil"", ""thymus vulgaris  flower/leaf oil"", ""abies balsamea extract"", ""melaleuca alternifolia  leaf oil"", ""arginine"", ""xanthan gum"", ""caramel"", ""phenoxyethanol"", ""acrylates /c10-30 alkyl acrylate crosspolymer"", ""benzoic acid"", ""dehydroacetic acid"", ""sodium hydroxide"", ""potassium sorbate"", ""citric acid"", ""benzyl salicylate"", ""coumarin"", ""hexyl cinnamal"", ""limonene"", ""linalool"", ""alpha-isomethyl ionone""]"
p01035,Aveeno Skin Relief Moisturising Body Wash 500ml,Aveeno,9.99,Body Wash,"[""water"", ""glycerin"", ""cocamidopropyl betaine"", ""sodium laureth sulfate"", ""sodium hydrolyzed potato starch dodecenylsuccinate"", ""avena sativa kernel  flour"", ""avena sativa kernel  extract"", ""avena sativa kernel  oil"", ""guar hydroxypropyltrimonium chloride"", ""polyquaternium-10"", ""glycol distearate"", ""disodium tetrapropenyl succinate"", ""laureth-4"", ""acrylates/c10-30 alkyl acrylate crosspolymer"", ""sodium chloride"", ""tetrasodium glutamate diacetate"", ""citric acid"", ""sodium hydroxide"", ""formic acid"", ""potassium sorbate"", ""sodium benzoate""]"
p01036,Bloom and Blossom The Very Hungry Caterpillar Baby Hair & Body Wash 200ml,Bloom,3.99,Body Wash,"[""water"", ""cocamidopropyl betaine"", ""lauryl glucoside"", ""disodium laureth sulfosuccinate"", ""sodium chloride"", ""glyceryl laurate"", ""isostearamide mipa"", ""coco-glucoside"", ""glyceryl oleate"", ""parfum"", ""citric acid"", ""tocopherol"", ""benzyl alcohol"", ""benzoic acid"", ""dehydroacetic acid"", ""sodium benzoate""]"
p01037,Rituals The Ritual of Happy Buddha Shower Oil 200ml,Rituals,8.5,Body Wash,"[""glycine soja  oil"", ""laureth-4"", ""mipa-laureth sulfate"", ""parfum"", ""polyglyceryl-3 diisostearate"", ""helianthus annuus  hybrid oil"", ""ricinus communis  seed oil"", ""propylene glycol"", ""tocopherol"", ""cedrus atlantica bark extract"", ""citrus aurantium dulcis peel oil"", ""linalool"", ""limonene"", ""hexyl cinnamal"", ""citronellol""]"
p01038,Sanctuary Spa Classic 12 Hour Shower Cream 250ml,Sanctuary Spa,6.5,Body Wash,"[""water"", ""helianthus annuus  seed oil"", ""sodium trideceth sulfate"", ""butyrospermum parkii  butter"", ""sodium lauroamphoacetate"", ""glycerin"", ""sodium chloride"", ""cocamide mea"", ""phenoxyethanol"", ""parfum"", ""citric acid"", ""benzyl alcohol"", ""tocopheryl acetate"", ""cyamopsis tetragonoloba  gum"", ""disodium edta"", ""guar hydroxypropyltrimonium\u00a0chloride"", ""hexyl cinnamal"", ""linalool"", ""limonene"", ""benzyl salicylate"", ""benzyl benzoate"", ""coumarin"", ""citral""]"
p01039,Aveeno Daily Moisturising Body Wash 300ml,Aveeno,6.99,Body Wash,"[""water"", ""glycerin"", ""cocamidopropyl betaine"", ""decyl glucoside"", ""sodium laureth sulfate"", ""citric acid"", ""avena sativa kernel  extract"", ""avena sativa kernel  flour"", ""glycol distearate"", ""guar hydroxypropyltrimonium chloride"", ""coconut acid"", ""sodium lauroamphoacetate"", ""acrylates copolymer"", ""sodium chloride"", ""disodium edta"", ""sodium hydroxide"", ""sodium benzoate"", ""phenoxyethanol"", ""potassium sorbate"", ""parfum""]"
p01040,DECLÉOR Luxury Size Lavender Shower Gel 400ml,DECLÉOR,17.5,Body Wash,"[""aqua / water"", ""sodium coco-sulfate"", ""polyglyceryl-4 caprate"", ""coco-betaine"", ""glycerin"", ""aloe barbadensis leaf juice powder"", ""citric acid"", ""sodium hydroxide"", ""lavandula angustifolia oil / lavender oil"", ""sodium chloride"", ""citronellol"", ""limonene"", ""linalool"", ""salicylic acid"", ""sodium benzoate"", ""parfum / fragrance""]"
p01041,Pai Skincare Gentle Genius Camellia and Bergamot Body Wash 200ml,Pai Skincare,18.0,Body Wash,"[""water"", ""glycerin"", ""polyglyceryl-4 oleyl ether olivate"", ""caprylyl/capryl glucoside"", ""decyl glucoside"", ""lactobacillus & cocos nucifera  fruit extract"", ""camellia oleifera seed oil"", ""coco-glucoside"", ""glyceryl oleate"", ""olive oil polyglyceryl-3 esters"", ""ricinus communis seed oil"", ""mangifera indica fruit extract"", ""acacia senegal gum"", ""schizandra sphenanthera fruit extract"", ""chondrus crispus powder"", ""xanthan gum"", ""lecithin"", ""tocopherol"", ""sodium levulinate"", ""lactic acid"", ""potassium sorbate"", ""citric acid"", ""sodium anisate"", ""citrus aurantifolia oil"", ""citrus aurantium bergamia  fruit oil"", ""hydrogenated palm glycerides citrate"", ""ascorbyl palmitate"", ""limonene"", ""linalool""]"
p01042,REN Clean Skincare Atlantic Kelp and Magnesium Anti-Fatigue Body Wash 300ml - Ocean Plastic,REN,22.0,Body Wash,"[""water"", ""cocamidopropyl betaine"", ""disodium cocoamphodiacetate"", ""lauryl glucoside"", ""decyl glucoside"", ""sodium chloride"", ""glycerin"", ""glyceryl laurate"", ""inulin"", ""magnesium pca"", ""rosmarinus officinalis  leaf oil"", ""pelargonium graveolens  oil"", ""salvia sclarea  extract"", ""coconut acid"", ""cupressus sempervirens  leaf/stem extract"", ""panthenol"", ""parfum"", ""sodium benzoate"", ""potassium sorbate"", ""laminaria digitata extract"", ""citric acid"", ""sucrose"", ""sodium levulinate"", ""plankton extract"", ""lecithin"", ""citronellol"", ""geraniol"", ""limonene"", ""linalool""]"
p01043,AMELIORATE Nourishing Body Wash 60ml,AMELIORATE,5.0,Body Wash,"[""aqua/water/eau"", ""peg-7 glyceryl cocoate"", ""disodium cocoamphodiacetate"", ""sodium lauroyl sarcosinate"", ""cocamidopropyl betaine"", ""acrylates copolymer"", ""sodium chloride"", ""glycerin"", ""fragrance"", ""phenoxyethanol"", ""glycol distearate"", ""borago officinalis  seed oil"", ""camelina sativa  seed oil"", ""peg-40 hydrogenated castor oil"", ""trideceth-9"", ""laureth-4"", ""styrene/acrylamide copolymer"", ""1"", ""2-hexanediol"", ""caprylyl glycol"", ""ethylhexylglycerin"", ""polyquaternium-10"", ""disodium edta"", ""sodium hydroxide"", ""linalool"", ""citronellol"", ""hydrolyzed milk protein"", ""propylene glycol"", ""citrus aurantium dulcis  oil"", ""limonene"", ""coumarin"", ""juniperus mexicana  oil"", ""lactic acid"", ""alpha-isomethyl ionone"", ""citric acid"", ""pelargonium graveolens  oil"", ""pentylene glycol"", ""serine"", ""sodium lactate"", ""sorbitol"", ""urea"", ""benzoic acid"", ""tocopherol"", ""allantoin""]"
p01044,Bloom & Blossom James' Sweet Peach Handwash,Bloom & Blossom,3.19,Body Wash,"[""water"", ""sodium lauroyl methyl isethionate"", ""cocamidopropyl betaine"", ""sodium methyl oleoyl taurate"", ""coco-glucoside"", ""lauryl glucoside"", ""parfum"", ""citric acid"", ""sodium benzoate"", ""phenoxyethanol"", ""linalool""]"
p01045,Bioderma Atoderm Intensive Foaming Gel 500ml,Bioderma,12.8,Body Wash,"[""aqua/water/eau"", ""sodium laureth sulfate"", ""lauryl glucoside"", ""peg-200 hydrogenated glyceryl palmate"", ""disodium edta"", ""peg-7 glyceryl cocoate"", ""mannitol"", ""xylitol"", ""rhamnose"", ""fructooligosaccharides"", ""sodium chloride"", ""zinc sulfate"", ""copper\u00a0sulfate"", ""niacinamide"", ""citric acid"", ""sodium hydroxide""]"
p01046,Aesop Animal Body Wash 500ml,Aesop,27.0,Body Wash,"[""water"", ""sodium laureth sulfate"", ""propylene glycol"", ""coco-betaine"", ""sea salt"", ""cocamide mipa"", ""citrus medica limonum  peel oil"", ""phenoxyethanol"", ""melaleuca alternifolia  leaf oil"", ""peg-40 hydrogenated castor oil"", ""sodium citrate"", ""mentha viridis  leaf oil"", ""citric acid"", ""ethylhexylglycerin"", ""magnesium nitrate"", ""methylchloroisothiazolinone"", ""magnesium chloride"", ""methylisothiazolinone"", ""d-limonene""]"
p01047,ESPA Energising Bath and Shower Gel 250ml,ESPA,22.0,Body Wash,"[""water"", ""cocamidopropyl betaine"", ""peg-120 methyl glucose dioleate"", ""caprylyl/capryl glucoside"", ""sodium lauryl sulfoacetate"", ""polysorbate 20"", ""sodium lauroyl sarcosinate"", ""phenoxyethanol"", ""litsea cubeba fruit oil"", ""sodium chloride"", ""rosmarinus officinalis  leaf oil"", ""lavandula angustifolia  oil"", ""sodium sulfate"", ""citral"", ""sucrose cocoate"", ""eucalyptus globulus leaf oil"", ""linalool"", ""mentha piperita  oil"", ""limonene"", ""benzoic acid"", ""sodium benzoate"", ""dehydroacetic acid"", ""ethylhexylglycerin"", ""fragrance"", ""phytic acid"", ""geraniol"", ""citronellol"", ""tocopherol"", ""citric acid"", ""sodium hydroxide""]"
p01048,Molton Brown Bushukan Bath and Shower Gel,Molton Brown,22.0,Body Wash,"[""water / aqua / eau"", ""sodium laureth sulfate"", ""cocamidopropyl betaine"", ""propylene glycol"", ""fragrance / parfum"", ""laureth-7 citrate"", ""glycerin"", ""sodium chloride"", ""coco-glucoside"", ""citrus medica vulgaris fruit extract"", ""polyquaternium-7"", ""lonicera japonica  flower extract"", ""lonicera caprifolium  flower extract"", ""ethylhexyl salicylate"", ""butyl methoxydibenzoylmethane"", ""diethylhexyl syringylidenemalonate"", ""limonene"", ""linalool"", ""hexyl cinnamal"", ""citral"", ""citronellol"", ""butylphenyl methylpropional"", ""coumarin"", ""tetrasodium glutamate diacetate"", ""tocopherol"", ""sodium phytate"", ""sodium benzoate"", ""phenoxyethanol"", ""citric acid"", ""sodium hydroxide"", ""peg-150 pentaerythrityl tetrastearate"", ""ppg-2 hydroxyethyl cocamide"", ""hydrogenated palm glycerides citrate"", ""alcohol denat"", ""yellow 5 / ci 19140"", ""yellow 6 / ci 15985""]"
p01049,JASON Soothing Aloe Vera Body Wash 887ml,JASON,8.24,Body Wash,"[""water"", ""cocamidopropyl betaine"", ""sodium lauryl sulfoacetate"", ""sodium chloride"", ""glycerin"", ""helianthus annuus  seed oil"", ""prunus amygdalus dulcis  oil"", ""aloe barbadensis leaf juice"", ""calendula officinalis flower extract"", ""chamomilla recutita  flower extract"", ""spirulina maxima extract"", ""tocopheryl acetate"", ""alcohol"", ""allantoin"", ""citric acid"", ""lauryl glucoside"", ""panthenol"", ""sodium pca"", ""sodium sulfate"", ""stearyl citrate"", ""benzoic acid"", ""benzyl alcohol"", ""potassium sorbate"", ""sodium benzoate"", ""benzyl benzoate"", ""hexyl cinnamal"", ""limonene"", ""fragrance ""]"
p01050,DECLÉOR Luxury Size Rose Shower Gel 400ml,DECLÉOR,17.5,Body Wash,"[""aqua / water"", ""sodium coco-sulfate"", ""coco-betaine"", ""glycerin"", ""polyglyceryl-4 caprate"", ""aloe barbadensis leaf juice powder"", ""citric acid"", ""sodium hydroxide"", ""rosa damascena flower oil"", ""sodium chloride"", ""citral"", ""citronellol"", ""geraniol"", ""salicylic acid"", ""sodium benzoate"", ""parfum / fragrance""]"
p01051,NEOM Tranquillity Body & Hand Wash 250ml,NEOM,18.0,Body Wash,"[""water"", ""sodium coco-sulfate"", ""cocamidopropyl betaine"", ""decyl glucoside"", ""parfum"", ""aloe barbadensis leaf juice powder"", ""coco-glucoside"", ""glycerin"", ""sucrose laurate"", ""helianthus annuus  seed oil"", ""punica granatum  fruit extract"", ""fucus vesiculosus extract"", ""tocopherol"", ""alcohol"", ""alcohol denat"", ""citric acid"", ""dehydroacetic acid"", ""sodium benzoate"", ""benzyl alcohol"", ""linalool"", ""geraniol"", ""limonene""]"
p01052,Aveeno Baby Dermexa Moisturising Wash 300ml,Aveeno,9.99,Body Wash,"[""water"", ""glycerin"", ""cocamidopropyl betaine"", ""peg-80 sorbitan laurate"", ""decyl glucoside"", ""avena sativa kernel extract"", ""avena sativa kernel flour"", ""panthenol"", ""ceramide 3"", ""ethylhexylglycerin"", ""hydrogenated palm glycerides citrate"", ""coconut acid"", ""glyceryl oleate"", ""lecithin"", ""coco-glucoside"", ""acrylates/c10-30 alkyl acrylate crosspolymer"", ""sodium chloride"", ""tetrasodium glutamate diacetate"", ""citric acid"", ""sodium hydroxide"", ""ascorbyl palmitate"", ""tocopherol"", ""potassium sorbate"", ""phenoxyethanol"", ""sodium benzoate""]"
p01053,ManCave Lemon and Oak Shower Gel 200ml,ManCave,3.0,Body Wash,"[""water"", ""cocamidopropyl betaine"", ""sodium cocoamphoacetate"", ""glycerin"", ""decyl glucoside"", ""aloe barbadensis leaf juice"", ""sodium\u00a0chloride"", ""parfum"", ""citrus limon  peel oil"", ""rosmarinus officinalis  leaf oil"", ""vetiveria zizanoides root\u00a0oil"", ""artemisia herba-alba oil"", ""citrus aurantium dulcis  peel oil"", ""elettaria cardamomum seed oil"", ""citrus aurantium amara\u00a0 leaf/twig oil"", ""arginine"", ""acrylates /c10-30 alkyl acrylate crosspolymer"", ""phenoxyethanol"", ""xanthan gum"", ""benzoic acid"", ""dehydroacetic acid"", ""potassium sorbate"", ""citric acid"", ""limonene"", ""linalool"", ""alpha-isomethyl ionone""]"
p01054,Shea Moisture 100% Virgin Coconut Oil Daily Hydration Body Wash 384ml,Shea Moisture,10.99,Body Wash,"[""water"", ""decyl glucoside"", ""sodium lauroyl lactylate"", ""glycerin"", ""coco glucoside"", ""glyceryl oleate"", ""butyrospermum parkii  butter"", ""cocos nucifera  fruit juice"", ""cocos nucifera  fruit extract"", ""cocos nucifera  oil"", ""aloe barbadensis leaf juice"", ""taraxacum officinale  rhizome/root extract"", ""acacia senegal gum extract"", ""hydrolyzed rice protein"", ""caprylhydroxamic acid"", ""caprylyl glycol"", ""guar\u00a0hydroxypropultrimonium chloride"", ""sodium phytate"", ""fragrance""]"
p01055,JASON Purifying Tea Tree Body Wash 887ml,JASON,10.99,Body Wash,"[""water"", ""cocamidopropyl betaine"", ""sodium lauryl sulfoacetate"", ""glycerin"", ""melaleuca alternifolia  leaf oil"", ""helianthus annuus  seed oil"", ""brassica napus seed oil"", ""aloe barbadensis leaf juice"", ""allantoin"", ""panthenol"", ""tocopheryl acetate"", ""lauryl glucoside"", ""stearyl citrate"", ""sodium chloride"", ""sodium sulfate"", ""citric acid"", ""benzyl alcohol"", ""potassium sorbate"", ""sodium benzoate"", ""fragrance ""]"
p01056,Molton Brown Milk Musk Bath and Shower Gel 300ml,Molton Brown,22.0,Body Wash,"[""water / aqua / eau"", ""sodium laureth sulfate"", ""fragrance / parfum"", ""laureth-4"", ""cocamidopropyl betaine"", ""propylene glycol"", ""peg-40 hydrogenated castor oil"", ""glycerin"", ""coco-glucoside"", ""peg-18 glyceryl oleate/cocoate"", ""caprylyl glycol"", ""ethylhexyl salicylate"", ""citric acid"", ""polyquaternium-7"", ""tetrasodium glutamate diacetate"", ""butyl methoxydibenzoylmethane"", ""diethylhexyl syringylidenemalonate"", ""sodium hydroxide"", ""phenoxyethanol"", ""benzoic acid"", ""sodium benzoate"", ""alpha-isomethyl ionone"", ""citronellol"", ""coumarin"", ""hydroxycitronellal"", ""linalool"", ""titanium dioxide / ci 77891""]"
p01057,Molton Brown Flora Luminare Bath & Shower Gel 300ml,Molton Brown,22.0,Body Wash,"[""water / aqua / eau"", ""sodium laureth sulfate"", ""cocamidopropyl betaine"", ""fragrance / parfum"", ""propylene glycol"", ""peg-40 hydrogenated castor oil"", ""laureth-7 citrate"", ""coco-glucoside"", ""glycerin"", ""gardenia taitensis flower extract"", ""cocos nucifera  oil"", ""citric acid"", ""ethylhexyl salicylate"", ""polyquaternium-7"", ""tetrasodium glutamate diacetate"", ""butyl methoxydibenzoylmethane"", ""diethylhexyl syringylidenemalonate"", ""tocopherol"", ""peg-150 pentaerythrityl tetrastearate"", ""ppg-2 hydroxyethyl cocamide"", ""sodium hydroxide"", ""potassium sorbate"", ""sodium benzoate"", ""citronellol"", ""geraniol"", ""hexyl cinnamal"", ""limonene"", ""linalool"", ""caramel""]"
p01058,Weleda Limted Edition Forest Harmony Shower Wash 200ml,Weleda,7.95,Body Wash,"[""water"", ""sesamum indicum  seed oil"", ""coco-glucoside"", ""alcohol"", ""disodium cocoyl glutamate"", ""glycerin carrageenan"", ""fragrance"", ""xanthan gum"", ""lactic acid"", ""sodium cocoyl glutamate"", ""limonene"", ""linalool"", ""geraniol"", ""citral""]"
p01059,Shea Moisture Coconut & Hibiscus Illuminating Body Wash 384ml,Shea Moisture,10.99,Body Wash,"[""water"", ""decyl glucoside"", ""sodium lauroyl lactylate"", ""glycol stearate"", ""glycerin"", ""fragrance"", ""caprylyl glycol"", ""guar hydroxypropyltrimonium chloride"", ""sodium methyl cocoyl taurate"", ""butyrospermum parkii  butter"", ""panthenol"", ""caprylhydroxamic acid"", ""sodium chloride"", ""cocos nucifera  oil"", ""olea europaea  husk oil"", ""aloe barbadensis leaf juice"", ""theobroma cacao  seed butter"", ""hibiscus rosa-sinensis flower extract"", ""tocopheryl acetate"", ""tricholoma matsutake extract"", ""alcohol"", ""benzyl benzoate"", ""limonene""]"
p01060,Sol de Janeiro Coco Cabana Shower Gel 90ml,Sol de Janeiro,10.0,Body Wash,"[""water"", ""sodium cocoyl isethionate"", ""sodium lauroamphoacetate"", ""cetyl alcohol"", ""propanediol"", ""parfum"", ""acrylates copolymer"", ""cocos nucifera  oil"", ""coconut acid"", ""cetearyl alcohol"", ""theobroma grandiflorum seed butter"", ""euterpe oleracea fruit oil"", ""sodium glycolate"", ""hexylene glycol"", ""sodium isethionate"", ""caprylyl glycol"", ""xanthan gum"", ""phenoxyethanol"", ""disodium edta"", ""sodium chloride""]"
p01061,Aromatherapy Associates De-Stress Shower Oil 250ml,Aromatherapy Associates,26.0,Body Wash,"[""mipa-laureth sulfate"", ""laureth-3"", ""caprylic/capric triglyceride"", ""helianthus annuus  seed oil"", ""parfum"", ""linalool"", ""silica"", ""propylene glycol"", ""prunus persica  kernel oil"", ""simmondsia chinensis  seed oil"", ""limonene"", ""geraniol"", ""tocopherol"", ""citral"", ""benzyl salicylate""]"
p01062,Australian Bodycare Body Wash 500ml,Australian Bodycare,17.99,Body Wash,"[""water"", ""sodium laureth sulfate"", ""coco-glucoside"", ""glycerin"", ""cocamidopropyl betaine"", ""melaleuca alternifolia leaf oil"", ""glyceryl oleate"", ""caprylyl/capryl glucoside"", ""hydroxypropyl guar hydroxypropyltrimonium chloride"", ""phenoxyethanol"", ""benzoic acid"", ""tocopherol"", ""ascorbyl palmitate"", ""lecithin"", ""hydrogenated palm glycerides citrate"", ""dehydroacetic acid"", ""peg-120 methyl glucose dioleate"", ""sodium chloride"", ""citric acid"", ""limonene"", ""linalool""]"
p01063,Rituals The Ritual of Karma Shower Oil 200ml,Rituals,8.5,Body Wash,"[""canola oil"", ""laureth-4"", ""mipa-laureth sulfate"", ""parfum"", ""polyglyceryl-3 diisostearate"", ""ricinus communis seed oil"", ""tocopherol"", ""helianthus annuus hybrid oil"", ""camellia sinensis leaf extract"", ""nelumbo nucifera flower extract"", ""propylene glycol"", ""benzyl alcohol"", ""benzyl salicylate"", ""butylphenyl methylpropional"", ""hexyl cinnamal"", ""linalool"", ""limonene"", ""citronellol"", ""geraniol""]"
p01064,OUAI Body Cleanser 300ml,OUAI,24.0,Body Wash,"[""water"", ""sodium c14-16 olefin sulfonate"", ""glycerin"", ""cocamidopropyl betaine"", ""sodium methyl cocoyl taurate"", ""peg-40 hydrogenated castor oil"", ""peg-150 pentaerythrityl tetrastearate"", ""acrylates copolymer"", ""simmondsia chinensis  seed oil"", ""rosa canina fruit oil"", ""lactobacillus ferment"", ""sodium hyaluronate"", ""sodium hydroxide"", ""benzophenone-4"", ""cocamide mipa"", ""disodium edta"", ""hydroxyacetophenone"", ""peg-6 caprylic/capric glycerides"", ""polyquaternium-7"", ""polysorbate 20"", ""tocopherol"", ""ethylhexylglycerin"", ""sodium chloride"", ""sodium benzote"", ""phenoyxethanol"", ""fragrance"", ""limonene"", ""citronellol"", ""hydroxycitronellal"", ""linalool"", ""violet 2 ""]"
p01065,Aromatherapy Associates Rose Shower Oil 250ml,Aromatherapy Associates,26.0,Body Wash,"[""caprylic/capric triglyceride"", ""mipa-laureth sulfate"", ""laureth-3"", ""helianthus annuus  seed oil"", ""parfum"", ""silica"", ""propylene glycol"", ""limonene"", ""citronellol"", ""geraniol"", ""linalool"", ""prunus persica  kernel oil"", ""simmondsia chinensis  seed oil"", ""benzyl benzoate"", ""citral"", ""farnesol"", ""benzyl salicylate"", ""tocopherol"", ""benzyl alcohol"", ""benzyl cinnamate""]"
p01066,Sukin Botanical Lime & Coconut Body Wash 500ml,Sukin,9.95,Body Wash,"[""water"", ""aloe barbadensis leaf juice"", ""cocamidopropyl betaine"", ""decyl glucoside"", ""peg-150 pentaerythrityl tetrastearate"", ""chamomilla recutita  flower extract"", ""yucca schidigera leaf/root/stem extract"", ""lavandula angustifolia flower/leaf/stem extract"", ""rosa canina fruit oil"", ""simmondsia chinensis  seed oil"", ""persea gratissima  oil"", ""tocopherol"", ""glycerin"", ""phenoxyethanol"", ""benzyl alcohol"", ""citric acid"", ""fragrance"", ""citral"", ""limonene""]"
p01067,Sol de Janeiro Coco Cabana Shower Gel 385ml,Sol de Janeiro,22.0,Body Wash,"[""water"", ""sodium cocoyl isethionate"", ""sodium lauroamphoacetate"", ""cetyl alcohol"", ""propanediol"", ""parfum"", ""acrylates copolymer"", ""cocos nucifera  oil"", ""coconut acid"", ""cetearyl alcohol"", ""theobroma grandiflorum seed butter"", ""euterpe oleracea fruit oil"", ""sodium glycolate"", ""hexylene glycol"", ""sodium isethionate"", ""caprylyl glycol"", ""xanthan gum"", ""phenoxyethanol"", ""disodium edta"", ""sodium chloride""]"
p01068,Bubble T Shower Gel - Lemongrass & Green Tea 200ml,Bubble,3.0,Body Wash,"[""water"", ""paraffinum liquidum"", ""cetearyl alcohol"", ""stearic acid"", ""ceteareth-25"", ""sorbitol"", ""parfum"", ""triethanolamine"", ""phenoxyethanol"", ""carbomer"", ""lycium chinense fruit extract"", ""propylene glycol"", ""chlorphenesin"", ""butyrospermum parkii  butter"", ""disodium edta"", ""citrus aurantium bergamia  fruit oil"", ""cymbopogon citratus leaf oil"", ""citral"", ""coumarin"", ""geraniol"", ""limonene"", ""linalool""]"
p01069,L:A BRUKET No. 104 Hand & Body Wash 450ml - Bergamot/Patchouli,L:A BRUKET,27.5,Body Wash,"[""water"", ""glycerin"", ""cocamidopropyl betaine"", ""sodium levulinate"", ""sodium anisate"", ""disodium lauroyl sarcosinate"", ""sodium lauryl sulfoacetate"", ""caprylyl wheat bran/ straw glycosides"", ""fusel wheat bran/straw gycosides"", ""polyglyceryl- 5 oleate"", ""sodium cocoyl glutamate"", ""glyceryl caprylate"", ""limonene""]"
p01070,JASON Glowing Apricot Body Wash 887ml,JASON,10.99,Body Wash,"[""water"", ""cocamidopropyl betaine"", ""sodium lauryl sulfoacetate"", ""aloe barbadensis leaf juice"", ""calendula officinalis flower extract"", ""chamomilla recutita  flower extract"", ""helianthus annuus  seed oil"", ""prunus armeniaca  kernel oil"", ""allantoin"", ""citric acid"", ""glycerin"", ""lauryl glucoside"", ""panthenol"", ""sodium chloride"", ""sodium pca"", ""sodium sulfate"", ""stearyl citrate"", ""tocopheryl acetate"", ""alcohol"", ""benzyl alcohol"", ""potassium sorbate"", ""sodium benzoate"", ""benzyl salicylate"", ""fragrance""]"
p01071,Elizabeth Arden Green Tea Bath & Shower Gel (200ml),Elizabeth Arden,12.0,Body Wash,"[""water"", ""sodium laureth sulfate"", ""disodium laureth sulfosuccinate"", ""parfum"", ""camellia sinensis leaf extract"", ""peg-6 caprylic"", ""propylene glycol"", ""cocamidopropyl betaine"", ""peg-150 pentaerythrityl tetrastearate"", ""butylene glycol"", ""disodium edta"", ""sodium chloride"", ""citronellol"", ""hydroxycitronellal"", ""hydroxyisohexyl 3-cyclohexene carboxaldehyde"", ""limonene"", ""linalool"", ""butyl methoxydibenzoylmethane"", ""ethylhexyl methoxycinnamate"", ""ethylhexyl salicylate"", ""methylparaben"", ""green 3"", ""yellow 5""]"
p01072,Jo Malone London Myrrh and Tonka Shower Oil 250ml,Jo Malone London,40.0,Body Wash,"[""water\\aqua\\eau"", ""aloe barbadensis leaf extract"", ""caprylic/capric/myristic/stearic triglyceride"", ""butylene glycol"", ""hydrogenated polyisobutene"", ""ppg-5-ceteth-20"", ""cocos nucifera  oil"", ""cetyl acetate"", ""fragrance"", ""peg-40 stearate"", ""glyceryl stearate"", ""sodium hyaluronate"", ""isopropyl jojobate"", ""jojoba alcohol"", ""dimethicone"", ""sorbitan stearate"", ""tromethamine"", ""carbomer"", ""jojoba esters"", ""limonene"", ""butylphenyl methylpropional"", ""linalool"", ""hydroxycitronellal"", ""alpha-isomethyl ionone"", ""evernia prunastri  extract"", ""citral"", ""amyl cinnamal"", ""geraniol"", ""citronellol"", ""benzyl salicylate"", ""disodium edta"", ""phenoxyethanol""]"
p01073,Elemis Skin Nourishing Shower Cream 300ml,Elemis,28.0,Body Wash,"[""water"", ""sodium trideceth sulfate"", ""helianthus annuus  seed oil"", ""glycerin"", ""sodium chloride"", ""sodium lauroamphoacetate"", ""simmondsia chinensis  seed oil"", ""cocamide mea"", ""triticum vulgare  germ oil"", ""parfum"", ""citric acid"", ""guar hydroxypropyltrimonium chloride"", ""camellia oleifera seed oil"", ""macadamia ternifolia  seed oil"", ""tetrasodium edta"", ""cocodimonium hydroxypropyl hydrolyzed milk protein"", ""magnesium nitrate"", ""benzyl alcohol"", ""avena sativa  kernel extract"", ""methylisothiazolinone"", ""phenoxyethanol"", ""magnesium chloride"", ""methylchloroisothiazolinone"", ""potassium sorbate"", ""sodium benzoate"", ""citronellol"", ""coumarin"", ""geraniol"", ""hydroxyisohexyl 3-cyclohexene"", ""carboxaldehyde"", ""linalool"", ""alpha-isomethyl ionone""]"
p01074,Caudalie Soleil des Vignes Shower Gel 200ml,Caudalie,9.0,Body Wash,"[""aqua/water/eau"", ""decyl glucoside"", ""sodium cocoyl glutamate"", ""glycerin"", ""parfum"", ""sucrose cocoate"", ""acrylates/c10-30 alkyl acrylate crosspolymer"", ""propanediol"", ""sodium glutamate"", ""sodium chloride"", ""caprylyl glycol"", ""potassium sorbate"", ""coconut acid"", ""linalool"", ""citric acid"", ""geraniol"", ""citronellol"", ""aloe barbadensis leaf juice""]"
p01075,Weleda Wild Rose Creamy Body Wash (200ml),Weleda,7.95,Body Wash,"[""water"", ""sesamum indicum  seed oil"", ""coco-glucoside"", ""alcohol"", ""disodium cocoyl glutamate"", ""glycerin"", ""chondrus crispus"", ""rose moschata seed oil"", ""rosa damascena extract"", ""xanthan gum"", ""lactic acid"", ""fragrance"", ""limonene"", ""linalool"", ""citronellol"", ""geraniol"", ""citral"", ""eugenol""]"
p01076,NUXE Rêve de Miel Face and Body Ultra-Rich Cleansing Gel (400ml),NUXE,19.5,Body Wash,"[""water"", ""glycerin"", ""sodium cocoamphoacetate"", ""sodium lauroyl sarcosinate"", ""lauryl glucoside"", ""parfum/fragrance"", ""mel/honey"", ""sunflower seed oil peg-8 esters"", ""sodium cocoyl glutamate"", ""sodium lauryl glucose carboxylate"", ""acrylates/c10-30 alkyl acrylate crosspolymer"", ""phenoxyethanol"", ""gluconolactone"", ""sodium hydroxide"", ""coco-glucoside"", ""glyceryl oleate"", ""citric acid"", ""allantoin"", ""sodium benzoate"", ""tetrasodium glutamate diacetate"", ""1"", ""2-hexanediol"", ""caprylyl glycol"", ""caramel"", ""calcium gluconate"", ""tropolone"", ""hydrogenated palm glycerides citrate"", ""tocopherol""]"
p01077,Caudalie Thé des Vignes Shower Gel 200ml,Caudalie,9.0,Body Wash,"[""water"", ""decyl glucoside"", ""sodium cocoyl glutamate"", ""glycerin"", ""parfum"", ""sucrose cocoate"", ""acrylates/c10-30 alkyl acrylate crosspolymer"", ""caprylyl glycol"", ""potassium sorbate"", ""citric acid"", ""aloe barbadensis leaf juice"", ""limonene"", ""linalool""]"
p01078,L:A BRUKET No. 094 Hand & Body Wash 450ml - Sage/Rosemary/Lavender,L:A BRUKET,27.5,Body Wash,"[""water"", ""glycerin"", ""cocamidopropyl betaine"", ""sodium levulinate"", ""sodium anisate"", ""disodium lauroyl sarcosinate"", ""sodium lauryl sulfoacetate"", ""caprylyl wheat bran/ straw glycosides"", ""fusel wheat bran/straw gycosides"", ""polyglyceryl- 5 oleate"", ""sodium cocoyl glutamate"", ""glyceryl caprylate"", ""limonene"", ""linalool""]"
p01079,Elemental Herbology Neroli and Rose Damask Body Wash,Elemental Herbology,12.0,Body Wash,"[""water"", ""aloe barbadensis extract"", ""cocamidopropyl betaine"", ""sodium lauroyl sarcosinate"", ""sodium cocoamphoacetate"", ""lauryl glucoside"", ""disodium lauroyl sulfosuccinate"", ""coco-glucoside"", ""glyceryl oleate"", ""citrus aurantium amara  flower water"", ""rosa damascena flower  water"", ""citrus aurantium amara  flower oil"", ""olea europaea leaf extract"", ""citrus medica limonum peel extract"", ""vitis vinifera leaf extract"", ""thymus vulgaris leaf extract"", ""foeniculum vulgare seed extract"", ""citrullus lanatus  seed oil"", ""ximinia americana seed oil"", ""magnolia biondii flower extract"", ""jasminum officinale flower extract"", ""borago officinalis extract"", ""oenothera biennis seed extract"", ""glycerin"", ""polysorbate 20"", ""sodium hydroxymethylglycinate"", ""sodium phytate"", ""potassium sorbate"", ""sodium benzoate"", ""citric acid"", ""ascorbic acid"", ""linalool"", ""limonene""]"
p01080,Aromatherapy Associates Revive Shower Oil 250ml,Aromatherapy Associates,26.0,Body Wash,"[""mipa-laureth sulfate"", ""laureth-3"", ""caprylic/capric triglyceride"", ""helianthus annuus  seed oil"", ""parfum"", ""limonene"", ""silica"", ""propylene glycol"", ""prunus persica  kernel oil"", ""simmondsia chinensis  seed oil"", ""linalool"", ""citronellol"", ""geraniol"", ""tocopherol"", ""citral""]"
p01081,Elemis Frangipani Monoi Shower Cream 200ml,Elemis,28.0,Body Wash,"[""aqua/water/eau"", ""glycerin"", ""coco-betaine"", ""sesamum indicum  seed oil"", ""ammonium lauryl sulfate"", ""fragrance"", ""phenoxyethanol"", ""xanthan gum"", ""cocos nucifera  oil"", ""carbomer"", ""polyquaternium-10"", ""sodium hydroxide"", ""disodium edta"", ""linalool"", ""ethylhexylglycerin"", ""caprylyl glycol"", ""plumeria alba  flower extract"", ""1"", ""2-hexanediol"", ""plumeria rubra  flower extract"", ""amyl cinnamal"", ""hydroxycitronellal"", ""benzoic acid"", ""gardenia tahitensis  flower extract"", ""caramel"", ""tocopherol""]"
p01082,Caudalie Thé des Vignes Shower Gel 100ml,Caudalie,4.5,Body Wash,"[""water"", ""decyl glucoside"", ""sodium cocoyl glutamate"", ""glycerin"", ""parfum"", ""sucrose cocoate"", ""acrylates/c10-30 alkyl acrylate crosspolymer"", ""propanediol"", ""sodium glutamate"", ""sodium chloride"", ""caprylyl glycol"", ""potassium sorbate"", ""coconut acid"", ""citric acid"", ""aloe barbadensis leaf juice"", ""limonene"", ""linalool""]"
p01083,NUXE Fondant Shower Gel (200ml),NUXE,10.5,Body Wash,"[""water"", ""sodium lauryl sulfate"", ""glycerin"", ""caprylyl/capryl glucoside"", ""acrylates/c10-30 alkyl acrylate crosspolymer"", ""parfum/fragrance"", ""phenoxyethanol"", ""gluconolactone"", ""sodium hydroxide"", ""sodium cocoamphoacetate"", ""lauryl glucoside"", ""sodium benzoate"", ""citric acid"", ""tetrasodium edta"", ""1"", ""2-hexanediol"", ""caprylyl glycol"", ""sodium cocoyl glutamate"", ""sodium lauryl glucose carboxylate"", ""calcium gluconate"", ""citrus aurantium dulcis  flower extract"", ""prunus amygdalus dulcis  flower extract"", ""tropolone""]"
p01084,philosophy Amazing Grace Shower Gel 480ml,philosophy,19.5,Body Wash,"[""aqua/water/eau"", ""cetyl alcohol"", ""glycerin"", ""parfum/fragrance"", ""glyceryl stearate"", ""paraffin"", ""neopentyl glycol dicaprylate/dicaprate"", ""tridecyl stearate"", ""dimethicone"", ""isopropyl myristate"", ""cetyl esters"", ""stearic acid"", ""palmitic acid"", ""phenoxyethanol"", ""triethanolamine"", ""c12-15 alkyl ethylhexanoate"", ""tridecyl trimellitate"", ""butyrospermum parkii  butter"", ""carbomer"", ""ethylhexylglycerin"", ""macadamia ternifolia seed oil"", ""olea europaea  fruit oil"", ""tocopheryl acetate"", ""aloe barbadensis leaf juice"", ""limonene"", ""hydroxycitronellal"", ""disodium edta"", ""citral"", ""bht"", ""citronellol"", ""linalool"", ""tocopherol"", ""potassium sorbate"", ""sodium benzoate"", ""citric acid""]"
p01085,this works Deep Sleep Shower Gel (250ml),This Works,18.0,Body Wash,"[""coco-glucoside"", ""water"", ""cocamidopropyl betaine"", ""glycerin"", ""sodium chloride"", ""phenoxyethanol"", ""parfum"", ""glyceryl oleate"", ""coconut acid"", ""linalool"", ""citric acid"", ""benzyl alcohol"", ""disodium edta"", ""panthenol"", ""ethylhexylglycerin"", ""cinnamomum camphora  leaf oil"", ""lavandula angustifolia  oil"", ""ormenis multicaulis  flower extract"", ""pogostemon cablin  oil"", ""vetiveria zizanoides  root oil"", ""dehydroacetic acid"", ""hydrogenated palm glycerides citrate"", ""tocopherol""]"
p01086,Laura Mercier Crème Brûlée Crème Body Wash 200ml,Laura Mercier,33.0,Body Wash,"[""water"", ""sodium laureth sulfate"", ""tea-lauryl sulfate"", ""fragrance"", ""cocamide mea"", ""peg-16 macadamia glycerides"", ""cocamidopropyl betaine"", ""decyl glucoside"", ""isostearyl ethylimidazolinium ethosulfate"", ""sodium lauroyl oat amino acids"", ""polyquaternium-7"", ""glycerin"", ""guar hydroxypropyltrimonium chloride"", ""macadamia ternifolia seed oil"", ""butyrospermum parkii  fruit"", ""glycol distearate"", ""honey"", ""vanilla planifolia fruit extract"", ""cinnamomum cassia  bark extract"", ""coffee arabica  seed extract"", ""theobroma cacao  extract"", ""myristica fragrans  extract"", ""panthenol"", ""retinyl palmitate"", ""tocopheryl acetate"", ""linolenic acid"", ""linolenic acid"", ""aloe barbadensis leaf juice"", ""hydrolyzed oat protein"", ""hydrolyzed silk"", ""prunus amygdalus dulcis  protein"", ""peg-60 almond glycerides"", ""sodium pca"", ""octyldodecanol"", ""arachidyl propionate"", ""lecithin"", ""benzophenone-4"", ""citric acid"", ""trisodium edta"", ""phenoxyethanol"", ""methylparaben"", ""propylparaben"", ""fd&c yellow 5"", ""d&c red 33 ""]"
p01087,Bubble T Ice Tea Shower Gel Peach 200ml,Bubble,3.99,Body Wash,"[""water"", ""sodium laureth sulfate"", ""cocamidopropyl betaine"", ""sodium chloride"", ""parfum"", ""aloe barbadensis leaf extract"", ""phenoxyethanol"", ""caprylhydroxamic acid"", ""citric acid"", ""limonene"", ""ci 14700"", ""ci 17200 ""]"
p01088,L:A BRUKET No. 069 Hand & Body Wash 450ml - Lemongrass,L:A BRUKET,27.5,Body Wash,"[""water"", ""glycerin"", ""cocamidopropyl betaine"", ""sodium levulinate"", ""sodium anisate"", ""disodium lauroyl sarcosinate"", ""sodium lauryl sulfoacetate"", ""caprylyl wheat bran/straw glycosides"", ""fusel wheat bran/straw gycosides"", ""polyglyceryl-5 oleate"", ""sodium cocoyl glutamate"", ""glyceryl caprylate"", ""citral"", ""linalool"", ""geraniol""]"
p01089,Aromatherapy Associates Relax Body Wash 250ml,Aromatherapy Associates,22.0,Body Wash,"[""water"", ""sodium c14-16 olefin sulfonate"", ""cocoamidopropyl betaine"", ""disodium laureth sulfosuccinate"", ""cocamide mea"", ""polysorbate 20"", ""lavandula angustifolia  oil"", ""cananga odorata  flower oil"", ""citrus aurantium\u00a0amara  leaf/twig oil"", ""pogostemon cablin  leaf oil"", ""vetiveria zizanoides  root\u00a0oil"", ""parfum"", ""glyceryl oleate"", ""coco-glucoside"", ""sodium cocoyl isethionate"", ""phenoxyethanol"", ""sodium chloride"", ""citric\u00a0acid"", ""sodium benzoate"", ""benzoic acid"", ""coconut acid"", ""dehydroacetic acid"", ""sodium isethionate"", ""panthenol"", ""tocopherol"", ""hydrogenated palm glycerides citrate"", ""benzyl benzoate"", ""linalool""]"
p01090,ManCave Sensitive Body Wash 200ml,ManCave,2.99,Body Wash,"[""water"", ""cocamidopropyl betaine"", ""sodium cocoamphoacetate"", ""decyl glucoside"", ""sodium chloride"", ""betaine"", ""acrylates/c10-30 alkyl acrylate crosspolymer"", ""parfum"", ""phenoxyethanol"", ""aloe barbadensis leaf juice"", ""styrene/acrylates copolymer"", ""xanthan gum"", ""benzoic acid"", ""arginine"", ""coco-glucoside"", ""panthenol"", ""glycerin"", ""bulnesia sarmientoi wood oil"", ""cedrus atlantica bark oil"", ""dehydroacetic acid"", ""tocopherol"", ""sodium hydroxide"", ""citric acid"", ""cucumis sativus  fruit extract"", ""pogostemon cablin leaf oil"", ""camellia sinensis leaf extract"", ""potassium sorbate"", ""sodium benzoate""]"
p01091,Laura Mercier Almond Coconut Body Wash 200ml,Laura Mercier,33.0,Body Wash,"[""water"", ""sodium laureth sulfate"", ""tea-lauryl suflate"", ""fragrance"", ""lauramidopropyl betaine"", ""cocamide mea"", ""peg-7 glyceryl cocoate"", ""peg-150 distearate"", ""glycol distearate"", ""decyl glucoside"", ""sodium lauroyl oat amino acids"", ""peg-6 caprylic/capric glycerides"", ""peg-16 macadamia glycerides"", ""peg-75 shea butter glycerides"", ""glycerin"", ""polyquaternium-7"", ""guar hydroxypropyltrimonium chloride"", ""panthenol"", ""honey"", ""vanilla planifolia fruit extract"", ""cinnamomum cassia  bark extract"", ""coffea arabica  seed extract"", ""theobroma cacao  extract"", ""myristica fragrans  extract"", ""honey  extract"", ""butylene glycol"", ""prunus amydalus dulcis  protein"", ""hydrolyzed rice protein"", ""hydrolyzed oat protein"", ""citric acid"", ""disodium edta"", ""phenoxyethanol"", ""methylparaben"", ""propylparaben""]"
p01092,Shea Moisture African Water Mint & Ginger Detox Body Wash 384ml,Shea Moisture,10.99,Body Wash,"[""water"", ""decyl glucoside"", ""sodium lauroyl lactylate"", ""cocamidopropyl betaine"", ""caprylyl glycol"", ""fragrance"", ""xanthan gum"", ""glycerin"", ""caprylhydroxamic acid"", ""menthol"", ""butyrospermum parkii  butter"", ""charcoal powder"", ""mentha piperita  leaf extract"", ""zinc pca"", ""zingiber officinale  extract"", ""mentha aquatica leaf extract"", ""opuntia tuna fruit extract"", ""calendula officinalis  flower extract"", ""limonene""]"
p01093,Caudalie Rose de Vigne Shower Gel 200ml,Caudalie,9.0,Body Wash,"[""water"", ""decyl glucoside"", ""sodium cocoyl glutamate"", ""glycerin"", ""parfum"", ""sucrose cocoate"", ""acrylates/c10-30 alkyl acrylate crosspolymer"", ""caprylyl glycol"", ""potassium sorbate"", ""citric acid"", ""aloe barbadensis leaf juice"", ""limonene"", ""linalool""]"
p01094,Weleda Kids 2 in 1 Wash 150ml - Happy Orange,Weleda,5.95,Body Wash,"[""water"", ""sesamum indicum  seed oil"", ""glycerin"", ""coco-glucoside"", ""alcohol"", ""disodium cocoyl\u00a0glutamate"", ""carrageenan"", ""citrus aurantium dulcis  peel oil"", ""calendula officinalis flower extract"", ""xanthan\u00a0gum"", ""lactic acid"", ""sodium cocoyl glutamate"", ""fragrance"", ""limonene"", ""linalool"", ""benzyl benzoate"", ""citral""]"
p01095,Bubble T Shower Gel - Hibiscus & Acai Berry Tea 200ml,Bubble,3.0,Body Wash,"[""water"", ""sodium laureth sulfate"", ""cocamidopropyl betaine"", ""sodium chloride"", ""parfum"", ""glycerin"", ""lycium chinense fruit extract"", ""propylene glycol"", ""citrus aurantium dulcis  seed oil"", ""phenoxyethanol"", ""chlorphenesin"", ""citric acid"", ""limonene"", ""linalool"", ""ci 14700"", ""ci 17200 ""]"
p01096,Bubble T X Pantone Pink Grapefruit & Peony Shower Gel 200ml,Bubble,3.99,Body Wash,"[""water"", ""sodium laureth sulfate"", ""cocamidopropyl betaine"", ""sodium chloride"", ""parfum"", ""citrus grandis  extract"", ""phenoxyethanol"", ""caprylhydroxamic acid"", ""citric acid"", ""limonene"", ""ci 17200"", ""ci 14700""]"
p01097,Cowshed RELAX Calming Bath & Shower Gel 300ml,Cowshed,20.0,Body Wash,"[""water"", ""sodium cocoamphoacetate"", ""cocamidopropyl betaine"", ""disodium lauryl sulfosuccinate"", ""lauryl glucoside"", ""lavandula angustifolia  flower oil"", ""eucalyptus globulus  leaf oil"", ""styrax tonkinensis  resin extract"", ""tocopherol"", ""glyceryl oleate"", ""coco glucoside"", ""glycerin"", ""parfum"", ""benzyl alcohol"", ""dehydroacetic acid"", ""limonene"", ""linalool"", ""geraniol"", ""benzyl salicylate"", ""hexyl cinnamal"", ""hydroxycitronellal""]"
p01098,Balance Me Super Moisurising Body Wash 250ml,Balance Me,10.8,Body Wash,"[""water"", ""disodium lauryl sulfosuccinate"", ""sodium cocoamphoacetate"", ""cocamidopropyl betaine"", ""lauryl glucoside"", ""sodium chloride"", ""citric acid"", ""glyceryl oleate"", ""coco-glucoside"", ""butyrospermum parkii  butter"", ""aloe barbadensis  leaf extract"", ""pelargonium graveolens  flower oil"", ""pogostemon cablin  leaf oil"", ""citrus aurantium bergamia\u00a0 fruit oil"", ""lavandula angustifolia  flower oil"", ""achillea millefolium  leaf oil"", ""anthemis nobilis\u00a0 flower oil"", ""styrax benzoin  resin extract"", ""coriandrum sativum  seed oil"", ""citrus aurantium\u00a0amara  leaf/twig oil"", ""tocopherol"", ""hydrogenated palm glycerides citrate"", ""dehydroacetic acid"", ""benzyl alcohol"", ""potassium sorbate"", ""citronellol"", ""geraniol"", ""linalool"", ""limonene"", ""benzyl benzoate""]"
p01099,Sea Magik Bath Shower Gel 350ml,Sea Magik,7.35,Body Wash,"[""harmonised water"", ""sodium coceth sulfate"", ""cocamidopropyl betaine"", ""cetyl palmitate"", ""beheneth-10"", ""hydrogenated castor oil"", ""parfum"", ""phenoxyethanol"", ""xanthan gum"", ""sodium chloride"", ""dmdm hydantoin"", ""lauryl pyrrlidone"", ""ci 42090"", ""citric acid"", ""benzoic acid"", ""dehydroacetic acid"", ""mica"", ""titanium dioxide"", ""chamomilla recutita \u00a0flower extract"", ""tilia vulgaris  flower extract"", ""melissa officinalis  leaf extract"", ""aspalathus linearis  leaf extract""]"
p01100,SVR Topialyse All-Over Gentle Wash-Off Cleanser -  50ml,SVR,3.0,Body Wash,"[""water"", ""sodium laureth sulfate"", ""glycerin"", ""disodium laureth sulfosuccinate"", ""cocobetaine"", ""peg-60 hydrogenated castor oil"", ""peg-7 glyceryl cocoate"", ""calcium gluconate"", ""camelina sativa seed oil"", ""gluconolactone"", ""helianthus annuus  seed oil"", ""tocopherol"", ""citric acid"", ""disodium edta"", ""glyceryl oleate"", ""hydrogenated palm glycerides citrate"", ""lactic acid"", ""peg-120 methyl glucose dioleate"", ""polyquaternium-7"", ""sodium chloride"", ""sodium hydroxide"", ""sodium benzoate"", ""coco-glucoside"", ""parfum ""]"
p01101,Rituals The Ritual of Karma Foaming Shower Gel,Rituals,8.5,Body Wash,"[""water"", ""sodium laureth sulfate"", ""cocamidopropyl betaine"", ""isopentane"", ""sorbitol"", ""peg-120 methyl glucose dioleate"", ""isopropyl palmitate"", ""isobutane"", ""parfum/fragrance"", ""sodium benzoate"", ""camelia sinensis leaf  extract"", ""nelumbo nucifera  flower extract"", ""citric acid"", ""peg-40 hydrogenated castor oil"", ""guar hydroxypropyltrimonium chloride"", ""benzyl salicylate"", ""butylphenyl methylpropional"", ""limonene"", ""linalool"", ""hexyl cinnamal"", ""citronellol"", ""alpha-isomethyl ionone"", ""citral"", ""glycerin""]"
p01102,APIVITA Pure Jasmine Mini Shower Gel with Essential Oils 75ml,APIVITA,5.22,Body Wash,"[""water"", ""water"", ""sodium laureth sulfate"", ""glycerin"", ""peg-4 rapeseedamide"", ""decyl glucoside"", ""disodium cocoyl glutamate"", ""cocamidopropyl betaine"", ""parfum"", ""coco-glucoside"", ""glyceryl oleate"", ""polysorbate 20"", ""jasminum officinale  flower extract"", ""aloe barbadensis leaf juice powder"", ""propolis extract"", ""panthenol"", ""citrus aurantium amara  flower oil"", ""arginine"", ""citric acid"", ""sideritis perfoliata flowers/leaves/stems extract"", ""sideritis raeseri flowers/leaves/stems extract"", ""sideritis scardica flowers/leaves/stems extract"", ""pogostemon cablin leaf oil"", ""saponaria officinalis leaf extract"", ""lavandula angustifolia  flower extract"", ""glycereth-2 cocoate"", ""hydroxypropyl guar hydroxypropyltrimonium chloride"", ""glycol distearate"", ""sodium chloride"", ""dehydroacetic acid"", ""sodium gluconate"", ""sodium cocoyl glutamate"", ""lactic acid"", ""acrylates/c10-30 alkyl acrylate crosspolymer"", ""sodium hydroxide"", ""benzyl alcohol"", ""linalool"", ""hexyl cinnamal"", ""hydroxycitronellal"", ""benzyl salicylate"", ""citronellol"", ""eugenol""]"
p01103,Bubble T Ice Tea Shower Gel Mango 200ml,Bubble,3.99,Body Wash,"[""water"", ""sodium laureth sulfate"", ""cocamidopropyl betaine"", ""sodium chloride"", ""parfum"", ""aloe barbadensis leaf extract"", ""phenoxyethanol"", ""caprylhydroxamic acid"", ""citric acid"", ""geraniol"", ""linalool"", ""ci 14700"", ""ci 42090"", ""ci 19140 ""]"
p01104,Caudalie Fleur de Vigne Shower Gel 100ml,Caudalie,4.5,Body Wash,"[""aqua/water/eau"", ""decyl glucoside"", ""sodium cocoyl glutamate"", ""glycerin"", ""parfum"", ""sucrose cocoate"", ""acrylates/c10-30 alkyl acrylate crosspolymer"", ""propylene glycol"", ""sodium glutamate"", ""sodium chloride"", ""caprylyl glycol"", ""potassium sorbate"", ""coconut acid"", ""citric acid"", ""aloe barbadensis leaf juice"", ""butylphenyl methylpropional"", ""citronellol"", ""linalool""]"
p01105,Sanctuary Spa Sleep Drift-Off Bath Soak 500ml,Sanctuary Spa,8.0,Bath Oil,"[""water"", ""sodium laureth sulfate"", ""cocamidopropyl betaine"", ""caprylyl/capryl glucoside"", ""parfum"", ""sodium chloride"", ""phenoxyethanol"", ""styrene/acrylates copolymer"", ""sodium benzoate"", ""citric acid"", ""polyquaternium-10"", ""peg-250 distearate"", ""butyl methoxydibenzoylmethane"", ""trisodium ethylenediamine disuccinate"", ""mel"", ""sodium metabisulfite"", ""lavandula angustifolia  oil"", ""glycine soja  oil"", ""hydrolyzed adansonia digitata extract"", ""carbomer"", ""hexyl cinnamal"", ""linalool"", ""limonene"", ""cinnamyl alcohol"", ""citronellol"", ""butylphenyl methylpropional"", ""coumarin"", ""ci 15985"", ""ci 19140 ""]"
p01106,Neom Perfect Night's Sleep Bath & Shower Oil (10ml),Neom,8.0,Bath Oil,"[""carthamus tinctorius  seed oil"", ""parfum"", ""linalool"", ""limonene"", ""tocopherol"", ""helianthus annuus  seed oil"", ""geraniol"", ""citronellol"", ""coumarin"", ""citral"", ""benzyl benzoate""]"
p01107,Sanctuary Spa Foaming Bath Soak 75ml,Sanctuary Spa,3.0,Bath Oil,"[""water"", ""sodium laureth sulfate"", ""cocamidopropyl betaine"", ""caprylyl/capryl glucoside"", ""parfum"", ""styrene/acrylates copolymer"", ""sodium chloride"", ""phenoxyethanol"", ""acrylates copolymer"", ""sodium benzoate"", ""peg-250 distearate"", ""citric acid"", ""tetrasodium glutamate diacetate"", ""butyl methoxydibenzoylmethane"", ""aloe barbadensis leaf juice"", ""panthenol"", ""sodium hydroxide"", ""hydrolyzed wheat protein"", ""hydrolyzed wheat starch"", ""potassium sorbate"", ""hexyl cinnamal"", ""linalool"", ""limonene"", ""benzyl salicylate"", ""benzyl benzoate"", ""ci 19140"", ""ci 17200 ""]"
p01108,Aromatherapy Associates Relax Deep Relax Bath & Shower Oil (55ml),Aromatherapy Associates,49.0,Bath Oil,"[""cocos nucifera  oil"", ""vetiveria zizanoides  oil"", ""pogostemon cablin  oil"", ""parfum"", ""santalum album  oil"", ""ormensis multicaulis  oil"", ""cinnamomum camphora  oil"", ""anthemis nobilis  oil"", ""benzyl salicylate"", ""benzyl benzoate"", ""geraniol"", ""linalool"", ""farnesol"", ""limonene""]"
p01109,Weleda Citrus Refreshing Bath Milk (200ml),Weleda,14.95,Bath Oil,"[""water"", ""fragrance"", ""potassium olivate"", ""citrus medica limonum  peel oil"", ""limonum"", ""linalool"", ""geraniol"", ""citral""]"
p01110,Burt's Bees Baby Bee Bubble Bath (350ml),Burt's Bees,11.49,Bath Oil,"[""water"", ""decyl glucoside"", ""coco-betaine"", ""lauryl glucoside"", ""sucrose laurate"", ""glycerin"", ""parfum"", ""betaine"", ""sodium cocoyl hydrolyzed soy protein"", ""coco-glucoside"", ""glyceryl oleate"", ""sodium chloride"", ""xanthan gum"", ""glucose"", ""citric acid"", ""glucose oxidase"", ""lactoperoxidase"", ""limonene""]"
p01111,Neal's Yard Remedies Aromatic Foaming Bath 200ml,Neal's Yard Remedies,15.5,Bath Oil,"[""water"", ""lauryl glucoside"", ""cocamidopropyl betaine"", ""sodium chloride"", ""lavandula angustifolia  flower\u00a0extract"", ""pelargonium graveolens flower oil"", ""alcohol denat"", ""lavandula angustifolia  oil"", ""thymus\u00a0mastichina flower oil"", ""linalool"", ""citronellol"", ""geraniol"", ""limonene""]"
p01112,Weleda Lavender Relaxing Bath Milk (200ml),Weleda,14.95,Bath Oil,"[""water"", ""lavandula angustifolia  oil"", ""linalool"", ""potassium olivate"", ""glyceryl oleate"", ""alcohol"", ""glycerin"", ""limonene"", ""geraniol""]"
p01113,Sanctuary Spa Precious Bath Elixir (Rose Radiance),Sanctuary Spa,12.0,Bath Oil,"[""water"", ""sodium laureth sulfate"", ""acrylates copolymer"", ""cocamidopropyl betaine"", ""butylene glycol"", ""phenoxyethanol"", ""synthetic fluorphlogopite"", ""sodium benzoate"", ""sodium chloride"", ""caprylyl glycol"", ""parfum"", ""sodium hydroxide"", ""mica"", ""tetrasodium glutamate diacetate"", ""3-o-ethyl ascorbic acid"", ""tocopheryl acetate"", ""rosa damascena flower water"", ""tin oxide"", ""hexyl cinnamal"", ""linalool"", ""limonene"", ""ci 77891"", ""ci 77491 ""]"
p01114,Neal's Yard Remedies Soothing Bath Oil 100ml,Neal's Yard Remedies,15.0,Bath Oil,"[""glycine soja  oil"", ""helianthus annuus  seed oil"", ""apricot kernel oil polyglyceryl-10 esters"", ""prunus\u00a0amygdalus dulcis  oil"", ""tocopherol"", ""lavandula angustifolia  oil"", ""persea gratissima \u00a0oil"", ""pelargonium graveolens  oil"", ""citrus aurantium bergamia  oil"", ""cymbopogon martini\u00a0 oil"", ""cupressus sempervirens  oil"", ""citral"", ""citronellol"", ""coumarin"", ""farnesol"", ""geraniol"", ""limonene"", ""linalool""]"
p01115,Neal's Yard Remedies Seaweed and Arnica Foaming Bath 200ml,Neal's Yard Remedies,15.5,Bath Oil,"[""water"", ""sodium methyl cocoyl taurate"", ""lauryl betaine"", ""coco-glucoside"", ""alcohol denat"", ""juniperus communis  fruit oil"", ""citrus limonum  peel oil expressed"", ""sodium chloride"", ""propolis extract"", ""arnica montana  extract"", ""pinus sylvestris  leaf oil"", ""lavandula angustifolia  oil"", ""juniperus communis  fruit extract"", ""symphytum officinale  leaf extract"", ""fucus vesiculosus  extract"", ""aloe barbadensis  leaf juice powder"", ""citric acid"", ""citral"", ""coumarin"", ""geraniol"", ""limonene"", ""linalool""]"
p01116,Aromatherapy Associates De-Stress Muscle Bath & Shower Oil (55ml),Aromatherapy Associates,47.0,Bath Oil,"[""cocos nucifera  oil"", ""lavandula angustifolia  oil"", ""rosmarinus officinalis  leaf oil"", ""melaleuca leucadendron cajuputi  oil"", ""parfum"", ""zingiber officinale  root oil"", ""juniperus communis  fruit oil"", ""pinus sylvestris  leaf oil"", ""citral"", ""coumarin"", ""geraniol"", ""linalool"", ""limonene"", ""citronellol""]"
p01117,Weleda Rosemary Invigorating Bath Milk (200ml),Weleda,14.95,Bath Oil,"[""water"", ""rosmarinus officinalis  leaf oil"", ""fragrance"", ""potassium olivate"", ""limonene"", ""linalool""]"
p01118,Molton Brown Jasmine & Sun Rose Bathing Oil 200ml,Molton Brown,40.0,Bath Oil,"[""helianthus annuus  seed oil"", ""c12-13 pareth-3"", ""tridecyl trimellitate"", ""caprylic/capric griglyceride"", ""fragrance/parfum"", ""ricinus communis  seed oil"", ""argania spinosa kernel oil"", ""nigella sativa  seed oil"", ""limonene"", ""linalook"", ""geraniol"", ""hydroxycitronellal"", ""coumarin"", ""citronellol"", ""coral"", ""benzyl benzoate"", ""eugenol"", ""benzyl salicylate"", ""farnesol"", ""benzyl alcohol"", ""isoeugenol"", ""tocopherol""]"
p01119,Aromatherapy Associates Revive Morning Bath & Shower Oil (55ml),Aromatherapy Associates,48.0,Bath Oil,"[""cocos nucifera  oil"", ""rosmarinus officinalis  leaf oil"", ""citrus grandis  peel oil citrus nobilis  oil"", ""citrus aurantium dulcis  peel oil"", ""eucalyptus globulus"", ""leaf oil"", ""melaleuca leucadendron cajuputi  oil"", ""parfum"", ""pinus sylvestris  leaf oil"", ""juniperus communis  fruit oil"", ""pelargonium graveolens  flower oil"", ""mentha piperita  oil"", ""geraniol"", ""linalool"", ""limonene"", ""citronellol"", ""farnesol""]"
p01120,Aromatherapy Associates De-Stress Mind Bath & Shower Oil (55ml),Aromatherapy Associates,48.0,Bath Oil,"[""cocos nucifera  oil"", ""citrus aurantium amara  leaf/twig oil"", ""rosmarinus officinalis  leaf oil"", ""ormenis multicaulis  oil"", ""parfum"", ""boswellia carterii  oil"", ""benzyl benzoate"", ""geraniol"", ""linalool"", ""limonene""]"
p01121,Aromatherapy Associates Support Equilibrium Bath & Shower Oil (55ml),Aromatherapy Associates,48.0,Bath Oil,"[""cocos nucifera  oil"", ""pelargonium graveolens  flower oil"", ""citrus aurantium bergamia"", ""peel oil"", ""parfum"", ""boswellia carterii  oil"", ""citrus aurantium amara"", ""leaf/twig oil"", ""citrus aurantium dulcis  peel oil"", ""rosa centifolia  flower oil"", ""geraniol"", ""linalool"", ""limonene"", ""benzyl benzoate"", ""citronellol""]"
p01122,Molton Brown Orange and Bergamot Radiant Body Oil 100ml,Molton Brown,40.0,Bath Oil,"[""ethylhexyl palmitate"", ""isopropyl palmitate"", ""zea mays oil"", ""fragrance/parfum"", ""limonene"", ""tocopherol"", ""sesamium indicum seed oil"", ""vitis vinfera seed oil"", ""linalool"", ""argania spinose kernel oil"", ""citrus aurantium amara flower oil"", ""hexyl cinnamal hydroycitronellal"", ""amyl cinnamal"", ""eugenol"", ""butylphenyl methylpropional"", ""geraniol"", ""citronellol"", ""citral farnesol"", ""citrus sinensis peel oil""]"
p01123,REN Moroccan Rose Otto Bath Oil,REN,32.0,Bath Oil,"[""sesamum indicum  seed oil"", ""laureth 3"", ""isopropyl palmitate"", ""parfum"", ""rosa damascena flower oil"", ""cymbopogon martini oil"", ""pelargonium graveolens flower oil"", ""geraniol"", ""linalool"", ""citronellol"", ""benzyl benzoate"", ""eugenol"", ""citral"", ""isoeugenol"", ""farnesol"", ""caprylic/capric triglyceride"", ""aloe barbadensis leaf extract"", ""tocopherol""]"
p01124,Aromatherapy Associates Support Breathe Bath & Shower Oil (55ml),Aromatherapy Associates,47.0,Bath Oil,"[""cocos nucifera  oil"", ""eucalyptus globulus  leaf oil"", ""lavandula angustifolia  oil"", ""parfum"", ""pinus sylvestris  leaf oil"", ""mentha piperita  oil"", ""melaleuca alternifolia  leaf oil"", ""geraniol"", ""linalool"", ""limonene"", ""coumarin""]"
p01125,Natio Wellness Shower & Bath Gel (275ml),Natio,8.8,Bath Oil,"[""water"", ""ammonium lauryl sulfate"", ""cocamidopropyl betaine"", ""cocamide dea"", ""guar hydroxypropyltrimonium chloride"", ""fragrance"", ""pomegranate  extract"", ""sweet almond  oil"", ""honey"", ""coconut  oil"", ""potassium sorbate"", ""phenoxyethanol"", ""citric acid"", ""fd&c yellow 6"", ""d&c red 33"", ""fd&c yellow 5"", ""d&c violet 2 ""]"
p01126,ilapothecary Beat the Blues Bath and Shower Oil 150ml,ilapothecary,29.0,Bath Oil,"[""caprylic/capric triglycerides & glycerine & aqua & sucrose laurate"", ""prunus amygdalus dulcis"", ""prunus aermeniaca"", ""kernel oil"", ""oenothera biennis  oil"", ""glycerin"", ""pelargonium graveolens flower  oil"", ""petitgrain bigarde oil"", ""citrus sinensis  oil"", ""salvia sclarea"", ""tuberose absolute oil""]"
p01127,Aromatherapy Associates Revive Evening Bath & Shower Oil 55ml,Aromatherapy Associates,49.0,Bath Oil,"[""cocos nucifera  oil"", ""cananga odorata  flower oil"", ""pelargonium graveolens  flower oil"", ""parfum"", ""pogostemon cablin  oil"", ""benzyl benzoate"", ""benzyl salicylate"", ""geraniol"", ""limonene"", ""linalool""]"
p01128,Aromatherapy Associates Inner Strength Bath & Shower Oil (55ml),Aromatherapy Associates,49.0,Bath Oil,"[""cocos nucifera  oil"", ""pelargonium graveolens  flower oil"", ""rosmarinus officinalis  leaf oil"", ""salvia sclarea  oil"", ""elettaria cardamomum  seed oil"", ""vetiveria zizanoides  root oil"", ""piper nigrum  seed oil"", ""boswellia carterii  oil"", ""pogostemon cablin  oil"", ""rosa damascena  flower oil"", ""citrus aurantium amara  flower oil"", ""parfum"", ""fusanus spicatus  oil"", ""benzyl alcohol"", ""citral"", ""citronellol"", ""geraniol"", ""limonene"", ""linalool""]"
p01129,Molton Brown Orange and Bergamot Radiant Bathing Oil 200ml,Molton Brown,40.0,Bath Oil,"[""helianthus annuus  seed oil"", ""c12-13 pareth-3"", ""tridecyl trimellitate"", ""caprylic/capric triglyceride"", ""parfum/fragrance"", ""limonene"", ""ricinus communis  seed oil"", ""linalool"", ""tocopherol"", ""hexyl cinnamal"", ""amyl cinnamal"", ""argania spinosa kernel oil"", ""citrus aurantium amara  flower oil"", ""hydroxycitronellal"", ""eugenol"", ""butylphenyl methylpropional"", ""citronellol"", ""geraniol"", ""citral"", ""citrus sinensis  peel oil expressed""]"
p01130,Aromatherapy Associates Revive Evening Bath & Shower Oil (55ml),Aromatherapy Associates,49.0,Bath Oil,"[""cocos nucifera  oil"", ""cananga odorata  flower oil"", ""pelargonium graveolens"", ""flower oil"", ""parfum"", ""pogostemon cablin  oil"", ""benzyl salicylate"", ""benzyl benzoate"", ""geraniol"", ""linalool"", ""limonene""]"
p01131,ilapothecary Magnesium and Amethyst Deep Relax Bath Soak 400ml,ilapothecary,50.0,Bath Oil,"[""magnesium chloride"", ""sodium chloride"", ""amethyst"", ""styrax benzoin"", ""andropogon zizanioides  oil"", ""cedrus atlantic bark  oil"", ""nardostachys jatamansi oil"", ""juniperus communis  fruit oil"", ""liquid amber orientalis balsam extract petitgrain bigarde oil"", ""rose damascena flower oil""]"
p01132,Little Butterfly London Floating on Clouds Bedtime Bath Milk 250ml,Little Butterfly London,25.5,Bath Oil,"[""water"", ""aloe barbadensis leaf juice"", ""glyceryl oleate citrate"", ""prunus persica  kernel oil"", ""glycerin"", ""caprylic/capric triglyceride"", ""benzyl alcohol"", ""butyrospermum parkii  butter"", ""xanthan gum"", ""carrageenan"", ""citrus paradisi  peel oil"", ""cucumis sativus  oil"", ""dehydroacetic acid"", ""carica papaya  seed oil"", ""citrus aurantium dulcis  oil"", ""citrus nobilis  oil"", ""persea gratissima  oil"", ""sodium phytate"", ""avena sativa  kernel meal extract"", ""butyris lac  powder"", ""potassium sorbate"", ""sodium benzoate"", ""alcohol"", ""limonene""]"
p01133,Elemis Life Elixirs Embrace Bath and Shower Elixir 100ml,Elemis,55.0,Bath Oil,"[""prunus amygdalus dulcis  oil"", ""tipa-laureth sulfate"", ""laureth-2"", ""fragrance"", ""propylene glycol"", ""boswellia carterii  oil"", ""sorbitan oleate"", ""vetiveria  zizanoides root oil"", ""aqua/water/eau"", ""linalool"", ""papaver orientale  seed oil"", ""amaranthus caudatus seed extract"", ""tocopherol"", ""platonia insignis  seed oil"", ""schinus terebinthifolius  fruit extract"", ""limonene"", ""helianthus annuus  seed oil"", ""benzyl benzoate"", ""hydrogenated vegetable oil"", ""rosmarinus officinalis  leaf extract""]"
p01134,Love Boo Splendidly Soothing Bath Soak (250ml),Love Boo,10.99,Bath Oil,"[""water"", ""sodium lauroyl sarcosinate"", ""sodium cocoamphoacetate"", ""cocamidopropyl betaine"", ""lauryl glucoside"", ""stearyl citrate"", ""glycerin"", ""xanthan gum"", ""pelargonium graveolens  oil"", ""arnica montana extract"", ""anthemis nobilis  flower water"", ""malva sylvestris  extract"", ""nymphaea alba  extract"", ""sodium hydroxymethyl glycinate"", ""citric acid"", ""citronellol"", ""geraniol"", ""linalool""]"
p01135,Elemis Life Elixirs Fortitude Bath and Shower Elixir 100ml,Elemis,55.0,Bath Oil,"[""prunus amygdalus dulcis  oil"", ""tipa-laureth sulfate"", ""laureth-2"", ""fragrance"", ""propylene glycol"", ""pelargonium graveolens  oil"", ""sorbitan oleate"", ""linalool"", ""aqua/water/eau"", ""geraniol"", ""cananga odorata  flower oil"", ""papaver orientale  seed oil"", ""amaranthus caudatus seed extract"", ""tocopherol"", ""platonia insignis  seed oil"", ""citronellol"", ""eugenol"", ""limonene"", ""helianthus annuus  seed oil"", ""benzyl benzoate"", ""hydrogenated vegetable oil"", ""rosmarinus officinalis  leaf extract"", ""cedrus atlantica  bark oil""]"
p01136,Connock London Kukui Oil Soothing Bath & Shower Oil 200ml,Connock London,36.0,Bath Oil,"[""caprylic/capric triglyceride"", ""peg-40 sorbitan peroleate"", ""ppg-15 stearyl ether"", ""parfum"", ""aleurites moluccana  seed oil"", ""macadamia ternifolia  seed oil"", ""calophyllum tacamahaca  seed oil"", ""benzyl benzoate"", ""butylphenyl methylpropional"", ""linalool"", ""tocopherol"", ""hydroxyisohexyl 3-cyclohexene carboxaldehyde"", ""citronellol"", ""limonene"", ""coumarin"", ""eugenol""]"
p01137,Weleda Baby Calendula Cream Bath (200ml),Weleda,13.95,Bath Oil,"[""water"", ""prunis amygdalus dulcis  oil"", ""sesamum indicum  seed oil"", ""alcohol"", ""glycerin"", ""glyceryl oleate"", ""calendula officinalis extract"", ""sodium beeswax"", ""xanthan gum"", ""fragrance"", ""limonene"", ""linalool""]"
